{
  "type": "FeatureCollection",
  "metadata": {
    "description": "SAIM Xplorer Semantic Object Map",
    "frame": "map",
    "generated_by": "semantic_localizer",
    "last_updated": "2026-08-20T09:12:38.960168+00:00",
    "object_count": 380
  },
  "features": [
    {
      "type": "Feature",
      "geometry": {
        "type": "Point",
        "coordinates": [
          6.9462,
          -1.6883
        ]
      },
      "properties": {
        "obj_id": "potted plant_0",
        "class_name": "potted plant",
        "class_id": 58,
        "mobility": "static",
        "confidence": 0.89,
        "observation_count": 6056,
        "best_score": 19.294,
        "first_seen": "2026-03-24T12:52:08.816700+00:00",
        "last_seen": "2026-08-19T14:49:46.866281+00:00",
        "ttl_seconds": -1.0
      }
    },
    {
      "type": "Feature",
      "geometry": {
        "type": "Point",
        "coordinates": [
          4.7306,
          3.6957
        ]
      },
      "properties": {
        "obj_id": "chair_1",
        "class_name": "chair",
        "class_id": 56,
        "mobility": "static",
        "confidence": 0.91,
        "observation_count": 459,
        "best_score": 6.518,
        "first_seen": "2026-03-24T12:55:20.153728+00:00",
        "last_seen": "2026-04-23T12:30:02.150158+00:00",
        "ttl_seconds": -1.0
      }
    },
    {
      "type": "Feature",
      "geometry": {
        "type": "Point",
        "coordinates": [
          3.6793,
          5.1306
        ]
      },
      "properties": {
        "obj_id": "chair_2",
        "class_name": "chair",
        "class_id": 56,
        "mobility": "static",
        "confidence": 0.895,
        "observation_count": 108,
        "best_score": 9.729,
        "first_seen": "2026-03-24T12:55:20.154696+00:00",
        "last_seen": "2026-04-23T12:48:31.934211+00:00",
        "ttl_seconds": -1.0
      }
    },
    {
      "type": "Feature",
      "geometry": {
        "type": "Point",
        "coordinates": [
          7.2117,
          -2.2913
        ]
      },
      "properties": {
        "obj_id": "potted plant_3",
        "class_name": "potted plant",
        "class_id": 58,
        "mobility": "static",
        "confidence": 0.909,
        "observation_count": 21906,
        "best_score": 38.309,
        "first_seen": "2026-03-24T12:55:22.785796+00:00",
        "last_seen": "2026-08-19T12:44:06.580911+00:00",
        "ttl_seconds": -1.0
      }
    },
    {
      "type": "Feature",
      "geometry": {
        "type": "Point",
        "coordinates": [
          6.9042,
          -1.3708
        ]
      },
      "properties": {
        "obj_id": "potted plant_4",
        "class_name": "potted plant",
        "class_id": 58,
        "mobility": "static",
        "confidence": 0.904,
        "observation_count": 4443,
        "best_score": 26.366,
        "first_seen": "2026-03-24T12:58:53.384170+00:00",
        "last_seen": "2026-08-19T12:45:47.652760+00:00",
        "ttl_seconds": -1.0
      }
    },
    {
      "type": "Feature",
      "geometry": {
        "type": "Point",
        "coordinates": [
          6.8642,
          6.6464
        ]
      },
      "properties": {
        "obj_id": "potted plant_6",
        "class_name": "potted plant",
        "class_id": 58,
        "mobility": "static",
        "confidence": 0.93,
        "observation_count": 99000,
        "best_score": 29.991,
        "first_seen": "2026-03-24T13:04:51.933398+00:00",
        "last_seen": "2026-08-19T14:41:21.074713+00:00",
        "ttl_seconds": -1.0
      }
    },
    {
      "type": "Feature",
      "geometry": {
        "type": "Point",
        "coordinates": [
          9.1502,
          4.5659
        ]
      },
      "properties": {
        "obj_id": "chair_7",
        "class_name": "chair",
        "class_id": 56,
        "mobility": "static",
        "confidence": 0.663,
        "observation_count": 57,
        "best_score": 11.576,
        "first_seen": "2026-03-24T13:04:54.592838+00:00",
        "last_seen": "2026-03-30T08:33:11.953248+00:00",
        "ttl_seconds": -1.0
      }
    },
    {
      "type": "Feature",
      "geometry": {
        "type": "Point",
        "coordinates": [
          5.8376,
          5.3758
        ]
      },
      "properties": {
        "obj_id": "potted plant_8",
        "class_name": "potted plant",
        "class_id": 58,
        "mobility": "static",
        "confidence": 0.92,
        "observation_count": 10029,
        "best_score": 19.362,
        "first_seen": "2026-03-24T13:04:56.124935+00:00",
        "last_seen": "2026-08-18T13:01:55.425489+00:00",
        "ttl_seconds": -1.0
      }
    },
    {
      "type": "Feature",
      "geometry": {
        "type": "Point",
        "coordinates": [
          6.5332,
          -1.97
        ]
      },
      "properties": {
        "obj_id": "chair_9",
        "class_name": "chair",
        "class_id": 56,
        "mobility": "static",
        "confidence": 0.794,
        "observation_count": 12,
        "best_score": 4.373,
        "first_seen": "2026-03-24T13:05:01.063054+00:00",
        "last_seen": "2026-04-06T12:50:18.324990+00:00",
        "ttl_seconds": -1.0
      }
    },
    {
      "type": "Feature",
      "geometry": {
        "type": "Point",
        "coordinates": [
          8.104,
          -1.0958
        ]
      },
      "properties": {
        "obj_id": "chair_10",
        "class_name": "chair",
        "class_id": 56,
        "mobility": "static",
        "confidence": 0.749,
        "observation_count": 34,
        "best_score": 10.394,
        "first_seen": "2026-03-24T13:05:01.065434+00:00",
        "last_seen": "2026-04-09T08:17:01.987232+00:00",
        "ttl_seconds": -1.0
      }
    },
    {
      "type": "Feature",
      "geometry": {
        "type": "Point",
        "coordinates": [
          6.2232,
          -2.0386
        ]
      },
      "properties": {
        "obj_id": "potted plant_11",
        "class_name": "potted plant",
        "class_id": 58,
        "mobility": "static",
        "confidence": 0.908,
        "observation_count": 5887,
        "best_score": 40.793,
        "first_seen": "2026-03-24T13:05:01.068845+00:00",
        "last_seen": "2026-08-19T14:28:05.387537+00:00",
        "ttl_seconds": -1.0
      }
    },
    {
      "type": "Feature",
      "geometry": {
        "type": "Point",
        "coordinates": [
          4.6794,
          0.7934
        ]
      },
      "properties": {
        "obj_id": "bench_12",
        "class_name": "bench",
        "class_id": 13,
        "mobility": "static",
        "confidence": 0.711,
        "observation_count": 7,
        "best_score": 10.708,
        "first_seen": "2026-03-24T13:05:03.688780+00:00",
        "last_seen": "2026-03-24T13:06:00.781112+00:00",
        "ttl_seconds": -1.0
      }
    },
    {
      "type": "Feature",
      "geometry": {
        "type": "Point",
        "coordinates": [
          8.2466,
          -0.522
        ]
      },
      "properties": {
        "obj_id": "chair_17",
        "class_name": "chair",
        "class_id": 56,
        "mobility": "static",
        "confidence": 0.576,
        "observation_count": 16,
        "best_score": 2.38,
        "first_seen": "2026-03-24T13:05:59.387202+00:00",
        "last_seen": "2026-04-09T08:18:01.557997+00:00",
        "ttl_seconds": -1.0
      }
    },
    {
      "type": "Feature",
      "geometry": {
        "type": "Point",
        "coordinates": [
          4.5677,
          1.2018
        ]
      },
      "properties": {
        "obj_id": "chair_18",
        "class_name": "chair",
        "class_id": 56,
        "mobility": "static",
        "confidence": 0.502,
        "observation_count": 1,
        "best_score": 5.78,
        "first_seen": "2026-03-24T13:05:59.388396+00:00",
        "last_seen": "2026-03-24T13:05:59.388396+00:00",
        "ttl_seconds": -1.0
      }
    },
    {
      "type": "Feature",
      "geometry": {
        "type": "Point",
        "coordinates": [
          9.1313,
          3.5693
        ]
      },
      "properties": {
        "obj_id": "chair_21",
        "class_name": "chair",
        "class_id": 56,
        "mobility": "static",
        "confidence": 0.9,
        "observation_count": 366,
        "best_score": 4.616,
        "first_seen": "2026-03-24T13:06:02.292770+00:00",
        "last_seen": "2026-04-15T11:24:32.619369+00:00",
        "ttl_seconds": -1.0
      }
    },
    {
      "type": "Feature",
      "geometry": {
        "type": "Point",
        "coordinates": [
          5.2404,
          5.4175
        ]
      },
      "properties": {
        "obj_id": "chair_22",
        "class_name": "chair",
        "class_id": 56,
        "mobility": "static",
        "confidence": 0.909,
        "observation_count": 319,
        "best_score": 7.665,
        "first_seen": "2026-03-24T13:06:08.164214+00:00",
        "last_seen": "2026-04-24T14:31:19.978454+00:00",
        "ttl_seconds": -1.0
      }
    },
    {
      "type": "Feature",
      "geometry": {
        "type": "Point",
        "coordinates": [
          3.741,
          5.7727
        ]
      },
      "properties": {
        "obj_id": "chair_23",
        "class_name": "chair",
        "class_id": 56,
        "mobility": "static",
        "confidence": 0.9,
        "observation_count": 1299,
        "best_score": 8.718,
        "first_seen": "2026-03-24T13:06:09.315540+00:00",
        "last_seen": "2026-04-23T12:35:06.449821+00:00",
        "ttl_seconds": -1.0
      }
    },
    {
      "type": "Feature",
      "geometry": {
        "type": "Point",
        "coordinates": [
          5.481,
          4.4659
        ]
      },
      "properties": {
        "obj_id": "potted plant_24",
        "class_name": "potted plant",
        "class_id": 58,
        "mobility": "static",
        "confidence": 0.868,
        "observation_count": 157,
        "best_score": 10.48,
        "first_seen": "2026-03-24T13:06:16.284625+00:00",
        "last_seen": "2026-08-18T13:02:02.057104+00:00",
        "ttl_seconds": -1.0
      }
    },
    {
      "type": "Feature",
      "geometry": {
        "type": "Point",
        "coordinates": [
          6.3995,
          -1.8283
        ]
      },
      "properties": {
        "obj_id": "potted plant_25",
        "class_name": "potted plant",
        "class_id": 58,
        "mobility": "static",
        "confidence": 0.771,
        "observation_count": 2460,
        "best_score": 6.089,
        "first_seen": "2026-03-24T13:30:59.754495+00:00",
        "last_seen": "2026-08-19T14:47:03.250490+00:00",
        "ttl_seconds": -1.0
      }
    },
    {
      "type": "Feature",
      "geometry": {
        "type": "Point",
        "coordinates": [
          6.1512,
          0.2595
        ]
      },
      "properties": {
        "obj_id": "potted plant_26",
        "class_name": "potted plant",
        "class_id": 58,
        "mobility": "static",
        "confidence": 0.69,
        "observation_count": 6,
        "best_score": 1.287,
        "first_seen": "2026-03-24T13:31:00.165469+00:00",
        "last_seen": "2026-03-24T13:31:00.166546+00:00",
        "ttl_seconds": -1.0
      }
    },
    {
      "type": "Feature",
      "geometry": {
        "type": "Point",
        "coordinates": [
          5.5765,
          1.555
        ]
      },
      "properties": {
        "obj_id": "potted plant_27",
        "class_name": "potted plant",
        "class_id": 58,
        "mobility": "static",
        "confidence": 0.857,
        "observation_count": 57,
        "best_score": 22.458,
        "first_seen": "2026-03-24T13:31:00.565078+00:00",
        "last_seen": "2026-08-18T12:59:56.164039+00:00",
        "ttl_seconds": -1.0
      }
    },
    {
      "type": "Feature",
      "geometry": {
        "type": "Point",
        "coordinates": [
          -0.1701,
          2.6888
        ]
      },
      "properties": {
        "obj_id": "chair_29",
        "class_name": "chair",
        "class_id": 56,
        "mobility": "static",
        "confidence": 0.718,
        "observation_count": 81,
        "best_score": 7.446,
        "first_seen": "2026-03-24T13:31:02.582656+00:00",
        "last_seen": "2026-04-09T07:47:52.814929+00:00",
        "ttl_seconds": -1.0
      }
    },
    {
      "type": "Feature",
      "geometry": {
        "type": "Point",
        "coordinates": [
          1.7226,
          -1.8463
        ]
      },
      "properties": {
        "obj_id": "chair_30",
        "class_name": "chair",
        "class_id": 56,
        "mobility": "static",
        "confidence": 0.806,
        "observation_count": 139,
        "best_score": 13.054,
        "first_seen": "2026-03-24T13:31:33.344270+00:00",
        "last_seen": "2026-04-09T08:21:18.088718+00:00",
        "ttl_seconds": -1.0
      }
    },
    {
      "type": "Feature",
      "geometry": {
        "type": "Point",
        "coordinates": [
          1.0122,
          -1.9103
        ]
      },
      "properties": {
        "obj_id": "chair_31",
        "class_name": "chair",
        "class_id": 56,
        "mobility": "static",
        "confidence": 0.725,
        "observation_count": 64,
        "best_score": 12.007,
        "first_seen": "2026-03-24T13:31:33.345503+00:00",
        "last_seen": "2026-04-09T07:30:58.510583+00:00",
        "ttl_seconds": -1.0
      }
    },
    {
      "type": "Feature",
      "geometry": {
        "type": "Point",
        "coordinates": [
          5.4648,
          4.3754
        ]
      },
      "properties": {
        "obj_id": "chair_32",
        "class_name": "chair",
        "class_id": 56,
        "mobility": "static",
        "confidence": 0.888,
        "observation_count": 179,
        "best_score": 9.568,
        "first_seen": "2026-03-24T13:33:05.491943+00:00",
        "last_seen": "2026-04-21T08:36:42.490602+00:00",
        "ttl_seconds": -1.0
      }
    },
    {
      "type": "Feature",
      "geometry": {
        "type": "Point",
        "coordinates": [
          3.503,
          4.3344
        ]
      },
      "properties": {
        "obj_id": "chair_33",
        "class_name": "chair",
        "class_id": 56,
        "mobility": "static",
        "confidence": 0.667,
        "observation_count": 33,
        "best_score": 20.294,
        "first_seen": "2026-03-24T13:33:18.497034+00:00",
        "last_seen": "2026-04-09T07:29:40.229194+00:00",
        "ttl_seconds": -1.0
      }
    },
    {
      "type": "Feature",
      "geometry": {
        "type": "Point",
        "coordinates": [
          4.6741,
          4.7368
        ]
      },
      "properties": {
        "obj_id": "chair_34",
        "class_name": "chair",
        "class_id": 56,
        "mobility": "static",
        "confidence": 0.698,
        "observation_count": 34,
        "best_score": 4.7,
        "first_seen": "2026-03-24T13:33:18.498118+00:00",
        "last_seen": "2026-04-24T14:31:19.479195+00:00",
        "ttl_seconds": -1.0
      }
    },
    {
      "type": "Feature",
      "geometry": {
        "type": "Point",
        "coordinates": [
          5.9235,
          5.8029
        ]
      },
      "properties": {
        "obj_id": "chair_35",
        "class_name": "chair",
        "class_id": 56,
        "mobility": "static",
        "confidence": 0.917,
        "observation_count": 2335,
        "best_score": 19.303,
        "first_seen": "2026-03-24T13:33:43.405816+00:00",
        "last_seen": "2026-04-27T09:36:47.951771+00:00",
        "ttl_seconds": -1.0
      }
    },
    {
      "type": "Feature",
      "geometry": {
        "type": "Point",
        "coordinates": [
          8.2009,
          6.8896
        ]
      },
      "properties": {
        "obj_id": "chair_36",
        "class_name": "chair",
        "class_id": 56,
        "mobility": "static",
        "confidence": 0.619,
        "observation_count": 10,
        "best_score": 5.181,
        "first_seen": "2026-03-24T13:33:50.824442+00:00",
        "last_seen": "2026-04-09T08:21:58.002035+00:00",
        "ttl_seconds": -1.0
      }
    },
    {
      "type": "Feature",
      "geometry": {
        "type": "Point",
        "coordinates": [
          7.1352,
          5.8639
        ]
      },
      "properties": {
        "obj_id": "chair_37",
        "class_name": "chair",
        "class_id": 56,
        "mobility": "static",
        "confidence": 0.756,
        "observation_count": 73,
        "best_score": 4.003,
        "first_seen": "2026-03-24T13:33:50.825599+00:00",
        "last_seen": "2026-04-21T08:19:27.107866+00:00",
        "ttl_seconds": -1.0
      }
    },
    {
      "type": "Feature",
      "geometry": {
        "type": "Point",
        "coordinates": [
          3.9369,
          -1.5609
        ]
      },
      "properties": {
        "obj_id": "bench_38",
        "class_name": "bench",
        "class_id": 13,
        "mobility": "static",
        "confidence": 0.778,
        "observation_count": 3516,
        "best_score": 71.73,
        "first_seen": "2026-03-24T13:34:14.116277+00:00",
        "last_seen": "2026-08-20T09:12:18.950396+00:00",
        "ttl_seconds": -1.0
      }
    },
    {
      "type": "Feature",
      "geometry": {
        "type": "Point",
        "coordinates": [
          6.1418,
          1.032
        ]
      },
      "properties": {
        "obj_id": "bench_40",
        "class_name": "bench",
        "class_id": 13,
        "mobility": "static",
        "confidence": 0.684,
        "observation_count": 16,
        "best_score": 6.423,
        "first_seen": "2026-03-24T13:34:14.487908+00:00",
        "last_seen": "2026-03-24T13:34:21.306305+00:00",
        "ttl_seconds": -1.0
      }
    },
    {
      "type": "Feature",
      "geometry": {
        "type": "Point",
        "coordinates": [
          6.514,
          1.0395
        ]
      },
      "properties": {
        "obj_id": "potted plant_42",
        "class_name": "potted plant",
        "class_id": 58,
        "mobility": "static",
        "confidence": 0.687,
        "observation_count": 29,
        "best_score": 2.173,
        "first_seen": "2026-03-24T13:34:19.779600+00:00",
        "last_seen": "2026-03-24T13:34:21.306274+00:00",
        "ttl_seconds": -1.0
      }
    },
    {
      "type": "Feature",
      "geometry": {
        "type": "Point",
        "coordinates": [
          4.284,
          -1.2725
        ]
      },
      "properties": {
        "obj_id": "chair_43",
        "class_name": "chair",
        "class_id": 56,
        "mobility": "static",
        "confidence": 0.777,
        "observation_count": 139,
        "best_score": 6.131,
        "first_seen": "2026-03-24T13:34:20.164280+00:00",
        "last_seen": "2026-04-06T09:47:36.000548+00:00",
        "ttl_seconds": -1.0
      }
    },
    {
      "type": "Feature",
      "geometry": {
        "type": "Point",
        "coordinates": [
          5.9417,
          0.9486
        ]
      },
      "properties": {
        "obj_id": "microwave_46",
        "class_name": "microwave",
        "class_id": 68,
        "mobility": "static",
        "confidence": 0.505,
        "observation_count": 1,
        "best_score": 2.108,
        "first_seen": "2026-03-24T13:35:45.755058+00:00",
        "last_seen": "2026-03-24T13:35:45.755058+00:00",
        "ttl_seconds": -1.0
      }
    },
    {
      "type": "Feature",
      "geometry": {
        "type": "Point",
        "coordinates": [
          6.6878,
          -1.9995
        ]
      },
      "properties": {
        "obj_id": "potted plant_48",
        "class_name": "potted plant",
        "class_id": 58,
        "mobility": "static",
        "confidence": 0.902,
        "observation_count": 29206,
        "best_score": 19.91,
        "first_seen": "2026-03-24T13:37:18.444798+00:00",
        "last_seen": "2026-08-19T14:46:17.786474+00:00",
        "ttl_seconds": -1.0
      }
    },
    {
      "type": "Feature",
      "geometry": {
        "type": "Point",
        "coordinates": [
          5.8969,
          3.435
        ]
      },
      "properties": {
        "obj_id": "chair_50",
        "class_name": "chair",
        "class_id": 56,
        "mobility": "static",
        "confidence": 0.827,
        "observation_count": 117,
        "best_score": 6.858,
        "first_seen": "2026-03-24T13:37:59.921662+00:00",
        "last_seen": "2026-04-20T11:12:22.432444+00:00",
        "ttl_seconds": -1.0
      }
    },
    {
      "type": "Feature",
      "geometry": {
        "type": "Point",
        "coordinates": [
          8.0822,
          5.4458
        ]
      },
      "properties": {
        "obj_id": "chair_51",
        "class_name": "chair",
        "class_id": 56,
        "mobility": "static",
        "confidence": 0.841,
        "observation_count": 46,
        "best_score": 3.402,
        "first_seen": "2026-03-24T13:37:59.923527+00:00",
        "last_seen": "2026-03-27T11:57:46.963657+00:00",
        "ttl_seconds": -1.0
      }
    },
    {
      "type": "Feature",
      "geometry": {
        "type": "Point",
        "coordinates": [
          7.8844,
          6.4749
        ]
      },
      "properties": {
        "obj_id": "potted plant_52",
        "class_name": "potted plant",
        "class_id": 58,
        "mobility": "static",
        "confidence": 0.918,
        "observation_count": 6924,
        "best_score": 20.097,
        "first_seen": "2026-03-24T13:37:59.925132+00:00",
        "last_seen": "2026-08-19T14:27:16.498021+00:00",
        "ttl_seconds": -1.0
      }
    },
    {
      "type": "Feature",
      "geometry": {
        "type": "Point",
        "coordinates": [
          -0.2624,
          1.0926
        ]
      },
      "properties": {
        "obj_id": "chair_53",
        "class_name": "chair",
        "class_id": 56,
        "mobility": "static",
        "confidence": 0.742,
        "observation_count": 28,
        "best_score": 8.261,
        "first_seen": "2026-03-24T13:38:13.977297+00:00",
        "last_seen": "2026-04-23T14:22:01.081517+00:00",
        "ttl_seconds": -1.0
      }
    },
    {
      "type": "Feature",
      "geometry": {
        "type": "Point",
        "coordinates": [
          0.0169,
          0.3497
        ]
      },
      "properties": {
        "obj_id": "chair_54",
        "class_name": "chair",
        "class_id": 56,
        "mobility": "static",
        "confidence": 0.63,
        "observation_count": 19,
        "best_score": 4.975,
        "first_seen": "2026-03-24T13:38:14.664726+00:00",
        "last_seen": "2026-04-06T07:20:48.958899+00:00",
        "ttl_seconds": -1.0
      }
    },
    {
      "type": "Feature",
      "geometry": {
        "type": "Point",
        "coordinates": [
          2.9497,
          6.8357
        ]
      },
      "properties": {
        "obj_id": "chair_55",
        "class_name": "chair",
        "class_id": 56,
        "mobility": "static",
        "confidence": 0.909,
        "observation_count": 34,
        "best_score": 7.828,
        "first_seen": "2026-03-24T13:38:30.619682+00:00",
        "last_seen": "2026-04-09T08:20:05.170385+00:00",
        "ttl_seconds": -1.0
      }
    },
    {
      "type": "Feature",
      "geometry": {
        "type": "Point",
        "coordinates": [
          4.1901,
          -1.3785
        ]
      },
      "properties": {
        "obj_id": "bench_56",
        "class_name": "bench",
        "class_id": 13,
        "mobility": "static",
        "confidence": 0.851,
        "observation_count": 2997,
        "best_score": 83.468,
        "first_seen": "2026-03-24T15:19:33.864770+00:00",
        "last_seen": "2026-08-20T09:12:18.199616+00:00",
        "ttl_seconds": -1.0
      }
    },
    {
      "type": "Feature",
      "geometry": {
        "type": "Point",
        "coordinates": [
          4.0057,
          -1.029
        ]
      },
      "properties": {
        "obj_id": "potted plant_57",
        "class_name": "potted plant",
        "class_id": 58,
        "mobility": "static",
        "confidence": 0.669,
        "observation_count": 27,
        "best_score": 2.155,
        "first_seen": "2026-03-24T15:23:13.108855+00:00",
        "last_seen": "2026-08-18T14:45:24.955289+00:00",
        "ttl_seconds": -1.0
      }
    },
    {
      "type": "Feature",
      "geometry": {
        "type": "Point",
        "coordinates": [
          9.2055,
          1.0707
        ]
      },
      "properties": {
        "obj_id": "chair_58",
        "class_name": "chair",
        "class_id": 56,
        "mobility": "static",
        "confidence": 0.761,
        "observation_count": 24,
        "best_score": 2.296,
        "first_seen": "2026-03-24T15:29:15.174785+00:00",
        "last_seen": "2026-03-26T14:16:31.251654+00:00",
        "ttl_seconds": -1.0
      }
    },
    {
      "type": "Feature",
      "geometry": {
        "type": "Point",
        "coordinates": [
          2.6565,
          -1.933
        ]
      },
      "properties": {
        "obj_id": "chair_59",
        "class_name": "chair",
        "class_id": 56,
        "mobility": "static",
        "confidence": 0.801,
        "observation_count": 151,
        "best_score": 12.414,
        "first_seen": "2026-03-25T12:23:11.237456+00:00",
        "last_seen": "2026-04-09T08:13:58.988124+00:00",
        "ttl_seconds": -1.0
      }
    },
    {
      "type": "Feature",
      "geometry": {
        "type": "Point",
        "coordinates": [
          2.1079,
          -1.9063
        ]
      },
      "properties": {
        "obj_id": "chair_60",
        "class_name": "chair",
        "class_id": 56,
        "mobility": "static",
        "confidence": 0.759,
        "observation_count": 30,
        "best_score": 9.992,
        "first_seen": "2026-03-25T12:23:18.154724+00:00",
        "last_seen": "2026-04-09T08:13:52.686057+00:00",
        "ttl_seconds": -1.0
      }
    },
    {
      "type": "Feature",
      "geometry": {
        "type": "Point",
        "coordinates": [
          2.9739,
          -1.0652
        ]
      },
      "properties": {
        "obj_id": "chair_61",
        "class_name": "chair",
        "class_id": 56,
        "mobility": "static",
        "confidence": 0.723,
        "observation_count": 195,
        "best_score": 12.872,
        "first_seen": "2026-03-25T12:23:18.156043+00:00",
        "last_seen": "2026-03-25T13:02:08.611381+00:00",
        "ttl_seconds": -1.0
      }
    },
    {
      "type": "Feature",
      "geometry": {
        "type": "Point",
        "coordinates": [
          4.282,
          3.1951
        ]
      },
      "properties": {
        "obj_id": "chair_62",
        "class_name": "chair",
        "class_id": 56,
        "mobility": "static",
        "confidence": 0.733,
        "observation_count": 71,
        "best_score": 6.597,
        "first_seen": "2026-03-25T12:25:05.110071+00:00",
        "last_seen": "2026-04-09T07:29:39.808547+00:00",
        "ttl_seconds": -1.0
      }
    },
    {
      "type": "Feature",
      "geometry": {
        "type": "Point",
        "coordinates": [
          4.5408,
          4.0014
        ]
      },
      "properties": {
        "obj_id": "chair_63",
        "class_name": "chair",
        "class_id": 56,
        "mobility": "static",
        "confidence": 0.732,
        "observation_count": 75,
        "best_score": 10.951,
        "first_seen": "2026-03-25T12:25:05.113150+00:00",
        "last_seen": "2026-04-09T08:21:24.771137+00:00",
        "ttl_seconds": -1.0
      }
    },
    {
      "type": "Feature",
      "geometry": {
        "type": "Point",
        "coordinates": [
          9.0697,
          2.9476
        ]
      },
      "properties": {
        "obj_id": "chair_64",
        "class_name": "chair",
        "class_id": 56,
        "mobility": "static",
        "confidence": 0.634,
        "observation_count": 25,
        "best_score": 4.166,
        "first_seen": "2026-03-25T12:25:05.114927+00:00",
        "last_seen": "2026-04-09T08:18:43.297398+00:00",
        "ttl_seconds": -1.0
      }
    },
    {
      "type": "Feature",
      "geometry": {
        "type": "Point",
        "coordinates": [
          3.7857,
          3.7123
        ]
      },
      "properties": {
        "obj_id": "chair_65",
        "class_name": "chair",
        "class_id": 56,
        "mobility": "static",
        "confidence": 0.727,
        "observation_count": 32,
        "best_score": 3.669,
        "first_seen": "2026-03-25T12:25:05.527361+00:00",
        "last_seen": "2026-04-07T07:48:22.630042+00:00",
        "ttl_seconds": -1.0
      }
    },
    {
      "type": "Feature",
      "geometry": {
        "type": "Point",
        "coordinates": [
          8.9755,
          6.6369
        ]
      },
      "properties": {
        "obj_id": "chair_69",
        "class_name": "chair",
        "class_id": 56,
        "mobility": "static",
        "confidence": 0.645,
        "observation_count": 14,
        "best_score": 10.015,
        "first_seen": "2026-03-25T12:25:56.716277+00:00",
        "last_seen": "2026-03-26T14:25:16.520674+00:00",
        "ttl_seconds": -1.0
      }
    },
    {
      "type": "Feature",
      "geometry": {
        "type": "Point",
        "coordinates": [
          6.1896,
          5.9456
        ]
      },
      "properties": {
        "obj_id": "bench_70",
        "class_name": "bench",
        "class_id": 13,
        "mobility": "static",
        "confidence": 0.787,
        "observation_count": 89,
        "best_score": 50.06,
        "first_seen": "2026-03-25T12:26:06.032016+00:00",
        "last_seen": "2026-04-20T11:20:09.759850+00:00",
        "ttl_seconds": -1.0
      }
    },
    {
      "type": "Feature",
      "geometry": {
        "type": "Point",
        "coordinates": [
          8.6488,
          -1.6616
        ]
      },
      "properties": {
        "obj_id": "potted plant_71",
        "class_name": "potted plant",
        "class_id": 58,
        "mobility": "static",
        "confidence": 0.736,
        "observation_count": 77,
        "best_score": 9.073,
        "first_seen": "2026-03-25T12:27:01.825705+00:00",
        "last_seen": "2026-08-19T12:45:53.410647+00:00",
        "ttl_seconds": -1.0
      }
    },
    {
      "type": "Feature",
      "geometry": {
        "type": "Point",
        "coordinates": [
          2.5559,
          -0.9546
        ]
      },
      "properties": {
        "obj_id": "bench_72",
        "class_name": "bench",
        "class_id": 13,
        "mobility": "static",
        "confidence": 0.719,
        "observation_count": 4,
        "best_score": 2.023,
        "first_seen": "2026-03-25T12:27:18.728278+00:00",
        "last_seen": "2026-03-25T12:27:18.729642+00:00",
        "ttl_seconds": -1.0
      }
    },
    {
      "type": "Feature",
      "geometry": {
        "type": "Point",
        "coordinates": [
          2.8953,
          -1.7026
        ]
      },
      "properties": {
        "obj_id": "bench_73",
        "class_name": "bench",
        "class_id": 13,
        "mobility": "static",
        "confidence": 0.784,
        "observation_count": 66,
        "best_score": 2.411,
        "first_seen": "2026-03-25T12:27:25.870024+00:00",
        "last_seen": "2026-04-23T14:17:59.088045+00:00",
        "ttl_seconds": -1.0
      }
    },
    {
      "type": "Feature",
      "geometry": {
        "type": "Point",
        "coordinates": [
          6.1392,
          4.6629
        ]
      },
      "properties": {
        "obj_id": "chair_75",
        "class_name": "chair",
        "class_id": 56,
        "mobility": "static",
        "confidence": 0.895,
        "observation_count": 944,
        "best_score": 6.82,
        "first_seen": "2026-03-25T12:27:52.683483+00:00",
        "last_seen": "2026-04-27T09:26:08.687555+00:00",
        "ttl_seconds": -1.0
      }
    },
    {
      "type": "Feature",
      "geometry": {
        "type": "Point",
        "coordinates": [
          7.0802,
          6.7713
        ]
      },
      "properties": {
        "obj_id": "chair_76",
        "class_name": "chair",
        "class_id": 56,
        "mobility": "static",
        "confidence": 0.836,
        "observation_count": 237,
        "best_score": 9.427,
        "first_seen": "2026-03-25T12:27:54.943930+00:00",
        "last_seen": "2026-08-18T13:53:54.809779+00:00",
        "ttl_seconds": -1.0
      }
    },
    {
      "type": "Feature",
      "geometry": {
        "type": "Point",
        "coordinates": [
          6.8001,
          6.0317
        ]
      },
      "properties": {
        "obj_id": "dining table_77",
        "class_name": "dining table",
        "class_id": 60,
        "mobility": "static",
        "confidence": 0.685,
        "observation_count": 26,
        "best_score": 21.156,
        "first_seen": "2026-03-25T12:27:54.945280+00:00",
        "last_seen": "2026-04-27T09:26:12.836490+00:00",
        "ttl_seconds": -1.0
      }
    },
    {
      "type": "Feature",
      "geometry": {
        "type": "Point",
        "coordinates": [
          7.8361,
          6.7028
        ]
      },
      "properties": {
        "obj_id": "chair_78",
        "class_name": "chair",
        "class_id": 56,
        "mobility": "static",
        "confidence": 0.79,
        "observation_count": 111,
        "best_score": 2.06,
        "first_seen": "2026-03-25T12:28:02.604680+00:00",
        "last_seen": "2026-04-07T07:46:58.101469+00:00",
        "ttl_seconds": -1.0
      }
    },
    {
      "type": "Feature",
      "geometry": {
        "type": "Point",
        "coordinates": [
          6.0922,
          5.8375
        ]
      },
      "properties": {
        "obj_id": "chair_79",
        "class_name": "chair",
        "class_id": 56,
        "mobility": "static",
        "confidence": 0.909,
        "observation_count": 1678,
        "best_score": 17.831,
        "first_seen": "2026-03-25T12:28:14.637867+00:00",
        "last_seen": "2026-04-27T09:32:08.441118+00:00",
        "ttl_seconds": -1.0
      }
    },
    {
      "type": "Feature",
      "geometry": {
        "type": "Point",
        "coordinates": [
          9.0998,
          5.4427
        ]
      },
      "properties": {
        "obj_id": "potted plant_80",
        "class_name": "potted plant",
        "class_id": 58,
        "mobility": "static",
        "confidence": 0.91,
        "observation_count": 76,
        "best_score": 18.442,
        "first_seen": "2026-03-25T12:28:23.054204+00:00",
        "last_seen": "2026-04-17T12:47:06.144548+00:00",
        "ttl_seconds": -1.0
      }
    },
    {
      "type": "Feature",
      "geometry": {
        "type": "Point",
        "coordinates": [
          9.158,
          5.4032
        ]
      },
      "properties": {
        "obj_id": "dining table_81",
        "class_name": "dining table",
        "class_id": 60,
        "mobility": "static",
        "confidence": 0.518,
        "observation_count": 2,
        "best_score": 25.515,
        "first_seen": "2026-03-25T12:28:23.055437+00:00",
        "last_seen": "2026-03-25T12:28:23.056338+00:00",
        "ttl_seconds": -1.0
      }
    },
    {
      "type": "Feature",
      "geometry": {
        "type": "Point",
        "coordinates": [
          7.8698,
          6.8927
        ]
      },
      "properties": {
        "obj_id": "dining table_82",
        "class_name": "dining table",
        "class_id": 60,
        "mobility": "static",
        "confidence": 0.667,
        "observation_count": 17,
        "best_score": 27.288,
        "first_seen": "2026-03-25T12:28:32.729262+00:00",
        "last_seen": "2026-08-18T14:24:59.529716+00:00",
        "ttl_seconds": -1.0
      }
    },
    {
      "type": "Feature",
      "geometry": {
        "type": "Point",
        "coordinates": [
          5.1599,
          5.4955
        ]
      },
      "properties": {
        "obj_id": "refrigerator_83",
        "class_name": "refrigerator",
        "class_id": 72,
        "mobility": "static",
        "confidence": 0.736,
        "observation_count": 31,
        "best_score": 4.979,
        "first_seen": "2026-03-25T12:28:35.384945+00:00",
        "last_seen": "2026-03-25T12:28:37.328985+00:00",
        "ttl_seconds": -1.0
      }
    },
    {
      "type": "Feature",
      "geometry": {
        "type": "Point",
        "coordinates": [
          6.5901,
          5.8248
        ]
      },
      "properties": {
        "obj_id": "chair_84",
        "class_name": "chair",
        "class_id": 56,
        "mobility": "static",
        "confidence": 0.867,
        "observation_count": 1201,
        "best_score": 20.523,
        "first_seen": "2026-03-25T12:28:36.190792+00:00",
        "last_seen": "2026-04-27T09:58:21.403038+00:00",
        "ttl_seconds": -1.0
      }
    },
    {
      "type": "Feature",
      "geometry": {
        "type": "Point",
        "coordinates": [
          5.1334,
          5.07
        ]
      },
      "properties": {
        "obj_id": "chair_85",
        "class_name": "chair",
        "class_id": 56,
        "mobility": "static",
        "confidence": 0.855,
        "observation_count": 975,
        "best_score": 13.553,
        "first_seen": "2026-03-25T12:28:36.192692+00:00",
        "last_seen": "2026-04-23T12:42:18.156369+00:00",
        "ttl_seconds": -1.0
      }
    },
    {
      "type": "Feature",
      "geometry": {
        "type": "Point",
        "coordinates": [
          -0.2001,
          -0.3448
        ]
      },
      "properties": {
        "obj_id": "chair_86",
        "class_name": "chair",
        "class_id": 56,
        "mobility": "static",
        "confidence": 0.536,
        "observation_count": 4,
        "best_score": 3.61,
        "first_seen": "2026-03-25T12:30:05.670715+00:00",
        "last_seen": "2026-03-27T14:15:40.089976+00:00",
        "ttl_seconds": -1.0
      }
    },
    {
      "type": "Feature",
      "geometry": {
        "type": "Point",
        "coordinates": [
          5.8585,
          -1.8793
        ]
      },
      "properties": {
        "obj_id": "potted plant_87",
        "class_name": "potted plant",
        "class_id": 58,
        "mobility": "static",
        "confidence": 0.66,
        "observation_count": 2009,
        "best_score": 1.76,
        "first_seen": "2026-03-25T12:30:43.058858+00:00",
        "last_seen": "2026-08-19T14:49:26.021638+00:00",
        "ttl_seconds": -1.0
      }
    },
    {
      "type": "Feature",
      "geometry": {
        "type": "Point",
        "coordinates": [
          8.8423,
          0.6851
        ]
      },
      "properties": {
        "obj_id": "chair_88",
        "class_name": "chair",
        "class_id": 56,
        "mobility": "static",
        "confidence": 0.584,
        "observation_count": 49,
        "best_score": 2.73,
        "first_seen": "2026-03-25T12:31:11.015217+00:00",
        "last_seen": "2026-03-30T09:05:44.637755+00:00",
        "ttl_seconds": -1.0
      }
    },
    {
      "type": "Feature",
      "geometry": {
        "type": "Point",
        "coordinates": [
          3.6156,
          -1.1077
        ]
      },
      "properties": {
        "obj_id": "chair_89",
        "class_name": "chair",
        "class_id": 56,
        "mobility": "static",
        "confidence": 0.695,
        "observation_count": 66,
        "best_score": 6.133,
        "first_seen": "2026-03-25T12:31:15.525715+00:00",
        "last_seen": "2026-03-25T12:39:05.118987+00:00",
        "ttl_seconds": -1.0
      }
    },
    {
      "type": "Feature",
      "geometry": {
        "type": "Point",
        "coordinates": [
          4.8235,
          -0.9239
        ]
      },
      "properties": {
        "obj_id": "chair_90",
        "class_name": "chair",
        "class_id": 56,
        "mobility": "static",
        "confidence": 0.561,
        "observation_count": 4,
        "best_score": 3.44,
        "first_seen": "2026-03-25T12:39:05.478045+00:00",
        "last_seen": "2026-03-25T12:39:05.480031+00:00",
        "ttl_seconds": -1.0
      }
    },
    {
      "type": "Feature",
      "geometry": {
        "type": "Point",
        "coordinates": [
          2.6599,
          -1.144
        ]
      },
      "properties": {
        "obj_id": "chair_93",
        "class_name": "chair",
        "class_id": 56,
        "mobility": "static",
        "confidence": 0.736,
        "observation_count": 14,
        "best_score": 11.341,
        "first_seen": "2026-03-25T13:02:09.000963+00:00",
        "last_seen": "2026-03-25T13:02:09.354309+00:00",
        "ttl_seconds": -1.0
      }
    },
    {
      "type": "Feature",
      "geometry": {
        "type": "Point",
        "coordinates": [
          8.0256,
          -1.5628
        ]
      },
      "properties": {
        "obj_id": "chair_94",
        "class_name": "chair",
        "class_id": 56,
        "mobility": "static",
        "confidence": 0.63,
        "observation_count": 32,
        "best_score": 8.66,
        "first_seen": "2026-03-25T13:02:09.354348+00:00",
        "last_seen": "2026-04-07T11:26:11.027659+00:00",
        "ttl_seconds": -1.0
      }
    },
    {
      "type": "Feature",
      "geometry": {
        "type": "Point",
        "coordinates": [
          8.9794,
          0.8417
        ]
      },
      "properties": {
        "obj_id": "laptop_95",
        "class_name": "laptop",
        "class_id": 63,
        "mobility": "static",
        "confidence": 0.74,
        "observation_count": 219,
        "best_score": 3.592,
        "first_seen": "2026-03-25T13:28:04.038663+00:00",
        "last_seen": "2026-03-25T13:28:26.155233+00:00",
        "ttl_seconds": -1.0
      }
    },
    {
      "type": "Feature",
      "geometry": {
        "type": "Point",
        "coordinates": [
          8.9149,
          1.3617
        ]
      },
      "properties": {
        "obj_id": "laptop_96",
        "class_name": "laptop",
        "class_id": 63,
        "mobility": "static",
        "confidence": 0.693,
        "observation_count": 5,
        "best_score": 3.232,
        "first_seen": "2026-03-25T13:28:26.553760+00:00",
        "last_seen": "2026-03-25T13:28:26.554895+00:00",
        "ttl_seconds": -1.0
      }
    },
    {
      "type": "Feature",
      "geometry": {
        "type": "Point",
        "coordinates": [
          4.6157,
          2.7522
        ]
      },
      "properties": {
        "obj_id": "laptop_97",
        "class_name": "laptop",
        "class_id": 63,
        "mobility": "static",
        "confidence": 0.707,
        "observation_count": 6,
        "best_score": 5.743,
        "first_seen": "2026-03-25T13:28:28.418965+00:00",
        "last_seen": "2026-03-25T13:28:28.420031+00:00",
        "ttl_seconds": -1.0
      }
    },
    {
      "type": "Feature",
      "geometry": {
        "type": "Point",
        "coordinates": [
          4.0108,
          3.3812
        ]
      },
      "properties": {
        "obj_id": "laptop_98",
        "class_name": "laptop",
        "class_id": 63,
        "mobility": "static",
        "confidence": 0.677,
        "observation_count": 4,
        "best_score": 5.422,
        "first_seen": "2026-03-25T13:28:29.349824+00:00",
        "last_seen": "2026-03-25T13:28:29.350946+00:00",
        "ttl_seconds": -1.0
      }
    },
    {
      "type": "Feature",
      "geometry": {
        "type": "Point",
        "coordinates": [
          1.7376,
          2.6709
        ]
      },
      "properties": {
        "obj_id": "laptop_99",
        "class_name": "laptop",
        "class_id": 63,
        "mobility": "static",
        "confidence": 0.625,
        "observation_count": 3,
        "best_score": 5.175,
        "first_seen": "2026-03-25T13:28:35.860060+00:00",
        "last_seen": "2026-03-25T13:28:35.861738+00:00",
        "ttl_seconds": -1.0
      }
    },
    {
      "type": "Feature",
      "geometry": {
        "type": "Point",
        "coordinates": [
          0.4803,
          1.205
        ]
      },
      "properties": {
        "obj_id": "laptop_100",
        "class_name": "laptop",
        "class_id": 63,
        "mobility": "static",
        "confidence": 0.653,
        "observation_count": 3,
        "best_score": 21.25,
        "first_seen": "2026-03-25T13:28:41.753353+00:00",
        "last_seen": "2026-03-25T13:28:41.754423+00:00",
        "ttl_seconds": -1.0
      }
    },
    {
      "type": "Feature",
      "geometry": {
        "type": "Point",
        "coordinates": [
          2.1625,
          -1.9642
        ]
      },
      "properties": {
        "obj_id": "potted plant_101",
        "class_name": "potted plant",
        "class_id": 58,
        "mobility": "static",
        "confidence": 0.629,
        "observation_count": 6,
        "best_score": 1.754,
        "first_seen": "2026-03-25T15:33:19.722361+00:00",
        "last_seen": "2026-03-31T08:16:27.530870+00:00",
        "ttl_seconds": -1.0
      }
    },
    {
      "type": "Feature",
      "geometry": {
        "type": "Point",
        "coordinates": [
          9.0832,
          -0.8835
        ]
      },
      "properties": {
        "obj_id": "potted plant_102",
        "class_name": "potted plant",
        "class_id": 58,
        "mobility": "static",
        "confidence": 0.5,
        "observation_count": 1,
        "best_score": 0.754,
        "first_seen": "2026-03-25T15:36:12.183593+00:00",
        "last_seen": "2026-03-25T15:36:12.183593+00:00",
        "ttl_seconds": -1.0
      }
    },
    {
      "type": "Feature",
      "geometry": {
        "type": "Point",
        "coordinates": [
          8.5477,
          0.2875
        ]
      },
      "properties": {
        "obj_id": "potted plant_103",
        "class_name": "potted plant",
        "class_id": 58,
        "mobility": "static",
        "confidence": 0.582,
        "observation_count": 6,
        "best_score": 0.871,
        "first_seen": "2026-03-25T15:36:13.658367+00:00",
        "last_seen": "2026-03-25T15:36:13.659542+00:00",
        "ttl_seconds": -1.0
      }
    },
    {
      "type": "Feature",
      "geometry": {
        "type": "Point",
        "coordinates": [
          3.92,
          -1.6018
        ]
      },
      "properties": {
        "obj_id": "chair_104",
        "class_name": "chair",
        "class_id": 56,
        "mobility": "static",
        "confidence": 0.558,
        "observation_count": 2,
        "best_score": 3.452,
        "first_seen": "2026-03-25T15:37:36.252021+00:00",
        "last_seen": "2026-03-30T08:33:15.772962+00:00",
        "ttl_seconds": -1.0
      }
    },
    {
      "type": "Feature",
      "geometry": {
        "type": "Point",
        "coordinates": [
          1.456,
          -1.8019
        ]
      },
      "properties": {
        "obj_id": "dining table_105",
        "class_name": "dining table",
        "class_id": 60,
        "mobility": "static",
        "confidence": 0.5,
        "observation_count": 1,
        "best_score": 20.62,
        "first_seen": "2026-03-25T15:37:37.483950+00:00",
        "last_seen": "2026-03-25T15:37:37.483950+00:00",
        "ttl_seconds": -1.0
      }
    },
    {
      "type": "Feature",
      "geometry": {
        "type": "Point",
        "coordinates": [
          1.2527,
          -1.8906
        ]
      },
      "properties": {
        "obj_id": "potted plant_106",
        "class_name": "potted plant",
        "class_id": 58,
        "mobility": "static",
        "confidence": 0.63,
        "observation_count": 14,
        "best_score": 4.871,
        "first_seen": "2026-03-25T15:37:38.101555+00:00",
        "last_seen": "2026-03-30T13:56:08.133946+00:00",
        "ttl_seconds": -1.0
      }
    },
    {
      "type": "Feature",
      "geometry": {
        "type": "Point",
        "coordinates": [
          7.0451,
          -3.3458
        ]
      },
      "properties": {
        "obj_id": "bench_107",
        "class_name": "bench",
        "class_id": 13,
        "mobility": "static",
        "confidence": 0.647,
        "observation_count": 2,
        "best_score": 1.867,
        "first_seen": "2026-03-25T15:39:37.538278+00:00",
        "last_seen": "2026-03-25T15:39:37.539382+00:00",
        "ttl_seconds": -1.0
      }
    },
    {
      "type": "Feature",
      "geometry": {
        "type": "Point",
        "coordinates": [
          7.9013,
          -1.7126
        ]
      },
      "properties": {
        "obj_id": "bench_108",
        "class_name": "bench",
        "class_id": 13,
        "mobility": "static",
        "confidence": 0.717,
        "observation_count": 3,
        "best_score": 1.978,
        "first_seen": "2026-03-25T15:39:38.703258+00:00",
        "last_seen": "2026-03-25T15:39:38.704675+00:00",
        "ttl_seconds": -1.0
      }
    },
    {
      "type": "Feature",
      "geometry": {
        "type": "Point",
        "coordinates": [
          6.6598,
          -1.6284
        ]
      },
      "properties": {
        "obj_id": "potted plant_110",
        "class_name": "potted plant",
        "class_id": 58,
        "mobility": "static",
        "confidence": 0.915,
        "observation_count": 18427,
        "best_score": 40.104,
        "first_seen": "2026-03-26T13:29:14.271270+00:00",
        "last_seen": "2026-08-19T14:49:50.733369+00:00",
        "ttl_seconds": -1.0
      }
    },
    {
      "type": "Feature",
      "geometry": {
        "type": "Point",
        "coordinates": [
          4.545,
          -0.9595
        ]
      },
      "properties": {
        "obj_id": "backpack_166",
        "class_name": "backpack",
        "class_id": 24,
        "mobility": "static",
        "confidence": 0.516,
        "observation_count": 1,
        "best_score": 0.433,
        "first_seen": "2026-03-26T13:57:26.454812+00:00",
        "last_seen": "2026-03-26T13:57:26.454812+00:00",
        "ttl_seconds": -1.0
      }
    },
    {
      "type": "Feature",
      "geometry": {
        "type": "Point",
        "coordinates": [
          3.264,
          -1.41
        ]
      },
      "properties": {
        "obj_id": "backpack_168",
        "class_name": "backpack",
        "class_id": 24,
        "mobility": "static",
        "confidence": 0.546,
        "observation_count": 6,
        "best_score": 0.619,
        "first_seen": "2026-03-26T13:57:55.709514+00:00",
        "last_seen": "2026-03-26T14:14:20.839895+00:00",
        "ttl_seconds": -1.0
      }
    },
    {
      "type": "Feature",
      "geometry": {
        "type": "Point",
        "coordinates": [
          3.5256,
          0.4574
        ]
      },
      "properties": {
        "obj_id": "backpack_172",
        "class_name": "backpack",
        "class_id": 24,
        "mobility": "static",
        "confidence": 0.625,
        "observation_count": 2,
        "best_score": 0.877,
        "first_seen": "2026-03-26T13:58:13.113257+00:00",
        "last_seen": "2026-03-26T13:58:13.118924+00:00",
        "ttl_seconds": -1.0
      }
    },
    {
      "type": "Feature",
      "geometry": {
        "type": "Point",
        "coordinates": [
          5.5383,
          -0.9396
        ]
      },
      "properties": {
        "obj_id": "chair_217",
        "class_name": "chair",
        "class_id": 56,
        "mobility": "static",
        "confidence": 0.76,
        "observation_count": 85,
        "best_score": 39.318,
        "first_seen": "2026-03-26T14:16:19.981204+00:00",
        "last_seen": "2026-04-24T13:34:36.152571+00:00",
        "ttl_seconds": -1.0
      }
    },
    {
      "type": "Feature",
      "geometry": {
        "type": "Point",
        "coordinates": [
          6.4924,
          -1.8404
        ]
      },
      "properties": {
        "obj_id": "potted plant_218",
        "class_name": "potted plant",
        "class_id": 58,
        "mobility": "static",
        "confidence": 0.882,
        "observation_count": 53760,
        "best_score": 29.279,
        "first_seen": "2026-03-26T14:16:50.488371+00:00",
        "last_seen": "2026-08-19T14:47:12.552337+00:00",
        "ttl_seconds": -1.0
      }
    },
    {
      "type": "Feature",
      "geometry": {
        "type": "Point",
        "coordinates": [
          8.9256,
          2.143
        ]
      },
      "properties": {
        "obj_id": "chair_219",
        "class_name": "chair",
        "class_id": 56,
        "mobility": "static",
        "confidence": 0.623,
        "observation_count": 22,
        "best_score": 3.577,
        "first_seen": "2026-03-26T14:23:45.785847+00:00",
        "last_seen": "2026-04-09T08:20:03.970612+00:00",
        "ttl_seconds": -1.0
      }
    },
    {
      "type": "Feature",
      "geometry": {
        "type": "Point",
        "coordinates": [
          6.5698,
          6.7109
        ]
      },
      "properties": {
        "obj_id": "chair_220",
        "class_name": "chair",
        "class_id": 56,
        "mobility": "static",
        "confidence": 0.869,
        "observation_count": 1514,
        "best_score": 11.012,
        "first_seen": "2026-03-26T14:23:46.561197+00:00",
        "last_seen": "2026-08-19T14:41:23.024192+00:00",
        "ttl_seconds": -1.0
      }
    },
    {
      "type": "Feature",
      "geometry": {
        "type": "Point",
        "coordinates": [
          5.6363,
          5.2593
        ]
      },
      "properties": {
        "obj_id": "chair_221",
        "class_name": "chair",
        "class_id": 56,
        "mobility": "static",
        "confidence": 0.841,
        "observation_count": 600,
        "best_score": 43.716,
        "first_seen": "2026-03-26T14:23:46.563449+00:00",
        "last_seen": "2026-04-24T13:41:18.434695+00:00",
        "ttl_seconds": -1.0
      }
    },
    {
      "type": "Feature",
      "geometry": {
        "type": "Point",
        "coordinates": [
          5.0869,
          3.6665
        ]
      },
      "properties": {
        "obj_id": "chair_222",
        "class_name": "chair",
        "class_id": 56,
        "mobility": "static",
        "confidence": 0.907,
        "observation_count": 201,
        "best_score": 11.688,
        "first_seen": "2026-03-26T14:23:47.016390+00:00",
        "last_seen": "2026-04-24T14:31:20.252768+00:00",
        "ttl_seconds": -1.0
      }
    },
    {
      "type": "Feature",
      "geometry": {
        "type": "Point",
        "coordinates": [
          4.688,
          -1.4409
        ]
      },
      "properties": {
        "obj_id": "bench_225",
        "class_name": "bench",
        "class_id": 13,
        "mobility": "static",
        "confidence": 0.858,
        "observation_count": 782,
        "best_score": 101.321,
        "first_seen": "2026-03-26T14:23:49.272542+00:00",
        "last_seen": "2026-08-19T14:39:17.242438+00:00",
        "ttl_seconds": -1.0
      }
    },
    {
      "type": "Feature",
      "geometry": {
        "type": "Point",
        "coordinates": [
          -0.2937,
          1.9771
        ]
      },
      "properties": {
        "obj_id": "chair_226",
        "class_name": "chair",
        "class_id": 56,
        "mobility": "static",
        "confidence": 0.602,
        "observation_count": 14,
        "best_score": 8.605,
        "first_seen": "2026-03-26T14:23:52.012722+00:00",
        "last_seen": "2026-04-09T07:29:14.909932+00:00",
        "ttl_seconds": -1.0
      }
    },
    {
      "type": "Feature",
      "geometry": {
        "type": "Point",
        "coordinates": [
          6.2754,
          5.9417
        ]
      },
      "properties": {
        "obj_id": "chair_229",
        "class_name": "chair",
        "class_id": 56,
        "mobility": "static",
        "confidence": 0.909,
        "observation_count": 8829,
        "best_score": 24.987,
        "first_seen": "2026-03-26T14:24:52.887585+00:00",
        "last_seen": "2026-04-27T09:29:26.031450+00:00",
        "ttl_seconds": -1.0
      }
    },
    {
      "type": "Feature",
      "geometry": {
        "type": "Point",
        "coordinates": [
          7.5188,
          6.7499
        ]
      },
      "properties": {
        "obj_id": "potted plant_230",
        "class_name": "potted plant",
        "class_id": 58,
        "mobility": "static",
        "confidence": 0.942,
        "observation_count": 6547,
        "best_score": 18.967,
        "first_seen": "2026-03-26T14:24:58.274982+00:00",
        "last_seen": "2026-08-19T14:40:41.927557+00:00",
        "ttl_seconds": -1.0
      }
    },
    {
      "type": "Feature",
      "geometry": {
        "type": "Point",
        "coordinates": [
          8.2057,
          7.5079
        ]
      },
      "properties": {
        "obj_id": "potted plant_231",
        "class_name": "potted plant",
        "class_id": 58,
        "mobility": "static",
        "confidence": 0.589,
        "observation_count": 6,
        "best_score": 0.279,
        "first_seen": "2026-03-26T14:25:07.637350+00:00",
        "last_seen": "2026-03-26T14:25:07.638880+00:00",
        "ttl_seconds": -1.0
      }
    },
    {
      "type": "Feature",
      "geometry": {
        "type": "Point",
        "coordinates": [
          8.1822,
          6.3572
        ]
      },
      "properties": {
        "obj_id": "potted plant_232",
        "class_name": "potted plant",
        "class_id": 58,
        "mobility": "static",
        "confidence": 0.891,
        "observation_count": 908,
        "best_score": 8.667,
        "first_seen": "2026-03-26T14:25:15.777137+00:00",
        "last_seen": "2026-08-18T15:24:11.242251+00:00",
        "ttl_seconds": -1.0
      }
    },
    {
      "type": "Feature",
      "geometry": {
        "type": "Point",
        "coordinates": [
          8.9371,
          6.8837
        ]
      },
      "properties": {
        "obj_id": "potted plant_233",
        "class_name": "potted plant",
        "class_id": 58,
        "mobility": "static",
        "confidence": 0.915,
        "observation_count": 538,
        "best_score": 9.86,
        "first_seen": "2026-03-26T14:25:16.122326+00:00",
        "last_seen": "2026-08-18T15:24:11.631597+00:00",
        "ttl_seconds": -1.0
      }
    },
    {
      "type": "Feature",
      "geometry": {
        "type": "Point",
        "coordinates": [
          9.234,
          5.8021
        ]
      },
      "properties": {
        "obj_id": "chair_234",
        "class_name": "chair",
        "class_id": 56,
        "mobility": "static",
        "confidence": 0.57,
        "observation_count": 7,
        "best_score": 7.074,
        "first_seen": "2026-03-26T14:25:16.519568+00:00",
        "last_seen": "2026-04-21T07:59:11.525868+00:00",
        "ttl_seconds": -1.0
      }
    },
    {
      "type": "Feature",
      "geometry": {
        "type": "Point",
        "coordinates": [
          9.1794,
          -0.886
        ]
      },
      "properties": {
        "obj_id": "chair_235",
        "class_name": "chair",
        "class_id": 56,
        "mobility": "static",
        "confidence": 0.782,
        "observation_count": 50,
        "best_score": 5.866,
        "first_seen": "2026-03-26T14:26:27.306599+00:00",
        "last_seen": "2026-04-09T07:31:44.342265+00:00",
        "ttl_seconds": -1.0
      }
    },
    {
      "type": "Feature",
      "geometry": {
        "type": "Point",
        "coordinates": [
          4.1749,
          -2.122
        ]
      },
      "properties": {
        "obj_id": "potted plant_236",
        "class_name": "potted plant",
        "class_id": 58,
        "mobility": "static",
        "confidence": 0.66,
        "observation_count": 7,
        "best_score": 0.625,
        "first_seen": "2026-03-26T14:26:30.503949+00:00",
        "last_seen": "2026-03-26T14:26:30.505234+00:00",
        "ttl_seconds": -1.0
      }
    },
    {
      "type": "Feature",
      "geometry": {
        "type": "Point",
        "coordinates": [
          5.4774,
          -1.3539
        ]
      },
      "properties": {
        "obj_id": "potted plant_238",
        "class_name": "potted plant",
        "class_id": 58,
        "mobility": "static",
        "confidence": 0.76,
        "observation_count": 2732,
        "best_score": 2.335,
        "first_seen": "2026-03-26T14:27:03.612542+00:00",
        "last_seen": "2026-08-19T14:49:49.208257+00:00",
        "ttl_seconds": -1.0
      }
    },
    {
      "type": "Feature",
      "geometry": {
        "type": "Point",
        "coordinates": [
          0.3518,
          -0.1058
        ]
      },
      "properties": {
        "obj_id": "chair_240",
        "class_name": "chair",
        "class_id": 56,
        "mobility": "static",
        "confidence": 0.604,
        "observation_count": 10,
        "best_score": 3.432,
        "first_seen": "2026-03-26T14:27:15.922748+00:00",
        "last_seen": "2026-04-06T12:47:42.095622+00:00",
        "ttl_seconds": -1.0
      }
    },
    {
      "type": "Feature",
      "geometry": {
        "type": "Point",
        "coordinates": [
          7.6371,
          -2.0008
        ]
      },
      "properties": {
        "obj_id": "chair_241",
        "class_name": "chair",
        "class_id": 56,
        "mobility": "static",
        "confidence": 0.711,
        "observation_count": 74,
        "best_score": 8.053,
        "first_seen": "2026-03-27T11:55:32.153429+00:00",
        "last_seen": "2026-04-07T07:46:31.053906+00:00",
        "ttl_seconds": -1.0
      }
    },
    {
      "type": "Feature",
      "geometry": {
        "type": "Point",
        "coordinates": [
          6.2093,
          6.6453
        ]
      },
      "properties": {
        "obj_id": "chair_242",
        "class_name": "chair",
        "class_id": 56,
        "mobility": "static",
        "confidence": 0.847,
        "observation_count": 27694,
        "best_score": 10.269,
        "first_seen": "2026-03-27T11:57:44.865287+00:00",
        "last_seen": "2026-08-19T14:41:25.431634+00:00",
        "ttl_seconds": -1.0
      }
    },
    {
      "type": "Feature",
      "geometry": {
        "type": "Point",
        "coordinates": [
          9.2166,
          6.2895
        ]
      },
      "properties": {
        "obj_id": "potted plant_243",
        "class_name": "potted plant",
        "class_id": 58,
        "mobility": "static",
        "confidence": 0.883,
        "observation_count": 72,
        "best_score": 8.927,
        "first_seen": "2026-03-27T11:57:45.320778+00:00",
        "last_seen": "2026-04-23T12:22:40.970365+00:00",
        "ttl_seconds": -1.0
      }
    },
    {
      "type": "Feature",
      "geometry": {
        "type": "Point",
        "coordinates": [
          3.2127,
          6.5743
        ]
      },
      "properties": {
        "obj_id": "potted plant_244",
        "class_name": "potted plant",
        "class_id": 58,
        "mobility": "static",
        "confidence": 0.683,
        "observation_count": 65,
        "best_score": 4.33,
        "first_seen": "2026-03-27T12:44:58.410516+00:00",
        "last_seen": "2026-08-17T13:43:05.145023+00:00",
        "ttl_seconds": -1.0
      }
    },
    {
      "type": "Feature",
      "geometry": {
        "type": "Point",
        "coordinates": [
          2.2612,
          6.9441
        ]
      },
      "properties": {
        "obj_id": "chair_247",
        "class_name": "chair",
        "class_id": 56,
        "mobility": "static",
        "confidence": 0.706,
        "observation_count": 18,
        "best_score": 9.435,
        "first_seen": "2026-03-27T13:35:01.642505+00:00",
        "last_seen": "2026-04-08T10:23:44.211415+00:00",
        "ttl_seconds": -1.0
      }
    },
    {
      "type": "Feature",
      "geometry": {
        "type": "Point",
        "coordinates": [
          7.931,
          -0.3747
        ]
      },
      "properties": {
        "obj_id": "chair_248",
        "class_name": "chair",
        "class_id": 56,
        "mobility": "static",
        "confidence": 0.837,
        "observation_count": 36,
        "best_score": 2.015,
        "first_seen": "2026-03-27T13:39:51.403591+00:00",
        "last_seen": "2026-04-09T08:21:24.771017+00:00",
        "ttl_seconds": -1.0
      }
    },
    {
      "type": "Feature",
      "geometry": {
        "type": "Point",
        "coordinates": [
          5.8385,
          -0.7108
        ]
      },
      "properties": {
        "obj_id": "dining table_249",
        "class_name": "dining table",
        "class_id": 60,
        "mobility": "static",
        "confidence": 0.578,
        "observation_count": 4,
        "best_score": 4.492,
        "first_seen": "2026-03-27T13:39:51.407668+00:00",
        "last_seen": "2026-03-27T13:39:51.409314+00:00",
        "ttl_seconds": -1.0
      }
    },
    {
      "type": "Feature",
      "geometry": {
        "type": "Point",
        "coordinates": [
          5.4682,
          -1.8762
        ]
      },
      "properties": {
        "obj_id": "chair_250",
        "class_name": "chair",
        "class_id": 56,
        "mobility": "static",
        "confidence": 0.751,
        "observation_count": 18,
        "best_score": 5.351,
        "first_seen": "2026-03-27T13:39:51.708252+00:00",
        "last_seen": "2026-04-15T08:43:10.172649+00:00",
        "ttl_seconds": -1.0
      }
    },
    {
      "type": "Feature",
      "geometry": {
        "type": "Point",
        "coordinates": [
          0.4324,
          -1.7126
        ]
      },
      "properties": {
        "obj_id": "chair_260",
        "class_name": "chair",
        "class_id": 56,
        "mobility": "static",
        "confidence": 0.652,
        "observation_count": 19,
        "best_score": 4.886,
        "first_seen": "2026-03-27T14:18:45.752565+00:00",
        "last_seen": "2026-04-09T08:15:42.788341+00:00",
        "ttl_seconds": -1.0
      }
    },
    {
      "type": "Feature",
      "geometry": {
        "type": "Point",
        "coordinates": [
          8.8617,
          9.3919
        ]
      },
      "properties": {
        "obj_id": "potted plant_261",
        "class_name": "potted plant",
        "class_id": 58,
        "mobility": "static",
        "confidence": 0.582,
        "observation_count": 5,
        "best_score": 0.218,
        "first_seen": "2026-03-27T14:19:22.147698+00:00",
        "last_seen": "2026-04-20T11:05:44.423729+00:00",
        "ttl_seconds": -1.0
      }
    },
    {
      "type": "Feature",
      "geometry": {
        "type": "Point",
        "coordinates": [
          -0.3307,
          0.492
        ]
      },
      "properties": {
        "obj_id": "potted plant_262",
        "class_name": "potted plant",
        "class_id": 58,
        "mobility": "static",
        "confidence": 0.827,
        "observation_count": 12,
        "best_score": 4.241,
        "first_seen": "2026-03-27T14:22:41.182280+00:00",
        "last_seen": "2026-03-31T08:16:32.164219+00:00",
        "ttl_seconds": -1.0
      }
    },
    {
      "type": "Feature",
      "geometry": {
        "type": "Point",
        "coordinates": [
          -0.1102,
          0.1423
        ]
      },
      "properties": {
        "obj_id": "potted plant_263",
        "class_name": "potted plant",
        "class_id": 58,
        "mobility": "static",
        "confidence": 0.771,
        "observation_count": 27,
        "best_score": 10.089,
        "first_seen": "2026-03-27T14:22:57.530136+00:00",
        "last_seen": "2026-03-30T13:56:08.691970+00:00",
        "ttl_seconds": -1.0
      }
    },
    {
      "type": "Feature",
      "geometry": {
        "type": "Point",
        "coordinates": [
          1.3413,
          -1.9098
        ]
      },
      "properties": {
        "obj_id": "bench_264",
        "class_name": "bench",
        "class_id": 13,
        "mobility": "static",
        "confidence": 0.766,
        "observation_count": 128,
        "best_score": 5.735,
        "first_seen": "2026-03-30T07:25:57.753777+00:00",
        "last_seen": "2026-04-21T08:24:04.859180+00:00",
        "ttl_seconds": -1.0
      }
    },
    {
      "type": "Feature",
      "geometry": {
        "type": "Point",
        "coordinates": [
          0.5948,
          -1.6052
        ]
      },
      "properties": {
        "obj_id": "bench_265",
        "class_name": "bench",
        "class_id": 13,
        "mobility": "static",
        "confidence": 0.632,
        "observation_count": 3,
        "best_score": 1.112,
        "first_seen": "2026-03-30T07:26:14.757556+00:00",
        "last_seen": "2026-03-30T07:26:14.758675+00:00",
        "ttl_seconds": -1.0
      }
    },
    {
      "type": "Feature",
      "geometry": {
        "type": "Point",
        "coordinates": [
          4.8735,
          -1.3058
        ]
      },
      "properties": {
        "obj_id": "chair_266",
        "class_name": "chair",
        "class_id": 56,
        "mobility": "static",
        "confidence": 0.719,
        "observation_count": 55,
        "best_score": 5.344,
        "first_seen": "2026-03-30T07:36:15.758205+00:00",
        "last_seen": "2026-04-23T12:47:53.361089+00:00",
        "ttl_seconds": -1.0
      }
    },
    {
      "type": "Feature",
      "geometry": {
        "type": "Point",
        "coordinates": [
          6.1074,
          -1.4824
        ]
      },
      "properties": {
        "obj_id": "potted plant_267",
        "class_name": "potted plant",
        "class_id": 58,
        "mobility": "static",
        "confidence": 0.789,
        "observation_count": 130,
        "best_score": 7.164,
        "first_seen": "2026-03-30T08:33:14.172748+00:00",
        "last_seen": "2026-08-19T14:49:48.423206+00:00",
        "ttl_seconds": -1.0
      }
    },
    {
      "type": "Feature",
      "geometry": {
        "type": "Point",
        "coordinates": [
          8.6203,
          1.4809
        ]
      },
      "properties": {
        "obj_id": "chair_299",
        "class_name": "chair",
        "class_id": 56,
        "mobility": "static",
        "confidence": 0.588,
        "observation_count": 7,
        "best_score": 2.681,
        "first_seen": "2026-03-30T09:05:44.237373+00:00",
        "last_seen": "2026-04-23T14:21:34.938043+00:00",
        "ttl_seconds": -1.0
      }
    },
    {
      "type": "Feature",
      "geometry": {
        "type": "Point",
        "coordinates": [
          6.2872,
          -1.4511
        ]
      },
      "properties": {
        "obj_id": "chair_300",
        "class_name": "chair",
        "class_id": 56,
        "mobility": "static",
        "confidence": 0.76,
        "observation_count": 610,
        "best_score": 6.806,
        "first_seen": "2026-03-30T09:05:44.635879+00:00",
        "last_seen": "2026-04-06T12:32:43.332510+00:00",
        "ttl_seconds": -1.0
      }
    },
    {
      "type": "Feature",
      "geometry": {
        "type": "Point",
        "coordinates": [
          5.5233,
          5.2731
        ]
      },
      "properties": {
        "obj_id": "potted plant_325",
        "class_name": "potted plant",
        "class_id": 58,
        "mobility": "static",
        "confidence": 0.869,
        "observation_count": 58,
        "best_score": 19.925,
        "first_seen": "2026-03-30T10:59:50.453263+00:00",
        "last_seen": "2026-08-18T13:02:02.056392+00:00",
        "ttl_seconds": -1.0
      }
    },
    {
      "type": "Feature",
      "geometry": {
        "type": "Point",
        "coordinates": [
          -0.2548,
          -0.2956
        ]
      },
      "properties": {
        "obj_id": "bench_327",
        "class_name": "bench",
        "class_id": 13,
        "mobility": "static",
        "confidence": 0.637,
        "observation_count": 9,
        "best_score": 2.752,
        "first_seen": "2026-03-30T11:02:11.667108+00:00",
        "last_seen": "2026-03-30T11:02:11.670085+00:00",
        "ttl_seconds": -1.0
      }
    },
    {
      "type": "Feature",
      "geometry": {
        "type": "Point",
        "coordinates": [
          4.2359,
          6.4164
        ]
      },
      "properties": {
        "obj_id": "chair_328",
        "class_name": "chair",
        "class_id": 56,
        "mobility": "static",
        "confidence": 0.915,
        "observation_count": 531,
        "best_score": 6.106,
        "first_seen": "2026-03-30T13:54:57.216010+00:00",
        "last_seen": "2026-04-23T14:11:59.432017+00:00",
        "ttl_seconds": -1.0
      }
    },
    {
      "type": "Feature",
      "geometry": {
        "type": "Point",
        "coordinates": [
          1.8997,
          7.7986
        ]
      },
      "properties": {
        "obj_id": "chair_329",
        "class_name": "chair",
        "class_id": 56,
        "mobility": "static",
        "confidence": 0.765,
        "observation_count": 14,
        "best_score": 6.648,
        "first_seen": "2026-03-30T13:55:08.573947+00:00",
        "last_seen": "2026-04-16T10:03:40.423792+00:00",
        "ttl_seconds": -1.0
      }
    },
    {
      "type": "Feature",
      "geometry": {
        "type": "Point",
        "coordinates": [
          0.4251,
          6.684
        ]
      },
      "properties": {
        "obj_id": "chair_330",
        "class_name": "chair",
        "class_id": 56,
        "mobility": "static",
        "confidence": 0.822,
        "observation_count": 25,
        "best_score": 8.211,
        "first_seen": "2026-03-30T13:55:11.333405+00:00",
        "last_seen": "2026-04-09T08:13:48.690436+00:00",
        "ttl_seconds": -1.0
      }
    },
    {
      "type": "Feature",
      "geometry": {
        "type": "Point",
        "coordinates": [
          3.5738,
          -1.4761
        ]
      },
      "properties": {
        "obj_id": "potted plant_332",
        "class_name": "potted plant",
        "class_id": 58,
        "mobility": "static",
        "confidence": 0.62,
        "observation_count": 6,
        "best_score": 0.676,
        "first_seen": "2026-03-30T13:56:07.543691+00:00",
        "last_seen": "2026-03-30T13:56:07.545131+00:00",
        "ttl_seconds": -1.0
      }
    },
    {
      "type": "Feature",
      "geometry": {
        "type": "Point",
        "coordinates": [
          -0.1677,
          2.5566
        ]
      },
      "properties": {
        "obj_id": "potted plant_333",
        "class_name": "potted plant",
        "class_id": 58,
        "mobility": "static",
        "confidence": 0.682,
        "observation_count": 20,
        "best_score": 1.415,
        "first_seen": "2026-03-30T13:56:09.341813+00:00",
        "last_seen": "2026-03-31T08:22:23.257277+00:00",
        "ttl_seconds": -1.0
      }
    },
    {
      "type": "Feature",
      "geometry": {
        "type": "Point",
        "coordinates": [
          -0.2194,
          3.979
        ]
      },
      "properties": {
        "obj_id": "potted plant_334",
        "class_name": "potted plant",
        "class_id": 58,
        "mobility": "static",
        "confidence": 0.614,
        "observation_count": 4,
        "best_score": 0.53,
        "first_seen": "2026-03-30T13:56:10.488839+00:00",
        "last_seen": "2026-03-30T13:56:10.490711+00:00",
        "ttl_seconds": -1.0
      }
    },
    {
      "type": "Feature",
      "geometry": {
        "type": "Point",
        "coordinates": [
          0.0947,
          4.7343
        ]
      },
      "properties": {
        "obj_id": "chair_335",
        "class_name": "chair",
        "class_id": 56,
        "mobility": "static",
        "confidence": 0.654,
        "observation_count": 35,
        "best_score": 7.672,
        "first_seen": "2026-03-30T13:57:37.117206+00:00",
        "last_seen": "2026-04-09T08:23:16.062589+00:00",
        "ttl_seconds": -1.0
      }
    },
    {
      "type": "Feature",
      "geometry": {
        "type": "Point",
        "coordinates": [
          4.9877,
          3.6207
        ]
      },
      "properties": {
        "obj_id": "bench_336",
        "class_name": "bench",
        "class_id": 13,
        "mobility": "static",
        "confidence": 0.561,
        "observation_count": 9,
        "best_score": 4.302,
        "first_seen": "2026-03-30T13:58:21.423648+00:00",
        "last_seen": "2026-03-30T13:58:21.425582+00:00",
        "ttl_seconds": -1.0
      }
    },
    {
      "type": "Feature",
      "geometry": {
        "type": "Point",
        "coordinates": [
          3.4868,
          4.4283
        ]
      },
      "properties": {
        "obj_id": "potted plant_337",
        "class_name": "potted plant",
        "class_id": 58,
        "mobility": "static",
        "confidence": 0.51,
        "observation_count": 1,
        "best_score": 2.071,
        "first_seen": "2026-03-30T13:58:21.424834+00:00",
        "last_seen": "2026-03-30T13:58:21.424834+00:00",
        "ttl_seconds": -1.0
      }
    },
    {
      "type": "Feature",
      "geometry": {
        "type": "Point",
        "coordinates": [
          8.9381,
          2.6115
        ]
      },
      "properties": {
        "obj_id": "potted plant_338",
        "class_name": "potted plant",
        "class_id": 58,
        "mobility": "static",
        "confidence": 0.526,
        "observation_count": 1,
        "best_score": 0.454,
        "first_seen": "2026-03-30T13:58:22.954228+00:00",
        "last_seen": "2026-03-30T13:58:22.954228+00:00",
        "ttl_seconds": -1.0
      }
    },
    {
      "type": "Feature",
      "geometry": {
        "type": "Point",
        "coordinates": [
          7.1233,
          3.5474
        ]
      },
      "properties": {
        "obj_id": "potted plant_339",
        "class_name": "potted plant",
        "class_id": 58,
        "mobility": "static",
        "confidence": 0.679,
        "observation_count": 20,
        "best_score": 0.873,
        "first_seen": "2026-03-30T13:58:22.955390+00:00",
        "last_seen": "2026-04-23T14:18:17.356099+00:00",
        "ttl_seconds": -1.0
      }
    },
    {
      "type": "Feature",
      "geometry": {
        "type": "Point",
        "coordinates": [
          4.9615,
          3.6637
        ]
      },
      "properties": {
        "obj_id": "potted plant_340",
        "class_name": "potted plant",
        "class_id": 58,
        "mobility": "static",
        "confidence": 0.575,
        "observation_count": 2,
        "best_score": 1.013,
        "first_seen": "2026-03-30T13:58:23.776915+00:00",
        "last_seen": "2026-03-30T13:58:23.778130+00:00",
        "ttl_seconds": -1.0
      }
    },
    {
      "type": "Feature",
      "geometry": {
        "type": "Point",
        "coordinates": [
          2.3415,
          1.6326
        ]
      },
      "properties": {
        "obj_id": "bench_342",
        "class_name": "bench",
        "class_id": 13,
        "mobility": "static",
        "confidence": 0.702,
        "observation_count": 17,
        "best_score": 82.923,
        "first_seen": "2026-03-30T14:28:10.810489+00:00",
        "last_seen": "2026-03-30T14:28:12.331429+00:00",
        "ttl_seconds": -1.0
      }
    },
    {
      "type": "Feature",
      "geometry": {
        "type": "Point",
        "coordinates": [
          2.3138,
          6.9947
        ]
      },
      "properties": {
        "obj_id": "bench_347",
        "class_name": "bench",
        "class_id": 13,
        "mobility": "static",
        "confidence": 0.67,
        "observation_count": 1473,
        "best_score": 19.94,
        "first_seen": "2026-03-30T14:30:47.813629+00:00",
        "last_seen": "2026-04-09T08:48:51.336732+00:00",
        "ttl_seconds": -1.0
      }
    },
    {
      "type": "Feature",
      "geometry": {
        "type": "Point",
        "coordinates": [
          3.8174,
          4.817
        ]
      },
      "properties": {
        "obj_id": "microwave_348",
        "class_name": "microwave",
        "class_id": 68,
        "mobility": "static",
        "confidence": 0.524,
        "observation_count": 1,
        "best_score": 0.961,
        "first_seen": "2026-03-31T07:30:45.634251+00:00",
        "last_seen": "2026-03-31T07:30:45.634251+00:00",
        "ttl_seconds": -1.0
      }
    },
    {
      "type": "Feature",
      "geometry": {
        "type": "Point",
        "coordinates": [
          5.747,
          -2.4297
        ]
      },
      "properties": {
        "obj_id": "potted plant_349",
        "class_name": "potted plant",
        "class_id": 58,
        "mobility": "static",
        "confidence": 0.713,
        "observation_count": 26,
        "best_score": 0.748,
        "first_seen": "2026-03-31T07:31:50.337299+00:00",
        "last_seen": "2026-08-19T14:49:25.167675+00:00",
        "ttl_seconds": -1.0
      }
    },
    {
      "type": "Feature",
      "geometry": {
        "type": "Point",
        "coordinates": [
          5.2639,
          -1.8062
        ]
      },
      "properties": {
        "obj_id": "potted plant_350",
        "class_name": "potted plant",
        "class_id": 58,
        "mobility": "static",
        "confidence": 0.646,
        "observation_count": 13,
        "best_score": 0.891,
        "first_seen": "2026-03-31T07:31:50.647839+00:00",
        "last_seen": "2026-08-19T12:36:32.306517+00:00",
        "ttl_seconds": -1.0
      }
    },
    {
      "type": "Feature",
      "geometry": {
        "type": "Point",
        "coordinates": [
          7.0426,
          -1.9358
        ]
      },
      "properties": {
        "obj_id": "bench_351",
        "class_name": "bench",
        "class_id": 13,
        "mobility": "static",
        "confidence": 0.547,
        "observation_count": 7,
        "best_score": 1.038,
        "first_seen": "2026-03-31T08:13:48.169029+00:00",
        "last_seen": "2026-03-31T08:13:48.170477+00:00",
        "ttl_seconds": -1.0
      }
    },
    {
      "type": "Feature",
      "geometry": {
        "type": "Point",
        "coordinates": [
          -0.3836,
          3.3358
        ]
      },
      "properties": {
        "obj_id": "bench_352",
        "class_name": "bench",
        "class_id": 13,
        "mobility": "static",
        "confidence": 0.714,
        "observation_count": 33,
        "best_score": 4.928,
        "first_seen": "2026-03-31T08:13:50.590309+00:00",
        "last_seen": "2026-03-31T08:22:23.257232+00:00",
        "ttl_seconds": -1.0
      }
    },
    {
      "type": "Feature",
      "geometry": {
        "type": "Point",
        "coordinates": [
          -1.683,
          2.866
        ]
      },
      "properties": {
        "obj_id": "bench_353",
        "class_name": "bench",
        "class_id": 13,
        "mobility": "static",
        "confidence": 0.69,
        "observation_count": 9,
        "best_score": 3.688,
        "first_seen": "2026-03-31T08:13:51.040402+00:00",
        "last_seen": "2026-03-31T08:13:51.041825+00:00",
        "ttl_seconds": -1.0
      }
    },
    {
      "type": "Feature",
      "geometry": {
        "type": "Point",
        "coordinates": [
          5.6827,
          -2.2809
        ]
      },
      "properties": {
        "obj_id": "chair_354",
        "class_name": "chair",
        "class_id": 56,
        "mobility": "static",
        "confidence": 0.566,
        "observation_count": 3,
        "best_score": 1.856,
        "first_seen": "2026-03-31T08:22:19.905187+00:00",
        "last_seen": "2026-03-31T08:22:19.906489+00:00",
        "ttl_seconds": -1.0
      }
    },
    {
      "type": "Feature",
      "geometry": {
        "type": "Point",
        "coordinates": [
          -0.0847,
          3.1995
        ]
      },
      "properties": {
        "obj_id": "chair_355",
        "class_name": "chair",
        "class_id": 56,
        "mobility": "static",
        "confidence": 0.675,
        "observation_count": 45,
        "best_score": 9.579,
        "first_seen": "2026-04-06T07:31:31.538062+00:00",
        "last_seen": "2026-04-15T11:37:18.936416+00:00",
        "ttl_seconds": -1.0
      }
    },
    {
      "type": "Feature",
      "geometry": {
        "type": "Point",
        "coordinates": [
          6.6669,
          -1.1778
        ]
      },
      "properties": {
        "obj_id": "chair_373",
        "class_name": "chair",
        "class_id": 56,
        "mobility": "static",
        "confidence": 0.698,
        "observation_count": 20,
        "best_score": 5.254,
        "first_seen": "2026-04-06T09:46:06.292327+00:00",
        "last_seen": "2026-04-15T08:43:03.464330+00:00",
        "ttl_seconds": -1.0
      }
    },
    {
      "type": "Feature",
      "geometry": {
        "type": "Point",
        "coordinates": [
          1.2831,
          6.9074
        ]
      },
      "properties": {
        "obj_id": "chair_380",
        "class_name": "chair",
        "class_id": 56,
        "mobility": "static",
        "confidence": 0.651,
        "observation_count": 24,
        "best_score": 14.288,
        "first_seen": "2026-04-06T09:46:19.442616+00:00",
        "last_seen": "2026-04-09T08:17:12.366130+00:00",
        "ttl_seconds": -1.0
      }
    },
    {
      "type": "Feature",
      "geometry": {
        "type": "Point",
        "coordinates": [
          1.3042,
          6.1645
        ]
      },
      "properties": {
        "obj_id": "chair_381",
        "class_name": "chair",
        "class_id": 56,
        "mobility": "static",
        "confidence": 0.58,
        "observation_count": 17,
        "best_score": 12.103,
        "first_seen": "2026-04-06T09:46:19.444201+00:00",
        "last_seen": "2026-04-09T08:20:26.203716+00:00",
        "ttl_seconds": -1.0
      }
    },
    {
      "type": "Feature",
      "geometry": {
        "type": "Point",
        "coordinates": [
          -0.4201,
          6.6171
        ]
      },
      "properties": {
        "obj_id": "bed_382",
        "class_name": "bed",
        "class_id": 59,
        "mobility": "static",
        "confidence": 0.564,
        "observation_count": 3,
        "best_score": 24.449,
        "first_seen": "2026-04-06T09:46:23.540092+00:00",
        "last_seen": "2026-04-06T09:46:23.541268+00:00",
        "ttl_seconds": -1.0
      }
    },
    {
      "type": "Feature",
      "geometry": {
        "type": "Point",
        "coordinates": [
          2.0857,
          0.0617
        ]
      },
      "properties": {
        "obj_id": "chair_383",
        "class_name": "chair",
        "class_id": 56,
        "mobility": "static",
        "confidence": 0.517,
        "observation_count": 1,
        "best_score": 3.683,
        "first_seen": "2026-04-06T12:15:01.650719+00:00",
        "last_seen": "2026-04-06T12:15:01.650719+00:00",
        "ttl_seconds": -1.0
      }
    },
    {
      "type": "Feature",
      "geometry": {
        "type": "Point",
        "coordinates": [
          7.5534,
          6.2408
        ]
      },
      "properties": {
        "obj_id": "dining table_392",
        "class_name": "dining table",
        "class_id": 60,
        "mobility": "static",
        "confidence": 0.751,
        "observation_count": 18,
        "best_score": 67.468,
        "first_seen": "2026-04-06T12:33:01.548341+00:00",
        "last_seen": "2026-08-18T14:30:05.274995+00:00",
        "ttl_seconds": -1.0
      }
    },
    {
      "type": "Feature",
      "geometry": {
        "type": "Point",
        "coordinates": [
          7.4351,
          5.4156
        ]
      },
      "properties": {
        "obj_id": "chair_393",
        "class_name": "chair",
        "class_id": 56,
        "mobility": "static",
        "confidence": 0.812,
        "observation_count": 95,
        "best_score": 4.182,
        "first_seen": "2026-04-06T12:33:01.549876+00:00",
        "last_seen": "2026-04-09T08:20:04.771400+00:00",
        "ttl_seconds": -1.0
      }
    },
    {
      "type": "Feature",
      "geometry": {
        "type": "Point",
        "coordinates": [
          0.2411,
          5.1882
        ]
      },
      "properties": {
        "obj_id": "chair_395",
        "class_name": "chair",
        "class_id": 56,
        "mobility": "static",
        "confidence": 0.51,
        "observation_count": 2,
        "best_score": 4.03,
        "first_seen": "2026-04-06T12:34:13.487440+00:00",
        "last_seen": "2026-04-06T12:34:13.488667+00:00",
        "ttl_seconds": -1.0
      }
    },
    {
      "type": "Feature",
      "geometry": {
        "type": "Point",
        "coordinates": [
          2.2258,
          6.7553
        ]
      },
      "properties": {
        "obj_id": "bench_397",
        "class_name": "bench",
        "class_id": 13,
        "mobility": "static",
        "confidence": 0.644,
        "observation_count": 45,
        "best_score": 31.688,
        "first_seen": "2026-04-06T12:34:24.622050+00:00",
        "last_seen": "2026-04-09T08:04:10.789008+00:00",
        "ttl_seconds": -1.0
      }
    },
    {
      "type": "Feature",
      "geometry": {
        "type": "Point",
        "coordinates": [
          8.997,
          0.1553
        ]
      },
      "properties": {
        "obj_id": "chair_419",
        "class_name": "chair",
        "class_id": 56,
        "mobility": "static",
        "confidence": 0.531,
        "observation_count": 3,
        "best_score": 3.115,
        "first_seen": "2026-04-06T12:48:00.894075+00:00",
        "last_seen": "2026-04-06T12:48:00.895117+00:00",
        "ttl_seconds": -1.0
      }
    },
    {
      "type": "Feature",
      "geometry": {
        "type": "Point",
        "coordinates": [
          9.0875,
          0.4896
        ]
      },
      "properties": {
        "obj_id": "bench_420",
        "class_name": "bench",
        "class_id": 13,
        "mobility": "static",
        "confidence": 0.737,
        "observation_count": 24,
        "best_score": 5.932,
        "first_seen": "2026-04-06T12:48:11.925024+00:00",
        "last_seen": "2026-08-19T12:45:51.438673+00:00",
        "ttl_seconds": -1.0
      }
    },
    {
      "type": "Feature",
      "geometry": {
        "type": "Point",
        "coordinates": [
          9.0155,
          5.2958
        ]
      },
      "properties": {
        "obj_id": "chair_421",
        "class_name": "chair",
        "class_id": 56,
        "mobility": "static",
        "confidence": 0.733,
        "observation_count": 20,
        "best_score": 5.19,
        "first_seen": "2026-04-06T12:48:20.744867+00:00",
        "last_seen": "2026-04-16T09:21:35.972768+00:00",
        "ttl_seconds": -1.0
      }
    },
    {
      "type": "Feature",
      "geometry": {
        "type": "Point",
        "coordinates": [
          8.5386,
          6.4298
        ]
      },
      "properties": {
        "obj_id": "chair_422",
        "class_name": "chair",
        "class_id": 56,
        "mobility": "static",
        "confidence": 0.677,
        "observation_count": 22,
        "best_score": 3.689,
        "first_seen": "2026-04-06T12:48:21.116633+00:00",
        "last_seen": "2026-04-09T08:21:57.590056+00:00",
        "ttl_seconds": -1.0
      }
    },
    {
      "type": "Feature",
      "geometry": {
        "type": "Point",
        "coordinates": [
          6.5364,
          6.64
        ]
      },
      "properties": {
        "obj_id": "dining table_423",
        "class_name": "dining table",
        "class_id": 60,
        "mobility": "static",
        "confidence": 0.604,
        "observation_count": 5,
        "best_score": 25.793,
        "first_seen": "2026-04-06T12:48:32.870257+00:00",
        "last_seen": "2026-04-06T12:48:34.029813+00:00",
        "ttl_seconds": -1.0
      }
    },
    {
      "type": "Feature",
      "geometry": {
        "type": "Point",
        "coordinates": [
          3.9901,
          -1.2805
        ]
      },
      "properties": {
        "obj_id": "bench_426",
        "class_name": "bench",
        "class_id": 13,
        "mobility": "static",
        "confidence": 0.8,
        "observation_count": 927,
        "best_score": 76.401,
        "first_seen": "2026-04-06T12:50:17.925156+00:00",
        "last_seen": "2026-08-19T14:49:42.798341+00:00",
        "ttl_seconds": -1.0
      }
    },
    {
      "type": "Feature",
      "geometry": {
        "type": "Point",
        "coordinates": [
          -0.2147,
          4.2112
        ]
      },
      "properties": {
        "obj_id": "chair_427",
        "class_name": "chair",
        "class_id": 56,
        "mobility": "static",
        "confidence": 0.637,
        "observation_count": 24,
        "best_score": 5.49,
        "first_seen": "2026-04-06T12:50:48.168695+00:00",
        "last_seen": "2026-04-23T12:03:22.237163+00:00",
        "ttl_seconds": -1.0
      }
    },
    {
      "type": "Feature",
      "geometry": {
        "type": "Point",
        "coordinates": [
          4.2002,
          4.1406
        ]
      },
      "properties": {
        "obj_id": "bench_436",
        "class_name": "bench",
        "class_id": 13,
        "mobility": "static",
        "confidence": 0.641,
        "observation_count": 4,
        "best_score": 2.635,
        "first_seen": "2026-04-07T07:38:10.475510+00:00",
        "last_seen": "2026-04-07T07:38:10.476849+00:00",
        "ttl_seconds": -1.0
      }
    },
    {
      "type": "Feature",
      "geometry": {
        "type": "Point",
        "coordinates": [
          8.7471,
          -0.5048
        ]
      },
      "properties": {
        "obj_id": "chair_443",
        "class_name": "chair",
        "class_id": 56,
        "mobility": "static",
        "confidence": 0.56,
        "observation_count": 4,
        "best_score": 3.313,
        "first_seen": "2026-04-07T07:43:59.087798+00:00",
        "last_seen": "2026-04-07T07:43:59.089271+00:00",
        "ttl_seconds": -1.0
      }
    },
    {
      "type": "Feature",
      "geometry": {
        "type": "Point",
        "coordinates": [
          6.1553,
          4.3513
        ]
      },
      "properties": {
        "obj_id": "chair_444",
        "class_name": "chair",
        "class_id": 56,
        "mobility": "static",
        "confidence": 0.791,
        "observation_count": 44,
        "best_score": 2.349,
        "first_seen": "2026-04-07T07:46:19.228561+00:00",
        "last_seen": "2026-04-27T09:26:08.303365+00:00",
        "ttl_seconds": -1.0
      }
    },
    {
      "type": "Feature",
      "geometry": {
        "type": "Point",
        "coordinates": [
          2.9205,
          6.0915
        ]
      },
      "properties": {
        "obj_id": "chair_445",
        "class_name": "chair",
        "class_id": 56,
        "mobility": "static",
        "confidence": 0.661,
        "observation_count": 8,
        "best_score": 2.392,
        "first_seen": "2026-04-07T07:46:20.020801+00:00",
        "last_seen": "2026-04-23T11:55:41.911698+00:00",
        "ttl_seconds": -1.0
      }
    },
    {
      "type": "Feature",
      "geometry": {
        "type": "Point",
        "coordinates": [
          9.0018,
          -0.9015
        ]
      },
      "properties": {
        "obj_id": "bench_446",
        "class_name": "bench",
        "class_id": 13,
        "mobility": "static",
        "confidence": 0.782,
        "observation_count": 548,
        "best_score": 8.215,
        "first_seen": "2026-04-07T07:46:24.675046+00:00",
        "last_seen": "2026-08-19T14:46:14.774292+00:00",
        "ttl_seconds": -1.0
      }
    },
    {
      "type": "Feature",
      "geometry": {
        "type": "Point",
        "coordinates": [
          7.6769,
          -1.7825
        ]
      },
      "properties": {
        "obj_id": "dining table_448",
        "class_name": "dining table",
        "class_id": 60,
        "mobility": "static",
        "confidence": 0.598,
        "observation_count": 28,
        "best_score": 37.107,
        "first_seen": "2026-04-07T07:46:51.281942+00:00",
        "last_seen": "2026-08-19T12:45:56.444112+00:00",
        "ttl_seconds": -1.0
      }
    },
    {
      "type": "Feature",
      "geometry": {
        "type": "Point",
        "coordinates": [
          7.4978,
          6.6733
        ]
      },
      "properties": {
        "obj_id": "dining table_459",
        "class_name": "dining table",
        "class_id": 60,
        "mobility": "static",
        "confidence": 0.722,
        "observation_count": 26,
        "best_score": 36.24,
        "first_seen": "2026-04-07T07:53:18.940880+00:00",
        "last_seen": "2026-08-18T14:29:44.612538+00:00",
        "ttl_seconds": -1.0
      }
    },
    {
      "type": "Feature",
      "geometry": {
        "type": "Point",
        "coordinates": [
          2.2171,
          6.1333
        ]
      },
      "properties": {
        "obj_id": "bench_462",
        "class_name": "bench",
        "class_id": 13,
        "mobility": "static",
        "confidence": 0.616,
        "observation_count": 13,
        "best_score": 26.97,
        "first_seen": "2026-04-07T07:56:00.496371+00:00",
        "last_seen": "2026-04-09T08:01:39.088792+00:00",
        "ttl_seconds": -1.0
      }
    },
    {
      "type": "Feature",
      "geometry": {
        "type": "Point",
        "coordinates": [
          5.0696,
          -2.7842
        ]
      },
      "properties": {
        "obj_id": "potted plant_469",
        "class_name": "potted plant",
        "class_id": 58,
        "mobility": "static",
        "confidence": 0.528,
        "observation_count": 1,
        "best_score": 0.523,
        "first_seen": "2026-04-07T11:26:21.133396+00:00",
        "last_seen": "2026-04-07T11:26:21.133396+00:00",
        "ttl_seconds": -1.0
      }
    },
    {
      "type": "Feature",
      "geometry": {
        "type": "Point",
        "coordinates": [
          1.3663,
          -3.0937
        ]
      },
      "properties": {
        "obj_id": "potted plant_470",
        "class_name": "potted plant",
        "class_id": 58,
        "mobility": "static",
        "confidence": 0.521,
        "observation_count": 1,
        "best_score": 0.381,
        "first_seen": "2026-04-07T11:26:22.681348+00:00",
        "last_seen": "2026-04-07T11:26:22.681348+00:00",
        "ttl_seconds": -1.0
      }
    },
    {
      "type": "Feature",
      "geometry": {
        "type": "Point",
        "coordinates": [
          0.3029,
          5.9467
        ]
      },
      "properties": {
        "obj_id": "chair_480",
        "class_name": "chair",
        "class_id": 56,
        "mobility": "static",
        "confidence": 0.551,
        "observation_count": 3,
        "best_score": 3.456,
        "first_seen": "2026-04-08T10:23:23.903086+00:00",
        "last_seen": "2026-04-08T10:23:23.904845+00:00",
        "ttl_seconds": -1.0
      }
    },
    {
      "type": "Feature",
      "geometry": {
        "type": "Point",
        "coordinates": [
          2.2253,
          5.5245
        ]
      },
      "properties": {
        "obj_id": "couch_529",
        "class_name": "couch",
        "class_id": 57,
        "mobility": "static",
        "confidence": 0.735,
        "observation_count": 14,
        "best_score": 105.897,
        "first_seen": "2026-04-08T10:40:58.112723+00:00",
        "last_seen": "2026-04-08T10:40:58.457213+00:00",
        "ttl_seconds": -1.0
      }
    },
    {
      "type": "Feature",
      "geometry": {
        "type": "Point",
        "coordinates": [
          3.4233,
          -1.8122
        ]
      },
      "properties": {
        "obj_id": "chair_552",
        "class_name": "chair",
        "class_id": 56,
        "mobility": "static",
        "confidence": 0.597,
        "observation_count": 4,
        "best_score": 4.317,
        "first_seen": "2026-04-09T07:30:58.509187+00:00",
        "last_seen": "2026-04-09T07:30:58.510461+00:00",
        "ttl_seconds": -1.0
      }
    },
    {
      "type": "Feature",
      "geometry": {
        "type": "Point",
        "coordinates": [
          8.6169,
          0.0475
        ]
      },
      "properties": {
        "obj_id": "dining table_553",
        "class_name": "dining table",
        "class_id": 60,
        "mobility": "static",
        "confidence": 0.52,
        "observation_count": 1,
        "best_score": 5.841,
        "first_seen": "2026-04-09T07:31:39.604030+00:00",
        "last_seen": "2026-04-09T07:31:39.604030+00:00",
        "ttl_seconds": -1.0
      }
    },
    {
      "type": "Feature",
      "geometry": {
        "type": "Point",
        "coordinates": [
          7.2752,
          6.515
        ]
      },
      "properties": {
        "obj_id": "potted plant_557",
        "class_name": "potted plant",
        "class_id": 58,
        "mobility": "static",
        "confidence": 0.928,
        "observation_count": 40492,
        "best_score": 26.53,
        "first_seen": "2026-04-09T07:47:34.952887+00:00",
        "last_seen": "2026-08-18T15:40:01.766555+00:00",
        "ttl_seconds": -1.0
      }
    },
    {
      "type": "Feature",
      "geometry": {
        "type": "Point",
        "coordinates": [
          2.222,
          5.5904
        ]
      },
      "properties": {
        "obj_id": "bench_572",
        "class_name": "bench",
        "class_id": 13,
        "mobility": "static",
        "confidence": 0.564,
        "observation_count": 10,
        "best_score": 47.066,
        "first_seen": "2026-04-09T08:01:35.093635+00:00",
        "last_seen": "2026-04-09T08:01:41.797632+00:00",
        "ttl_seconds": -1.0
      }
    },
    {
      "type": "Feature",
      "geometry": {
        "type": "Point",
        "coordinates": [
          5.7026,
          4.0163
        ]
      },
      "properties": {
        "obj_id": "dining table_592",
        "class_name": "dining table",
        "class_id": 60,
        "mobility": "static",
        "confidence": 0.736,
        "observation_count": 17,
        "best_score": 15.137,
        "first_seen": "2026-04-09T08:08:59.336583+00:00",
        "last_seen": "2026-08-18T13:02:02.595004+00:00",
        "ttl_seconds": -1.0
      }
    },
    {
      "type": "Feature",
      "geometry": {
        "type": "Point",
        "coordinates": [
          3.9321,
          6.6498
        ]
      },
      "properties": {
        "obj_id": "chair_594",
        "class_name": "chair",
        "class_id": 56,
        "mobility": "static",
        "confidence": 0.712,
        "observation_count": 70,
        "best_score": 3.61,
        "first_seen": "2026-04-09T08:09:06.530843+00:00",
        "last_seen": "2026-04-23T14:11:59.068095+00:00",
        "ttl_seconds": -1.0
      }
    },
    {
      "type": "Feature",
      "geometry": {
        "type": "Point",
        "coordinates": [
          3.6115,
          6.557
        ]
      },
      "properties": {
        "obj_id": "chair_595",
        "class_name": "chair",
        "class_id": 56,
        "mobility": "static",
        "confidence": 0.712,
        "observation_count": 28,
        "best_score": 2.463,
        "first_seen": "2026-04-09T08:14:53.568435+00:00",
        "last_seen": "2026-08-17T13:43:03.421838+00:00",
        "ttl_seconds": -1.0
      }
    },
    {
      "type": "Feature",
      "geometry": {
        "type": "Point",
        "coordinates": [
          -0.1428,
          5.3644
        ]
      },
      "properties": {
        "obj_id": "laptop_601",
        "class_name": "laptop",
        "class_id": 63,
        "mobility": "static",
        "confidence": 0.535,
        "observation_count": 5,
        "best_score": 32.142,
        "first_seen": "2026-04-09T08:20:35.989066+00:00",
        "last_seen": "2026-04-27T10:09:19.772025+00:00",
        "ttl_seconds": -1.0
      }
    },
    {
      "type": "Feature",
      "geometry": {
        "type": "Point",
        "coordinates": [
          3.3738,
          -1.7617
        ]
      },
      "properties": {
        "obj_id": "bench_602",
        "class_name": "bench",
        "class_id": 13,
        "mobility": "static",
        "confidence": 0.812,
        "observation_count": 135,
        "best_score": 15.328,
        "first_seen": "2026-04-09T08:21:13.438668+00:00",
        "last_seen": "2026-08-20T09:12:19.952636+00:00",
        "ttl_seconds": -1.0
      }
    },
    {
      "type": "Feature",
      "geometry": {
        "type": "Point",
        "coordinates": [
          4.581,
          5.0153
        ]
      },
      "properties": {
        "obj_id": "refrigerator_604",
        "class_name": "refrigerator",
        "class_id": 72,
        "mobility": "static",
        "confidence": 0.539,
        "observation_count": 3,
        "best_score": 1.851,
        "first_seen": "2026-04-09T08:24:55.683913+00:00",
        "last_seen": "2026-04-09T08:24:55.685439+00:00",
        "ttl_seconds": -1.0
      }
    },
    {
      "type": "Feature",
      "geometry": {
        "type": "Point",
        "coordinates": [
          6.2289,
          0.819
        ]
      },
      "properties": {
        "obj_id": "chair_621",
        "class_name": "chair",
        "class_id": 56,
        "mobility": "static",
        "confidence": 0.588,
        "observation_count": 112,
        "best_score": 1.037,
        "first_seen": "2026-04-15T08:37:26.032434+00:00",
        "last_seen": "2026-04-15T08:39:29.720186+00:00",
        "ttl_seconds": -1.0
      }
    },
    {
      "type": "Feature",
      "geometry": {
        "type": "Point",
        "coordinates": [
          7.9517,
          0.3183
        ]
      },
      "properties": {
        "obj_id": "chair_630",
        "class_name": "chair",
        "class_id": 56,
        "mobility": "static",
        "confidence": 0.64,
        "observation_count": 45,
        "best_score": 0.853,
        "first_seen": "2026-04-15T08:40:35.503507+00:00",
        "last_seen": "2026-04-15T08:42:53.588950+00:00",
        "ttl_seconds": -1.0
      }
    },
    {
      "type": "Feature",
      "geometry": {
        "type": "Point",
        "coordinates": [
          7.079,
          0.3912
        ]
      },
      "properties": {
        "obj_id": "chair_643",
        "class_name": "chair",
        "class_id": 56,
        "mobility": "static",
        "confidence": 0.698,
        "observation_count": 6,
        "best_score": 1.324,
        "first_seen": "2026-04-15T08:42:49.128105+00:00",
        "last_seen": "2026-04-15T08:42:49.131608+00:00",
        "ttl_seconds": -1.0
      }
    },
    {
      "type": "Feature",
      "geometry": {
        "type": "Point",
        "coordinates": [
          1.7184,
          0.3363
        ]
      },
      "properties": {
        "obj_id": "toilet_644",
        "class_name": "toilet",
        "class_id": 61,
        "mobility": "static",
        "confidence": 0.577,
        "observation_count": 2,
        "best_score": 44.84,
        "first_seen": "2026-04-15T08:42:49.534274+00:00",
        "last_seen": "2026-04-15T08:42:49.535387+00:00",
        "ttl_seconds": -1.0
      }
    },
    {
      "type": "Feature",
      "geometry": {
        "type": "Point",
        "coordinates": [
          1.6185,
          0.3199
        ]
      },
      "properties": {
        "obj_id": "chair_645",
        "class_name": "chair",
        "class_id": 56,
        "mobility": "static",
        "confidence": 0.683,
        "observation_count": 6,
        "best_score": 18.23,
        "first_seen": "2026-04-15T08:42:57.126463+00:00",
        "last_seen": "2026-04-15T08:42:57.128487+00:00",
        "ttl_seconds": -1.0
      }
    },
    {
      "type": "Feature",
      "geometry": {
        "type": "Point",
        "coordinates": [
          7.0135,
          0.5176
        ]
      },
      "properties": {
        "obj_id": "suitcase_646",
        "class_name": "suitcase",
        "class_id": 28,
        "mobility": "static",
        "confidence": 0.514,
        "observation_count": 3,
        "best_score": 1.454,
        "first_seen": "2026-04-15T08:42:59.467143+00:00",
        "last_seen": "2026-04-15T08:42:59.867340+00:00",
        "ttl_seconds": -1.0
      }
    },
    {
      "type": "Feature",
      "geometry": {
        "type": "Point",
        "coordinates": [
          6.8077,
          -0.1386
        ]
      },
      "properties": {
        "obj_id": "chair_648",
        "class_name": "chair",
        "class_id": 56,
        "mobility": "static",
        "confidence": 0.587,
        "observation_count": 2,
        "best_score": 1.415,
        "first_seen": "2026-04-15T08:43:02.265109+00:00",
        "last_seen": "2026-04-15T08:43:02.266087+00:00",
        "ttl_seconds": -1.0
      }
    },
    {
      "type": "Feature",
      "geometry": {
        "type": "Point",
        "coordinates": [
          2.1855,
          3.8042
        ]
      },
      "properties": {
        "obj_id": "suitcase_694",
        "class_name": "suitcase",
        "class_id": 28,
        "mobility": "static",
        "confidence": 0.676,
        "observation_count": 8,
        "best_score": 7.935,
        "first_seen": "2026-04-15T10:39:36.769199+00:00",
        "last_seen": "2026-04-15T10:39:36.770474+00:00",
        "ttl_seconds": -1.0
      }
    },
    {
      "type": "Feature",
      "geometry": {
        "type": "Point",
        "coordinates": [
          -1.1767,
          1.1973
        ]
      },
      "properties": {
        "obj_id": "bench_717",
        "class_name": "bench",
        "class_id": 13,
        "mobility": "static",
        "confidence": 0.808,
        "observation_count": 188,
        "best_score": 20.271,
        "first_seen": "2026-04-15T10:47:25.403541+00:00",
        "last_seen": "2026-04-23T11:53:20.223205+00:00",
        "ttl_seconds": -1.0
      }
    },
    {
      "type": "Feature",
      "geometry": {
        "type": "Point",
        "coordinates": [
          8.5885,
          0.3646
        ]
      },
      "properties": {
        "obj_id": "bench_736",
        "class_name": "bench",
        "class_id": 13,
        "mobility": "static",
        "confidence": 0.753,
        "observation_count": 75,
        "best_score": 3.24,
        "first_seen": "2026-04-15T11:09:14.647661+00:00",
        "last_seen": "2026-04-16T11:43:29.782167+00:00",
        "ttl_seconds": -1.0
      }
    },
    {
      "type": "Feature",
      "geometry": {
        "type": "Point",
        "coordinates": [
          8.2971,
          -1.0567
        ]
      },
      "properties": {
        "obj_id": "bench_737",
        "class_name": "bench",
        "class_id": 13,
        "mobility": "static",
        "confidence": 0.663,
        "observation_count": 18,
        "best_score": 6.534,
        "first_seen": "2026-04-15T11:11:57.466079+00:00",
        "last_seen": "2026-04-16T11:42:41.456583+00:00",
        "ttl_seconds": -1.0
      }
    },
    {
      "type": "Feature",
      "geometry": {
        "type": "Point",
        "coordinates": [
          3.6614,
          5.1753
        ]
      },
      "properties": {
        "obj_id": "refrigerator_760",
        "class_name": "refrigerator",
        "class_id": 72,
        "mobility": "static",
        "confidence": 0.522,
        "observation_count": 2,
        "best_score": 4.618,
        "first_seen": "2026-04-15T11:24:31.882013+00:00",
        "last_seen": "2026-04-16T14:15:11.961564+00:00",
        "ttl_seconds": -1.0
      }
    },
    {
      "type": "Feature",
      "geometry": {
        "type": "Point",
        "coordinates": [
          -0.2486,
          1.0264
        ]
      },
      "properties": {
        "obj_id": "potted plant_761",
        "class_name": "potted plant",
        "class_id": 58,
        "mobility": "static",
        "confidence": 0.562,
        "observation_count": 3,
        "best_score": 0.983,
        "first_seen": "2026-04-15T11:37:18.073648+00:00",
        "last_seen": "2026-04-15T11:37:18.075049+00:00",
        "ttl_seconds": -1.0
      }
    },
    {
      "type": "Feature",
      "geometry": {
        "type": "Point",
        "coordinates": [
          6.5153,
          -1.8983
        ]
      },
      "properties": {
        "obj_id": "bench_805",
        "class_name": "bench",
        "class_id": 13,
        "mobility": "static",
        "confidence": 0.812,
        "observation_count": 311,
        "best_score": 27.995,
        "first_seen": "2026-04-15T12:36:50.430794+00:00",
        "last_seen": "2026-04-21T08:37:38.004438+00:00",
        "ttl_seconds": -1.0
      }
    },
    {
      "type": "Feature",
      "geometry": {
        "type": "Point",
        "coordinates": [
          9.1882,
          4.6865
        ]
      },
      "properties": {
        "obj_id": "fire hydrant_809",
        "class_name": "fire hydrant",
        "class_id": 10,
        "mobility": "static",
        "confidence": 0.593,
        "observation_count": 2,
        "best_score": 2.622,
        "first_seen": "2026-04-15T12:41:57.856751+00:00",
        "last_seen": "2026-04-15T12:41:57.857680+00:00",
        "ttl_seconds": -1.0
      }
    },
    {
      "type": "Feature",
      "geometry": {
        "type": "Point",
        "coordinates": [
          5.0926,
          -1.3263
        ]
      },
      "properties": {
        "obj_id": "backpack_819",
        "class_name": "backpack",
        "class_id": 24,
        "mobility": "static",
        "confidence": 0.553,
        "observation_count": 8,
        "best_score": 3.33,
        "first_seen": "2026-04-16T08:15:56.239817+00:00",
        "last_seen": "2026-04-16T08:39:09.389480+00:00",
        "ttl_seconds": -1.0
      }
    },
    {
      "type": "Feature",
      "geometry": {
        "type": "Point",
        "coordinates": [
          8.8246,
          -1.4962
        ]
      },
      "properties": {
        "obj_id": "bench_821",
        "class_name": "bench",
        "class_id": 13,
        "mobility": "static",
        "confidence": 0.756,
        "observation_count": 271,
        "best_score": 7.451,
        "first_seen": "2026-04-16T08:16:42.172994+00:00",
        "last_seen": "2026-08-19T14:36:31.627444+00:00",
        "ttl_seconds": -1.0
      }
    },
    {
      "type": "Feature",
      "geometry": {
        "type": "Point",
        "coordinates": [
          6.9691,
          -2.1661
        ]
      },
      "properties": {
        "obj_id": "potted plant_822",
        "class_name": "potted plant",
        "class_id": 58,
        "mobility": "static",
        "confidence": 0.869,
        "observation_count": 4696,
        "best_score": 20.987,
        "first_seen": "2026-04-16T08:16:47.359236+00:00",
        "last_seen": "2026-08-19T14:38:58.453360+00:00",
        "ttl_seconds": -1.0
      }
    },
    {
      "type": "Feature",
      "geometry": {
        "type": "Point",
        "coordinates": [
          4.8309,
          7.299
        ]
      },
      "properties": {
        "obj_id": "potted plant_823",
        "class_name": "potted plant",
        "class_id": 58,
        "mobility": "static",
        "confidence": 0.764,
        "observation_count": 100,
        "best_score": 9.338,
        "first_seen": "2026-04-16T08:27:59.435980+00:00",
        "last_seen": "2026-04-16T08:28:03.140605+00:00",
        "ttl_seconds": -1.0
      }
    },
    {
      "type": "Feature",
      "geometry": {
        "type": "Point",
        "coordinates": [
          4.3506,
          3.5018
        ]
      },
      "properties": {
        "obj_id": "refrigerator_826",
        "class_name": "refrigerator",
        "class_id": 72,
        "mobility": "static",
        "confidence": 0.668,
        "observation_count": 32,
        "best_score": 3.624,
        "first_seen": "2026-04-16T08:28:25.063998+00:00",
        "last_seen": "2026-04-23T12:41:06.966668+00:00",
        "ttl_seconds": -1.0
      }
    },
    {
      "type": "Feature",
      "geometry": {
        "type": "Point",
        "coordinates": [
          10.2855,
          -2.6988
        ]
      },
      "properties": {
        "obj_id": "bench_827",
        "class_name": "bench",
        "class_id": 13,
        "mobility": "static",
        "confidence": 0.595,
        "observation_count": 5,
        "best_score": 4.651,
        "first_seen": "2026-04-16T08:29:43.046728+00:00",
        "last_seen": "2026-04-16T08:29:43.047880+00:00",
        "ttl_seconds": -1.0
      }
    },
    {
      "type": "Feature",
      "geometry": {
        "type": "Point",
        "coordinates": [
          9.4588,
          -1.1366
        ]
      },
      "properties": {
        "obj_id": "bench_831",
        "class_name": "bench",
        "class_id": 13,
        "mobility": "static",
        "confidence": 0.585,
        "observation_count": 3,
        "best_score": 3.535,
        "first_seen": "2026-04-16T08:29:52.049891+00:00",
        "last_seen": "2026-04-16T08:29:52.052536+00:00",
        "ttl_seconds": -1.0
      }
    },
    {
      "type": "Feature",
      "geometry": {
        "type": "Point",
        "coordinates": [
          9.0085,
          -0.1236
        ]
      },
      "properties": {
        "obj_id": "bench_832",
        "class_name": "bench",
        "class_id": 13,
        "mobility": "static",
        "confidence": 0.592,
        "observation_count": 43,
        "best_score": 4.636,
        "first_seen": "2026-04-16T08:29:52.051033+00:00",
        "last_seen": "2026-08-19T12:45:47.651894+00:00",
        "ttl_seconds": -1.0
      }
    },
    {
      "type": "Feature",
      "geometry": {
        "type": "Point",
        "coordinates": [
          4.9367,
          -1.3646
        ]
      },
      "properties": {
        "obj_id": "laptop_849",
        "class_name": "laptop",
        "class_id": 63,
        "mobility": "static",
        "confidence": 0.805,
        "observation_count": 19,
        "best_score": 4.173,
        "first_seen": "2026-04-16T08:48:07.133991+00:00",
        "last_seen": "2026-04-16T08:48:07.530021+00:00",
        "ttl_seconds": -1.0
      }
    },
    {
      "type": "Feature",
      "geometry": {
        "type": "Point",
        "coordinates": [
          8.5524,
          5.8875
        ]
      },
      "properties": {
        "obj_id": "potted plant_851",
        "class_name": "potted plant",
        "class_id": 58,
        "mobility": "static",
        "confidence": 0.922,
        "observation_count": 1265,
        "best_score": 20.266,
        "first_seen": "2026-04-16T08:48:34.261595+00:00",
        "last_seen": "2026-08-19T14:40:32.383830+00:00",
        "ttl_seconds": -1.0
      }
    },
    {
      "type": "Feature",
      "geometry": {
        "type": "Point",
        "coordinates": [
          5.4871,
          -1.5101
        ]
      },
      "properties": {
        "obj_id": "bed_852",
        "class_name": "bed",
        "class_id": 59,
        "mobility": "static",
        "confidence": 0.588,
        "observation_count": 18,
        "best_score": 12.192,
        "first_seen": "2026-04-16T09:01:48.428151+00:00",
        "last_seen": "2026-04-16T09:37:07.462484+00:00",
        "ttl_seconds": -1.0
      }
    },
    {
      "type": "Feature",
      "geometry": {
        "type": "Point",
        "coordinates": [
          8.1298,
          7.1456
        ]
      },
      "properties": {
        "obj_id": "potted plant_853",
        "class_name": "potted plant",
        "class_id": 58,
        "mobility": "static",
        "confidence": 0.927,
        "observation_count": 1047,
        "best_score": 20.239,
        "first_seen": "2026-04-16T09:01:53.940582+00:00",
        "last_seen": "2026-04-27T09:26:22.750682+00:00",
        "ttl_seconds": -1.0
      }
    },
    {
      "type": "Feature",
      "geometry": {
        "type": "Point",
        "coordinates": [
          5.6518,
          5.647
        ]
      },
      "properties": {
        "obj_id": "chair_866",
        "class_name": "chair",
        "class_id": 56,
        "mobility": "static",
        "confidence": 0.9,
        "observation_count": 895,
        "best_score": 17.571,
        "first_seen": "2026-04-16T09:24:46.346214+00:00",
        "last_seen": "2026-04-24T14:31:19.477045+00:00",
        "ttl_seconds": -1.0
      }
    },
    {
      "type": "Feature",
      "geometry": {
        "type": "Point",
        "coordinates": [
          8.3577,
          4.75
        ]
      },
      "properties": {
        "obj_id": "chair_867",
        "class_name": "chair",
        "class_id": 56,
        "mobility": "static",
        "confidence": 0.502,
        "observation_count": 1,
        "best_score": 1.526,
        "first_seen": "2026-04-16T09:24:49.449896+00:00",
        "last_seen": "2026-04-16T09:24:49.449896+00:00",
        "ttl_seconds": -1.0
      }
    },
    {
      "type": "Feature",
      "geometry": {
        "type": "Point",
        "coordinates": [
          4.4334,
          5.8845
        ]
      },
      "properties": {
        "obj_id": "chair_870",
        "class_name": "chair",
        "class_id": 56,
        "mobility": "static",
        "confidence": 0.863,
        "observation_count": 393,
        "best_score": 4.168,
        "first_seen": "2026-04-16T09:39:58.670653+00:00",
        "last_seen": "2026-04-23T13:55:01.231426+00:00",
        "ttl_seconds": -1.0
      }
    },
    {
      "type": "Feature",
      "geometry": {
        "type": "Point",
        "coordinates": [
          3.6166,
          -1.6412
        ]
      },
      "properties": {
        "obj_id": "bench_871",
        "class_name": "bench",
        "class_id": 13,
        "mobility": "static",
        "confidence": 0.732,
        "observation_count": 399,
        "best_score": 5.977,
        "first_seen": "2026-04-16T09:44:16.773397+00:00",
        "last_seen": "2026-08-20T09:12:19.269926+00:00",
        "ttl_seconds": -1.0
      }
    },
    {
      "type": "Feature",
      "geometry": {
        "type": "Point",
        "coordinates": [
          0.8285,
          8.4315
        ]
      },
      "properties": {
        "obj_id": "laptop_894",
        "class_name": "laptop",
        "class_id": 63,
        "mobility": "static",
        "confidence": 0.842,
        "observation_count": 9,
        "best_score": 2.424,
        "first_seen": "2026-04-16T10:03:40.770632+00:00",
        "last_seen": "2026-04-16T10:03:40.774254+00:00",
        "ttl_seconds": -1.0
      }
    },
    {
      "type": "Feature",
      "geometry": {
        "type": "Point",
        "coordinates": [
          0.8616,
          10.657
        ]
      },
      "properties": {
        "obj_id": "laptop_895",
        "class_name": "laptop",
        "class_id": 63,
        "mobility": "static",
        "confidence": 0.835,
        "observation_count": 9,
        "best_score": 2.246,
        "first_seen": "2026-04-16T10:03:40.772524+00:00",
        "last_seen": "2026-04-16T10:03:40.774294+00:00",
        "ttl_seconds": -1.0
      }
    },
    {
      "type": "Feature",
      "geometry": {
        "type": "Point",
        "coordinates": [
          4.579,
          11.152
        ]
      },
      "properties": {
        "obj_id": "potted plant_896",
        "class_name": "potted plant",
        "class_id": 58,
        "mobility": "static",
        "confidence": 0.726,
        "observation_count": 120,
        "best_score": 0.844,
        "first_seen": "2026-04-16T10:03:43.019147+00:00",
        "last_seen": "2026-04-16T10:03:48.629859+00:00",
        "ttl_seconds": -1.0
      }
    },
    {
      "type": "Feature",
      "geometry": {
        "type": "Point",
        "coordinates": [
          2.87,
          -2.0108
        ]
      },
      "properties": {
        "obj_id": "backpack_962",
        "class_name": "backpack",
        "class_id": 24,
        "mobility": "static",
        "confidence": 0.626,
        "observation_count": 43,
        "best_score": 0.448,
        "first_seen": "2026-04-16T11:04:38.679145+00:00",
        "last_seen": "2026-04-16T11:10:56.445891+00:00",
        "ttl_seconds": -1.0
      }
    },
    {
      "type": "Feature",
      "geometry": {
        "type": "Point",
        "coordinates": [
          -0.4781,
          -1.5844
        ]
      },
      "properties": {
        "obj_id": "backpack_969",
        "class_name": "backpack",
        "class_id": 24,
        "mobility": "static",
        "confidence": 0.575,
        "observation_count": 1,
        "best_score": 0.329,
        "first_seen": "2026-04-16T11:05:32.211255+00:00",
        "last_seen": "2026-04-16T11:05:32.211255+00:00",
        "ttl_seconds": -1.0
      }
    },
    {
      "type": "Feature",
      "geometry": {
        "type": "Point",
        "coordinates": [
          1.4029,
          0.4858
        ]
      },
      "properties": {
        "obj_id": "backpack_1019",
        "class_name": "backpack",
        "class_id": 24,
        "mobility": "static",
        "confidence": 0.507,
        "observation_count": 1,
        "best_score": 0.847,
        "first_seen": "2026-04-16T11:07:31.761874+00:00",
        "last_seen": "2026-04-16T11:07:31.761874+00:00",
        "ttl_seconds": -1.0
      }
    },
    {
      "type": "Feature",
      "geometry": {
        "type": "Point",
        "coordinates": [
          4.9523,
          4.3813
        ]
      },
      "properties": {
        "obj_id": "bench_1046",
        "class_name": "bench",
        "class_id": 13,
        "mobility": "static",
        "confidence": 0.68,
        "observation_count": 59,
        "best_score": 64.773,
        "first_seen": "2026-04-16T11:09:52.836959+00:00",
        "last_seen": "2026-08-19T07:21:20.268952+00:00",
        "ttl_seconds": -1.0
      }
    },
    {
      "type": "Feature",
      "geometry": {
        "type": "Point",
        "coordinates": [
          4.5281,
          4.8858
        ]
      },
      "properties": {
        "obj_id": "bench_1113",
        "class_name": "bench",
        "class_id": 13,
        "mobility": "static",
        "confidence": 0.661,
        "observation_count": 25,
        "best_score": 2.682,
        "first_seen": "2026-04-16T11:28:49.059991+00:00",
        "last_seen": "2026-08-19T07:21:22.143471+00:00",
        "ttl_seconds": -1.0
      }
    },
    {
      "type": "Feature",
      "geometry": {
        "type": "Point",
        "coordinates": [
          -0.1688,
          5.8382
        ]
      },
      "properties": {
        "obj_id": "bed_1125",
        "class_name": "bed",
        "class_id": 59,
        "mobility": "static",
        "confidence": 0.763,
        "observation_count": 12,
        "best_score": 62.226,
        "first_seen": "2026-04-16T14:04:49.263770+00:00",
        "last_seen": "2026-08-19T06:56:48.720467+00:00",
        "ttl_seconds": -1.0
      }
    },
    {
      "type": "Feature",
      "geometry": {
        "type": "Point",
        "coordinates": [
          6.6694,
          4.8363
        ]
      },
      "properties": {
        "obj_id": "chair_1144",
        "class_name": "chair",
        "class_id": 56,
        "mobility": "static",
        "confidence": 0.788,
        "observation_count": 117,
        "best_score": 200.713,
        "first_seen": "2026-04-16T14:15:06.486077+00:00",
        "last_seen": "2026-08-18T14:21:01.749464+00:00",
        "ttl_seconds": -1.0
      }
    },
    {
      "type": "Feature",
      "geometry": {
        "type": "Point",
        "coordinates": [
          6.0168,
          6.2538
        ]
      },
      "properties": {
        "obj_id": "potted plant_1146",
        "class_name": "potted plant",
        "class_id": 58,
        "mobility": "static",
        "confidence": 0.913,
        "observation_count": 163,
        "best_score": 14.526,
        "first_seen": "2026-04-17T12:47:02.880736+00:00",
        "last_seen": "2026-08-18T15:40:02.253684+00:00",
        "ttl_seconds": -1.0
      }
    },
    {
      "type": "Feature",
      "geometry": {
        "type": "Point",
        "coordinates": [
          7.3424,
          -1.9708
        ]
      },
      "properties": {
        "obj_id": "potted plant_1148",
        "class_name": "potted plant",
        "class_id": 58,
        "mobility": "static",
        "confidence": 0.816,
        "observation_count": 2492,
        "best_score": 12.65,
        "first_seen": "2026-04-17T12:51:54.762512+00:00",
        "last_seen": "2026-08-19T14:46:21.103009+00:00",
        "ttl_seconds": -1.0
      }
    },
    {
      "type": "Feature",
      "geometry": {
        "type": "Point",
        "coordinates": [
          6.8646,
          -0.2852
        ]
      },
      "properties": {
        "obj_id": "potted plant_1150",
        "class_name": "potted plant",
        "class_id": 58,
        "mobility": "static",
        "confidence": 0.707,
        "observation_count": 11,
        "best_score": 1.592,
        "first_seen": "2026-04-17T12:56:05.999014+00:00",
        "last_seen": "2026-04-20T11:10:59.308931+00:00",
        "ttl_seconds": -1.0
      }
    },
    {
      "type": "Feature",
      "geometry": {
        "type": "Point",
        "coordinates": [
          7.4044,
          -1.7426
        ]
      },
      "properties": {
        "obj_id": "potted plant_1151",
        "class_name": "potted plant",
        "class_id": 58,
        "mobility": "static",
        "confidence": 0.875,
        "observation_count": 1395,
        "best_score": 20.401,
        "first_seen": "2026-04-17T12:56:10.556546+00:00",
        "last_seen": "2026-08-19T14:49:45.240956+00:00",
        "ttl_seconds": -1.0
      }
    },
    {
      "type": "Feature",
      "geometry": {
        "type": "Point",
        "coordinates": [
          6.5062,
          5.0937
        ]
      },
      "properties": {
        "obj_id": "bench_1212",
        "class_name": "bench",
        "class_id": 13,
        "mobility": "static",
        "confidence": 0.511,
        "observation_count": 4,
        "best_score": 27.231,
        "first_seen": "2026-04-20T08:55:51.435292+00:00",
        "last_seen": "2026-04-20T08:55:59.129002+00:00",
        "ttl_seconds": -1.0
      }
    },
    {
      "type": "Feature",
      "geometry": {
        "type": "Point",
        "coordinates": [
          0.6385,
          -0.7701
        ]
      },
      "properties": {
        "obj_id": "backpack_1221",
        "class_name": "backpack",
        "class_id": 24,
        "mobility": "static",
        "confidence": 0.557,
        "observation_count": 2,
        "best_score": 0.69,
        "first_seen": "2026-04-20T09:03:55.602574+00:00",
        "last_seen": "2026-04-20T09:03:55.606520+00:00",
        "ttl_seconds": -1.0
      }
    },
    {
      "type": "Feature",
      "geometry": {
        "type": "Point",
        "coordinates": [
          -0.6914,
          6.159
        ]
      },
      "properties": {
        "obj_id": "bed_1226",
        "class_name": "bed",
        "class_id": 59,
        "mobility": "static",
        "confidence": 0.628,
        "observation_count": 6,
        "best_score": 30.88,
        "first_seen": "2026-04-20T09:07:25.774990+00:00",
        "last_seen": "2026-04-20T09:07:25.779313+00:00",
        "ttl_seconds": -1.0
      }
    },
    {
      "type": "Feature",
      "geometry": {
        "type": "Point",
        "coordinates": [
          7.6943,
          -1.8104
        ]
      },
      "properties": {
        "obj_id": "potted plant_1228",
        "class_name": "potted plant",
        "class_id": 58,
        "mobility": "static",
        "confidence": 0.806,
        "observation_count": 1647,
        "best_score": 24.379,
        "first_seen": "2026-04-20T09:13:33.585545+00:00",
        "last_seen": "2026-08-19T14:47:10.402817+00:00",
        "ttl_seconds": -1.0
      }
    },
    {
      "type": "Feature",
      "geometry": {
        "type": "Point",
        "coordinates": [
          7.8694,
          -1.6981
        ]
      },
      "properties": {
        "obj_id": "potted plant_1229",
        "class_name": "potted plant",
        "class_id": 58,
        "mobility": "static",
        "confidence": 0.752,
        "observation_count": 498,
        "best_score": 25.626,
        "first_seen": "2026-04-20T09:14:00.617652+00:00",
        "last_seen": "2026-08-19T14:46:11.584065+00:00",
        "ttl_seconds": -1.0
      }
    },
    {
      "type": "Feature",
      "geometry": {
        "type": "Point",
        "coordinates": [
          10.4939,
          -4.9867
        ]
      },
      "properties": {
        "obj_id": "chair_1230",
        "class_name": "chair",
        "class_id": 56,
        "mobility": "static",
        "confidence": 0.688,
        "observation_count": 9,
        "best_score": 1.247,
        "first_seen": "2026-04-20T09:14:04.684590+00:00",
        "last_seen": "2026-04-20T09:14:04.686786+00:00",
        "ttl_seconds": -1.0
      }
    },
    {
      "type": "Feature",
      "geometry": {
        "type": "Point",
        "coordinates": [
          12.1545,
          -5.6334
        ]
      },
      "properties": {
        "obj_id": "chair_1231",
        "class_name": "chair",
        "class_id": 56,
        "mobility": "static",
        "confidence": 0.764,
        "observation_count": 32,
        "best_score": 1.056,
        "first_seen": "2026-04-20T09:14:05.138610+00:00",
        "last_seen": "2026-04-20T09:14:06.316984+00:00",
        "ttl_seconds": -1.0
      }
    },
    {
      "type": "Feature",
      "geometry": {
        "type": "Point",
        "coordinates": [
          11.342,
          -6.6174
        ]
      },
      "properties": {
        "obj_id": "chair_1233",
        "class_name": "chair",
        "class_id": 56,
        "mobility": "static",
        "confidence": 0.647,
        "observation_count": 12,
        "best_score": 0.763,
        "first_seen": "2026-04-20T09:14:05.150705+00:00",
        "last_seen": "2026-04-20T09:14:06.317237+00:00",
        "ttl_seconds": -1.0
      }
    },
    {
      "type": "Feature",
      "geometry": {
        "type": "Point",
        "coordinates": [
          12.638,
          -4.5724
        ]
      },
      "properties": {
        "obj_id": "bed_1234",
        "class_name": "bed",
        "class_id": 59,
        "mobility": "static",
        "confidence": 0.522,
        "observation_count": 3,
        "best_score": 5.896,
        "first_seen": "2026-04-20T09:14:05.912199+00:00",
        "last_seen": "2026-04-20T09:14:05.913940+00:00",
        "ttl_seconds": -1.0
      }
    },
    {
      "type": "Feature",
      "geometry": {
        "type": "Point",
        "coordinates": [
          13.179,
          -4.3574
        ]
      },
      "properties": {
        "obj_id": "chair_1235",
        "class_name": "chair",
        "class_id": 56,
        "mobility": "static",
        "confidence": 0.661,
        "observation_count": 7,
        "best_score": 0.911,
        "first_seen": "2026-04-20T09:14:06.625949+00:00",
        "last_seen": "2026-04-20T09:14:06.629629+00:00",
        "ttl_seconds": -1.0
      }
    },
    {
      "type": "Feature",
      "geometry": {
        "type": "Point",
        "coordinates": [
          13.7489,
          -3.2226
        ]
      },
      "properties": {
        "obj_id": "chair_1236",
        "class_name": "chair",
        "class_id": 56,
        "mobility": "static",
        "confidence": 0.74,
        "observation_count": 49,
        "best_score": 1.083,
        "first_seen": "2026-04-20T09:14:07.111985+00:00",
        "last_seen": "2026-04-20T09:14:09.147415+00:00",
        "ttl_seconds": -1.0
      }
    },
    {
      "type": "Feature",
      "geometry": {
        "type": "Point",
        "coordinates": [
          7.6778,
          7.0085
        ]
      },
      "properties": {
        "obj_id": "potted plant_1239",
        "class_name": "potted plant",
        "class_id": 58,
        "mobility": "static",
        "confidence": 0.844,
        "observation_count": 96,
        "best_score": 26.19,
        "first_seen": "2026-04-20T09:27:27.113370+00:00",
        "last_seen": "2026-08-19T14:27:19.078976+00:00",
        "ttl_seconds": -1.0
      }
    },
    {
      "type": "Feature",
      "geometry": {
        "type": "Point",
        "coordinates": [
          3.8604,
          0.6383
        ]
      },
      "properties": {
        "obj_id": "chair_1241",
        "class_name": "chair",
        "class_id": 56,
        "mobility": "static",
        "confidence": 0.795,
        "observation_count": 281,
        "best_score": 4.119,
        "first_seen": "2026-04-20T09:29:26.771030+00:00",
        "last_seen": "2026-04-20T11:11:00.088392+00:00",
        "ttl_seconds": -1.0
      }
    },
    {
      "type": "Feature",
      "geometry": {
        "type": "Point",
        "coordinates": [
          6.2249,
          2.8957
        ]
      },
      "properties": {
        "obj_id": "chair_1243",
        "class_name": "chair",
        "class_id": 56,
        "mobility": "static",
        "confidence": 0.82,
        "observation_count": 42,
        "best_score": 5.611,
        "first_seen": "2026-04-20T09:29:44.671417+00:00",
        "last_seen": "2026-04-20T09:29:48.133807+00:00",
        "ttl_seconds": -1.0
      }
    },
    {
      "type": "Feature",
      "geometry": {
        "type": "Point",
        "coordinates": [
          -1.1546,
          2.5044
        ]
      },
      "properties": {
        "obj_id": "chair_1277",
        "class_name": "chair",
        "class_id": 56,
        "mobility": "static",
        "confidence": 0.736,
        "observation_count": 208,
        "best_score": 2.312,
        "first_seen": "2026-04-20T10:06:15.746025+00:00",
        "last_seen": "2026-08-19T14:28:12.629757+00:00",
        "ttl_seconds": -1.0
      }
    },
    {
      "type": "Feature",
      "geometry": {
        "type": "Point",
        "coordinates": [
          2.7877,
          6.6496
        ]
      },
      "properties": {
        "obj_id": "bed_1297",
        "class_name": "bed",
        "class_id": 59,
        "mobility": "static",
        "confidence": 0.539,
        "observation_count": 1,
        "best_score": 9.997,
        "first_seen": "2026-04-20T10:16:30.169560+00:00",
        "last_seen": "2026-04-20T10:16:30.169560+00:00",
        "ttl_seconds": -1.0
      }
    },
    {
      "type": "Feature",
      "geometry": {
        "type": "Point",
        "coordinates": [
          3.7926,
          2.3814
        ]
      },
      "properties": {
        "obj_id": "potted plant_1353",
        "class_name": "potted plant",
        "class_id": 58,
        "mobility": "static",
        "confidence": 0.577,
        "observation_count": 1,
        "best_score": 1.01,
        "first_seen": "2026-04-20T10:53:36.359862+00:00",
        "last_seen": "2026-04-20T10:53:36.359862+00:00",
        "ttl_seconds": -1.0
      }
    },
    {
      "type": "Feature",
      "geometry": {
        "type": "Point",
        "coordinates": [
          4.4014,
          1.3204
        ]
      },
      "properties": {
        "obj_id": "potted plant_1354",
        "class_name": "potted plant",
        "class_id": 58,
        "mobility": "static",
        "confidence": 0.532,
        "observation_count": 1,
        "best_score": 0.782,
        "first_seen": "2026-04-20T10:53:36.364460+00:00",
        "last_seen": "2026-04-20T10:53:36.364460+00:00",
        "ttl_seconds": -1.0
      }
    },
    {
      "type": "Feature",
      "geometry": {
        "type": "Point",
        "coordinates": [
          9.2379,
          1.8638
        ]
      },
      "properties": {
        "obj_id": "bench_1376",
        "class_name": "bench",
        "class_id": 13,
        "mobility": "static",
        "confidence": 0.641,
        "observation_count": 6,
        "best_score": 1.682,
        "first_seen": "2026-04-20T10:56:36.300598+00:00",
        "last_seen": "2026-04-20T10:56:36.303910+00:00",
        "ttl_seconds": -1.0
      }
    },
    {
      "type": "Feature",
      "geometry": {
        "type": "Point",
        "coordinates": [
          9.8462,
          2.5518
        ]
      },
      "properties": {
        "obj_id": "refrigerator_1377",
        "class_name": "refrigerator",
        "class_id": 72,
        "mobility": "static",
        "confidence": 0.629,
        "observation_count": 3,
        "best_score": 5.095,
        "first_seen": "2026-04-20T10:56:42.485691+00:00",
        "last_seen": "2026-04-20T10:56:42.889836+00:00",
        "ttl_seconds": -1.0
      }
    },
    {
      "type": "Feature",
      "geometry": {
        "type": "Point",
        "coordinates": [
          -1.0028,
          2.9794
        ]
      },
      "properties": {
        "obj_id": "chair_1437",
        "class_name": "chair",
        "class_id": 56,
        "mobility": "static",
        "confidence": 0.724,
        "observation_count": 53,
        "best_score": 2.078,
        "first_seen": "2026-04-20T11:04:41.045207+00:00",
        "last_seen": "2026-04-24T13:41:43.311185+00:00",
        "ttl_seconds": -1.0
      }
    },
    {
      "type": "Feature",
      "geometry": {
        "type": "Point",
        "coordinates": [
          7.5348,
          -2.407
        ]
      },
      "properties": {
        "obj_id": "potted plant_1438",
        "class_name": "potted plant",
        "class_id": 58,
        "mobility": "static",
        "confidence": 0.862,
        "observation_count": 149,
        "best_score": 4.514,
        "first_seen": "2026-04-20T11:05:22.866363+00:00",
        "last_seen": "2026-08-19T12:44:05.602589+00:00",
        "ttl_seconds": -1.0
      }
    },
    {
      "type": "Feature",
      "geometry": {
        "type": "Point",
        "coordinates": [
          8.8021,
          -1.91
        ]
      },
      "properties": {
        "obj_id": "potted plant_1440",
        "class_name": "potted plant",
        "class_id": 58,
        "mobility": "static",
        "confidence": 0.599,
        "observation_count": 21,
        "best_score": 2.275,
        "first_seen": "2026-04-20T11:08:50.996445+00:00",
        "last_seen": "2026-08-19T14:45:48.795516+00:00",
        "ttl_seconds": -1.0
      }
    },
    {
      "type": "Feature",
      "geometry": {
        "type": "Point",
        "coordinates": [
          15.0052,
          4.7842
        ]
      },
      "properties": {
        "obj_id": "chair_1447",
        "class_name": "chair",
        "class_id": 56,
        "mobility": "static",
        "confidence": 0.676,
        "observation_count": 5,
        "best_score": 0.254,
        "first_seen": "2026-04-20T11:09:11.027718+00:00",
        "last_seen": "2026-04-20T11:09:11.038182+00:00",
        "ttl_seconds": -1.0
      }
    },
    {
      "type": "Feature",
      "geometry": {
        "type": "Point",
        "coordinates": [
          6.3559,
          3.9903
        ]
      },
      "properties": {
        "obj_id": "sink_1450",
        "class_name": "sink",
        "class_id": 71,
        "mobility": "static",
        "confidence": 0.518,
        "observation_count": 2,
        "best_score": 31.599,
        "first_seen": "2026-04-20T11:10:43.755610+00:00",
        "last_seen": "2026-04-20T11:10:43.758897+00:00",
        "ttl_seconds": -1.0
      }
    },
    {
      "type": "Feature",
      "geometry": {
        "type": "Point",
        "coordinates": [
          5.339,
          1.125
        ]
      },
      "properties": {
        "obj_id": "chair_1456",
        "class_name": "chair",
        "class_id": 56,
        "mobility": "static",
        "confidence": 0.785,
        "observation_count": 16,
        "best_score": 3.15,
        "first_seen": "2026-04-20T11:10:59.305431+00:00",
        "last_seen": "2026-04-20T11:10:59.309248+00:00",
        "ttl_seconds": -1.0
      }
    },
    {
      "type": "Feature",
      "geometry": {
        "type": "Point",
        "coordinates": [
          5.0216,
          -1.0976
        ]
      },
      "properties": {
        "obj_id": "potted plant_1457",
        "class_name": "potted plant",
        "class_id": 58,
        "mobility": "static",
        "confidence": 0.715,
        "observation_count": 8,
        "best_score": 0.887,
        "first_seen": "2026-04-20T11:10:59.780191+00:00",
        "last_seen": "2026-04-20T11:10:59.788878+00:00",
        "ttl_seconds": -1.0
      }
    },
    {
      "type": "Feature",
      "geometry": {
        "type": "Point",
        "coordinates": [
          3.6922,
          1.1425
        ]
      },
      "properties": {
        "obj_id": "chair_1458",
        "class_name": "chair",
        "class_id": 56,
        "mobility": "static",
        "confidence": 0.774,
        "observation_count": 17,
        "best_score": 3.098,
        "first_seen": "2026-04-20T11:11:00.495071+00:00",
        "last_seen": "2026-04-20T11:11:01.032517+00:00",
        "ttl_seconds": -1.0
      }
    },
    {
      "type": "Feature",
      "geometry": {
        "type": "Point",
        "coordinates": [
          3.1362,
          1.5097
        ]
      },
      "properties": {
        "obj_id": "chair_1459",
        "class_name": "chair",
        "class_id": 56,
        "mobility": "static",
        "confidence": 0.795,
        "observation_count": 11,
        "best_score": 3.877,
        "first_seen": "2026-04-20T11:11:01.020839+00:00",
        "last_seen": "2026-04-20T11:11:01.032604+00:00",
        "ttl_seconds": -1.0
      }
    },
    {
      "type": "Feature",
      "geometry": {
        "type": "Point",
        "coordinates": [
          3.0452,
          2.3465
        ]
      },
      "properties": {
        "obj_id": "chair_1460",
        "class_name": "chair",
        "class_id": 56,
        "mobility": "static",
        "confidence": 0.686,
        "observation_count": 10,
        "best_score": 3.935,
        "first_seen": "2026-04-20T11:11:01.024984+00:00",
        "last_seen": "2026-04-20T11:11:01.032388+00:00",
        "ttl_seconds": -1.0
      }
    },
    {
      "type": "Feature",
      "geometry": {
        "type": "Point",
        "coordinates": [
          2.3916,
          2.0386
        ]
      },
      "properties": {
        "obj_id": "chair_1461",
        "class_name": "chair",
        "class_id": 56,
        "mobility": "static",
        "confidence": 0.819,
        "observation_count": 10,
        "best_score": 9.604,
        "first_seen": "2026-04-20T11:11:01.386782+00:00",
        "last_seen": "2026-04-20T11:11:01.393599+00:00",
        "ttl_seconds": -1.0
      }
    },
    {
      "type": "Feature",
      "geometry": {
        "type": "Point",
        "coordinates": [
          -3.3748,
          -0.4981
        ]
      },
      "properties": {
        "obj_id": "bench_1463",
        "class_name": "bench",
        "class_id": 13,
        "mobility": "static",
        "confidence": 0.672,
        "observation_count": 8,
        "best_score": 4.623,
        "first_seen": "2026-04-20T11:11:03.538857+00:00",
        "last_seen": "2026-04-20T11:11:03.544860+00:00",
        "ttl_seconds": -1.0
      }
    },
    {
      "type": "Feature",
      "geometry": {
        "type": "Point",
        "coordinates": [
          -3.7529,
          -0.2233
        ]
      },
      "properties": {
        "obj_id": "potted plant_1464",
        "class_name": "potted plant",
        "class_id": 58,
        "mobility": "static",
        "confidence": 0.687,
        "observation_count": 19,
        "best_score": 1.431,
        "first_seen": "2026-04-20T11:11:04.726189+00:00",
        "last_seen": "2026-04-20T11:11:06.419397+00:00",
        "ttl_seconds": -1.0
      }
    },
    {
      "type": "Feature",
      "geometry": {
        "type": "Point",
        "coordinates": [
          -3.5009,
          -1.5258
        ]
      },
      "properties": {
        "obj_id": "potted plant_1465",
        "class_name": "potted plant",
        "class_id": 58,
        "mobility": "static",
        "confidence": 0.515,
        "observation_count": 2,
        "best_score": 0.925,
        "first_seen": "2026-04-20T11:11:05.931895+00:00",
        "last_seen": "2026-04-20T11:11:05.936946+00:00",
        "ttl_seconds": -1.0
      }
    },
    {
      "type": "Feature",
      "geometry": {
        "type": "Point",
        "coordinates": [
          7.8715,
          1.7475
        ]
      },
      "properties": {
        "obj_id": "potted plant_1467",
        "class_name": "potted plant",
        "class_id": 58,
        "mobility": "static",
        "confidence": 0.676,
        "observation_count": 4,
        "best_score": 0.482,
        "first_seen": "2026-04-20T11:11:39.323216+00:00",
        "last_seen": "2026-04-20T11:11:39.331937+00:00",
        "ttl_seconds": -1.0
      }
    },
    {
      "type": "Feature",
      "geometry": {
        "type": "Point",
        "coordinates": [
          5.8876,
          3.5414
        ]
      },
      "properties": {
        "obj_id": "fire hydrant_1470",
        "class_name": "fire hydrant",
        "class_id": 10,
        "mobility": "static",
        "confidence": 0.616,
        "observation_count": 3,
        "best_score": 39.018,
        "first_seen": "2026-04-20T11:12:11.524494+00:00",
        "last_seen": "2026-04-20T11:12:12.406030+00:00",
        "ttl_seconds": -1.0
      }
    },
    {
      "type": "Feature",
      "geometry": {
        "type": "Point",
        "coordinates": [
          5.8132,
          3.9069
        ]
      },
      "properties": {
        "obj_id": "potted plant_1471",
        "class_name": "potted plant",
        "class_id": 58,
        "mobility": "static",
        "confidence": 0.75,
        "observation_count": 22,
        "best_score": 4.665,
        "first_seen": "2026-04-20T11:12:15.374342+00:00",
        "last_seen": "2026-08-18T13:02:02.880673+00:00",
        "ttl_seconds": -1.0
      }
    },
    {
      "type": "Feature",
      "geometry": {
        "type": "Point",
        "coordinates": [
          2.1503,
          -1.9698
        ]
      },
      "properties": {
        "obj_id": "bed_1472",
        "class_name": "bed",
        "class_id": 59,
        "mobility": "static",
        "confidence": 0.619,
        "observation_count": 4,
        "best_score": 17.951,
        "first_seen": "2026-04-20T11:14:15.893368+00:00",
        "last_seen": "2026-08-19T12:39:11.573531+00:00",
        "ttl_seconds": -1.0
      }
    },
    {
      "type": "Feature",
      "geometry": {
        "type": "Point",
        "coordinates": [
          8.2657,
          5.7322
        ]
      },
      "properties": {
        "obj_id": "dining table_1478",
        "class_name": "dining table",
        "class_id": 60,
        "mobility": "static",
        "confidence": 0.555,
        "observation_count": 3,
        "best_score": 6.974,
        "first_seen": "2026-04-20T11:20:02.580140+00:00",
        "last_seen": "2026-04-27T09:26:05.353480+00:00",
        "ttl_seconds": -1.0
      }
    },
    {
      "type": "Feature",
      "geometry": {
        "type": "Point",
        "coordinates": [
          3.9094,
          5.1866
        ]
      },
      "properties": {
        "obj_id": "bench_1496",
        "class_name": "bench",
        "class_id": 13,
        "mobility": "static",
        "confidence": 0.691,
        "observation_count": 34,
        "best_score": 5.186,
        "first_seen": "2026-04-20T11:48:33.298753+00:00",
        "last_seen": "2026-08-18T15:39:33.601781+00:00",
        "ttl_seconds": -1.0
      }
    },
    {
      "type": "Feature",
      "geometry": {
        "type": "Point",
        "coordinates": [
          -0.9012,
          2.3463
        ]
      },
      "properties": {
        "obj_id": "bench_1520",
        "class_name": "bench",
        "class_id": 13,
        "mobility": "static",
        "confidence": 0.535,
        "observation_count": 2,
        "best_score": 6.182,
        "first_seen": "2026-04-20T13:37:23.708471+00:00",
        "last_seen": "2026-04-21T07:45:47.956574+00:00",
        "ttl_seconds": -1.0
      }
    },
    {
      "type": "Feature",
      "geometry": {
        "type": "Point",
        "coordinates": [
          5.7666,
          6.2417
        ]
      },
      "properties": {
        "obj_id": "chair_1562",
        "class_name": "chair",
        "class_id": 56,
        "mobility": "static",
        "confidence": 0.828,
        "observation_count": 24,
        "best_score": 1.722,
        "first_seen": "2026-04-21T08:19:26.550963+00:00",
        "last_seen": "2026-04-21T08:37:02.624276+00:00",
        "ttl_seconds": -1.0
      }
    },
    {
      "type": "Feature",
      "geometry": {
        "type": "Point",
        "coordinates": [
          7.789,
          5.906
        ]
      },
      "properties": {
        "obj_id": "potted plant_1563",
        "class_name": "potted plant",
        "class_id": 58,
        "mobility": "static",
        "confidence": 0.727,
        "observation_count": 9,
        "best_score": 2.195,
        "first_seen": "2026-04-21T08:19:26.557461+00:00",
        "last_seen": "2026-04-21T08:19:26.564161+00:00",
        "ttl_seconds": -1.0
      }
    },
    {
      "type": "Feature",
      "geometry": {
        "type": "Point",
        "coordinates": [
          4.2673,
          9.2004
        ]
      },
      "properties": {
        "obj_id": "chair_1565",
        "class_name": "chair",
        "class_id": 56,
        "mobility": "static",
        "confidence": 0.702,
        "observation_count": 10,
        "best_score": 1.524,
        "first_seen": "2026-04-21T08:19:27.101153+00:00",
        "last_seen": "2026-04-21T08:19:27.117895+00:00",
        "ttl_seconds": -1.0
      }
    },
    {
      "type": "Feature",
      "geometry": {
        "type": "Point",
        "coordinates": [
          2.1187,
          4.9398
        ]
      },
      "properties": {
        "obj_id": "chair_1567",
        "class_name": "chair",
        "class_id": 56,
        "mobility": "static",
        "confidence": 0.797,
        "observation_count": 8,
        "best_score": 5.431,
        "first_seen": "2026-04-21T08:19:27.348355+00:00",
        "last_seen": "2026-04-21T08:19:27.354086+00:00",
        "ttl_seconds": -1.0
      }
    },
    {
      "type": "Feature",
      "geometry": {
        "type": "Point",
        "coordinates": [
          7.3402,
          1.8401
        ]
      },
      "properties": {
        "obj_id": "bench_1568",
        "class_name": "bench",
        "class_id": 13,
        "mobility": "static",
        "confidence": 0.608,
        "observation_count": 5,
        "best_score": 5.094,
        "first_seen": "2026-04-21T08:19:29.021491+00:00",
        "last_seen": "2026-04-21T08:19:29.634499+00:00",
        "ttl_seconds": -1.0
      }
    },
    {
      "type": "Feature",
      "geometry": {
        "type": "Point",
        "coordinates": [
          8.0766,
          2.3554
        ]
      },
      "properties": {
        "obj_id": "bench_1569",
        "class_name": "bench",
        "class_id": 13,
        "mobility": "static",
        "confidence": 0.517,
        "observation_count": 3,
        "best_score": 4.321,
        "first_seen": "2026-04-21T08:19:30.842303+00:00",
        "last_seen": "2026-04-21T08:19:31.641487+00:00",
        "ttl_seconds": -1.0
      }
    },
    {
      "type": "Feature",
      "geometry": {
        "type": "Point",
        "coordinates": [
          0.9508,
          6.2163
        ]
      },
      "properties": {
        "obj_id": "bed_1570",
        "class_name": "bed",
        "class_id": 59,
        "mobility": "static",
        "confidence": 0.554,
        "observation_count": 2,
        "best_score": 9.723,
        "first_seen": "2026-04-21T08:19:54.000915+00:00",
        "last_seen": "2026-04-21T08:19:54.007257+00:00",
        "ttl_seconds": -1.0
      }
    },
    {
      "type": "Feature",
      "geometry": {
        "type": "Point",
        "coordinates": [
          -0.1946,
          4.4182
        ]
      },
      "properties": {
        "obj_id": "microwave_1571",
        "class_name": "microwave",
        "class_id": 68,
        "mobility": "static",
        "confidence": 0.542,
        "observation_count": 1,
        "best_score": 13.732,
        "first_seen": "2026-04-21T08:20:02.005409+00:00",
        "last_seen": "2026-04-21T08:20:02.005409+00:00",
        "ttl_seconds": -1.0
      }
    },
    {
      "type": "Feature",
      "geometry": {
        "type": "Point",
        "coordinates": [
          3.3525,
          6.6227
        ]
      },
      "properties": {
        "obj_id": "bed_1609",
        "class_name": "bed",
        "class_id": 59,
        "mobility": "static",
        "confidence": 0.6,
        "observation_count": 6,
        "best_score": 20.859,
        "first_seen": "2026-04-21T08:40:43.485499+00:00",
        "last_seen": "2026-04-23T12:54:43.311851+00:00",
        "ttl_seconds": -1.0
      }
    },
    {
      "type": "Feature",
      "geometry": {
        "type": "Point",
        "coordinates": [
          -0.501,
          0.9765
        ]
      },
      "properties": {
        "obj_id": "bench_1610",
        "class_name": "bench",
        "class_id": 13,
        "mobility": "static",
        "confidence": 0.68,
        "observation_count": 24,
        "best_score": 11.92,
        "first_seen": "2026-04-23T11:39:14.418185+00:00",
        "last_seen": "2026-08-19T14:48:34.547267+00:00",
        "ttl_seconds": -1.0
      }
    },
    {
      "type": "Feature",
      "geometry": {
        "type": "Point",
        "coordinates": [
          -1.1601,
          2.2109
        ]
      },
      "properties": {
        "obj_id": "dining table_1621",
        "class_name": "dining table",
        "class_id": 60,
        "mobility": "static",
        "confidence": 0.557,
        "observation_count": 3,
        "best_score": 17.171,
        "first_seen": "2026-04-23T11:46:54.520620+00:00",
        "last_seen": "2026-04-23T11:53:19.663046+00:00",
        "ttl_seconds": -1.0
      }
    },
    {
      "type": "Feature",
      "geometry": {
        "type": "Point",
        "coordinates": [
          6.6734,
          -2.5169
        ]
      },
      "properties": {
        "obj_id": "bench_1656",
        "class_name": "bench",
        "class_id": 13,
        "mobility": "static",
        "confidence": 0.595,
        "observation_count": 6,
        "best_score": 2.072,
        "first_seen": "2026-04-23T11:53:42.493188+00:00",
        "last_seen": "2026-08-18T13:03:51.279658+00:00",
        "ttl_seconds": -1.0
      }
    },
    {
      "type": "Feature",
      "geometry": {
        "type": "Point",
        "coordinates": [
          3.2282,
          4.2788
        ]
      },
      "properties": {
        "obj_id": "bench_1700",
        "class_name": "bench",
        "class_id": 13,
        "mobility": "static",
        "confidence": 0.667,
        "observation_count": 6,
        "best_score": 3.481,
        "first_seen": "2026-04-23T12:12:57.142264+00:00",
        "last_seen": "2026-04-23T12:12:57.148031+00:00",
        "ttl_seconds": -1.0
      }
    },
    {
      "type": "Feature",
      "geometry": {
        "type": "Point",
        "coordinates": [
          5.8274,
          5.0901
        ]
      },
      "properties": {
        "obj_id": "refrigerator_1737",
        "class_name": "refrigerator",
        "class_id": 72,
        "mobility": "static",
        "confidence": 0.508,
        "observation_count": 1,
        "best_score": 17.698,
        "first_seen": "2026-04-23T12:19:37.900065+00:00",
        "last_seen": "2026-04-23T12:19:37.900065+00:00",
        "ttl_seconds": -1.0
      }
    },
    {
      "type": "Feature",
      "geometry": {
        "type": "Point",
        "coordinates": [
          9.8131,
          10.6038
        ]
      },
      "properties": {
        "obj_id": "potted plant_1744",
        "class_name": "potted plant",
        "class_id": 58,
        "mobility": "static",
        "confidence": 0.803,
        "observation_count": 7,
        "best_score": 0.388,
        "first_seen": "2026-04-23T12:22:40.618447+00:00",
        "last_seen": "2026-04-23T12:22:40.620771+00:00",
        "ttl_seconds": -1.0
      }
    },
    {
      "type": "Feature",
      "geometry": {
        "type": "Point",
        "coordinates": [
          -0.6033,
          3.5261
        ]
      },
      "properties": {
        "obj_id": "dining table_1746",
        "class_name": "dining table",
        "class_id": 60,
        "mobility": "static",
        "confidence": 0.565,
        "observation_count": 6,
        "best_score": 5.234,
        "first_seen": "2026-04-23T12:24:32.055005+00:00",
        "last_seen": "2026-04-23T12:24:32.477579+00:00",
        "ttl_seconds": -1.0
      }
    },
    {
      "type": "Feature",
      "geometry": {
        "type": "Point",
        "coordinates": [
          -1.1285,
          3.1329
        ]
      },
      "properties": {
        "obj_id": "dining table_1747",
        "class_name": "dining table",
        "class_id": 60,
        "mobility": "static",
        "confidence": 0.535,
        "observation_count": 3,
        "best_score": 4.155,
        "first_seen": "2026-04-23T12:24:33.189332+00:00",
        "last_seen": "2026-04-23T12:24:33.193691+00:00",
        "ttl_seconds": -1.0
      }
    },
    {
      "type": "Feature",
      "geometry": {
        "type": "Point",
        "coordinates": [
          6.3967,
          6.7011
        ]
      },
      "properties": {
        "obj_id": "tv_1748",
        "class_name": "tv",
        "class_id": 62,
        "mobility": "static",
        "confidence": 0.546,
        "observation_count": 1,
        "best_score": 3.735,
        "first_seen": "2026-04-23T12:25:52.645935+00:00",
        "last_seen": "2026-04-23T12:25:52.645935+00:00",
        "ttl_seconds": -1.0
      }
    },
    {
      "type": "Feature",
      "geometry": {
        "type": "Point",
        "coordinates": [
          6.6999,
          6.6266
        ]
      },
      "properties": {
        "obj_id": "potted plant_1781",
        "class_name": "potted plant",
        "class_id": 58,
        "mobility": "static",
        "confidence": 0.831,
        "observation_count": 84648,
        "best_score": 17.453,
        "first_seen": "2026-04-23T12:31:21.241643+00:00",
        "last_seen": "2026-08-19T14:41:24.498775+00:00",
        "ttl_seconds": -1.0
      }
    },
    {
      "type": "Feature",
      "geometry": {
        "type": "Point",
        "coordinates": [
          5.6126,
          3.5108
        ]
      },
      "properties": {
        "obj_id": "potted plant_1805",
        "class_name": "potted plant",
        "class_id": 58,
        "mobility": "static",
        "confidence": 0.575,
        "observation_count": 3,
        "best_score": 1.213,
        "first_seen": "2026-04-23T12:36:57.031975+00:00",
        "last_seen": "2026-04-23T14:18:34.504626+00:00",
        "ttl_seconds": -1.0
      }
    },
    {
      "type": "Feature",
      "geometry": {
        "type": "Point",
        "coordinates": [
          7.2417,
          -1.7259
        ]
      },
      "properties": {
        "obj_id": "dining table_1813",
        "class_name": "dining table",
        "class_id": 60,
        "mobility": "static",
        "confidence": 0.584,
        "observation_count": 5,
        "best_score": 22.821,
        "first_seen": "2026-04-23T12:40:14.182202+00:00",
        "last_seen": "2026-04-23T12:40:51.353448+00:00",
        "ttl_seconds": -1.0
      }
    },
    {
      "type": "Feature",
      "geometry": {
        "type": "Point",
        "coordinates": [
          5.6916,
          4.8074
        ]
      },
      "properties": {
        "obj_id": "chair_1815",
        "class_name": "chair",
        "class_id": 56,
        "mobility": "static",
        "confidence": 0.697,
        "observation_count": 12,
        "best_score": 2.083,
        "first_seen": "2026-04-23T12:40:54.505248+00:00",
        "last_seen": "2026-08-18T13:01:47.143188+00:00",
        "ttl_seconds": -1.0
      }
    },
    {
      "type": "Feature",
      "geometry": {
        "type": "Point",
        "coordinates": [
          6.0283,
          6.6649
        ]
      },
      "properties": {
        "obj_id": "potted plant_1819",
        "class_name": "potted plant",
        "class_id": 58,
        "mobility": "static",
        "confidence": 0.666,
        "observation_count": 9,
        "best_score": 4.904,
        "first_seen": "2026-04-23T12:42:18.153377+00:00",
        "last_seen": "2026-08-18T12:59:38.284870+00:00",
        "ttl_seconds": -1.0
      }
    },
    {
      "type": "Feature",
      "geometry": {
        "type": "Point",
        "coordinates": [
          5.6652,
          4.8039
        ]
      },
      "properties": {
        "obj_id": "potted plant_1888",
        "class_name": "potted plant",
        "class_id": 58,
        "mobility": "static",
        "confidence": 0.908,
        "observation_count": 81,
        "best_score": 9.189,
        "first_seen": "2026-04-23T14:18:17.770057+00:00",
        "last_seen": "2026-08-18T13:02:02.595107+00:00",
        "ttl_seconds": -1.0
      }
    },
    {
      "type": "Feature",
      "geometry": {
        "type": "Point",
        "coordinates": [
          5.4757,
          3.3449
        ]
      },
      "properties": {
        "obj_id": "bench_1889",
        "class_name": "bench",
        "class_id": 13,
        "mobility": "static",
        "confidence": 0.672,
        "observation_count": 12,
        "best_score": 12.716,
        "first_seen": "2026-04-23T14:18:19.262579+00:00",
        "last_seen": "2026-04-23T14:18:19.549352+00:00",
        "ttl_seconds": -1.0
      }
    },
    {
      "type": "Feature",
      "geometry": {
        "type": "Point",
        "coordinates": [
          9.9471,
          4.919
        ]
      },
      "properties": {
        "obj_id": "potted plant_1890",
        "class_name": "potted plant",
        "class_id": 58,
        "mobility": "static",
        "confidence": 0.521,
        "observation_count": 1,
        "best_score": 0.361,
        "first_seen": "2026-04-23T14:18:34.088684+00:00",
        "last_seen": "2026-04-23T14:18:34.088684+00:00",
        "ttl_seconds": -1.0
      }
    },
    {
      "type": "Feature",
      "geometry": {
        "type": "Point",
        "coordinates": [
          5.9253,
          6.7269
        ]
      },
      "properties": {
        "obj_id": "suitcase_1891",
        "class_name": "suitcase",
        "class_id": 28,
        "mobility": "static",
        "confidence": 0.888,
        "observation_count": 330,
        "best_score": 7.922,
        "first_seen": "2026-04-23T14:18:42.901747+00:00",
        "last_seen": "2026-04-23T14:18:55.486388+00:00",
        "ttl_seconds": -1.0
      }
    },
    {
      "type": "Feature",
      "geometry": {
        "type": "Point",
        "coordinates": [
          7.7858,
          4.9753
        ]
      },
      "properties": {
        "obj_id": "suitcase_1892",
        "class_name": "suitcase",
        "class_id": 28,
        "mobility": "static",
        "confidence": 0.593,
        "observation_count": 25,
        "best_score": 1.116,
        "first_seen": "2026-04-23T14:18:43.635153+00:00",
        "last_seen": "2026-04-23T14:18:44.817520+00:00",
        "ttl_seconds": -1.0
      }
    },
    {
      "type": "Feature",
      "geometry": {
        "type": "Point",
        "coordinates": [
          7.4003,
          5.3811
        ]
      },
      "properties": {
        "obj_id": "suitcase_1893",
        "class_name": "suitcase",
        "class_id": 28,
        "mobility": "static",
        "confidence": 0.637,
        "observation_count": 145,
        "best_score": 1.217,
        "first_seen": "2026-04-23T14:18:44.068524+00:00",
        "last_seen": "2026-04-23T14:18:55.486637+00:00",
        "ttl_seconds": -1.0
      }
    },
    {
      "type": "Feature",
      "geometry": {
        "type": "Point",
        "coordinates": [
          7.0856,
          5.8131
        ]
      },
      "properties": {
        "obj_id": "suitcase_1894",
        "class_name": "suitcase",
        "class_id": 28,
        "mobility": "static",
        "confidence": 0.542,
        "observation_count": 4,
        "best_score": 0.714,
        "first_seen": "2026-04-23T14:18:45.941486+00:00",
        "last_seen": "2026-04-23T14:18:45.945122+00:00",
        "ttl_seconds": -1.0
      }
    },
    {
      "type": "Feature",
      "geometry": {
        "type": "Point",
        "coordinates": [
          8.3868,
          2.4126
        ]
      },
      "properties": {
        "obj_id": "chair_1897",
        "class_name": "chair",
        "class_id": 56,
        "mobility": "static",
        "confidence": 0.652,
        "observation_count": 8,
        "best_score": 0.609,
        "first_seen": "2026-04-23T14:21:35.374936+00:00",
        "last_seen": "2026-04-23T14:21:49.580143+00:00",
        "ttl_seconds": -1.0
      }
    },
    {
      "type": "Feature",
      "geometry": {
        "type": "Point",
        "coordinates": [
          7.8115,
          3.4696
        ]
      },
      "properties": {
        "obj_id": "chair_1898",
        "class_name": "chair",
        "class_id": 56,
        "mobility": "static",
        "confidence": 0.619,
        "observation_count": 12,
        "best_score": 0.643,
        "first_seen": "2026-04-23T14:21:35.740193+00:00",
        "last_seen": "2026-04-23T14:21:36.666936+00:00",
        "ttl_seconds": -1.0
      }
    },
    {
      "type": "Feature",
      "geometry": {
        "type": "Point",
        "coordinates": [
          8.2269,
          2.1545
        ]
      },
      "properties": {
        "obj_id": "chair_1899",
        "class_name": "chair",
        "class_id": 56,
        "mobility": "static",
        "confidence": 0.627,
        "observation_count": 110,
        "best_score": 0.641,
        "first_seen": "2026-04-23T14:21:37.477433+00:00",
        "last_seen": "2026-04-23T14:21:49.096994+00:00",
        "ttl_seconds": -1.0
      }
    },
    {
      "type": "Feature",
      "geometry": {
        "type": "Point",
        "coordinates": [
          -1.0078,
          3.3158
        ]
      },
      "properties": {
        "obj_id": "chair_1900",
        "class_name": "chair",
        "class_id": 56,
        "mobility": "static",
        "confidence": 0.73,
        "observation_count": 11,
        "best_score": 1.718,
        "first_seen": "2026-04-23T14:21:57.221046+00:00",
        "last_seen": "2026-04-23T14:21:57.670388+00:00",
        "ttl_seconds": -1.0
      }
    },
    {
      "type": "Feature",
      "geometry": {
        "type": "Point",
        "coordinates": [
          -0.9117,
          1.2911
        ]
      },
      "properties": {
        "obj_id": "chair_1901",
        "class_name": "chair",
        "class_id": 56,
        "mobility": "static",
        "confidence": 0.625,
        "observation_count": 7,
        "best_score": 1.477,
        "first_seen": "2026-04-23T14:22:00.173909+00:00",
        "last_seen": "2026-04-23T14:22:00.178702+00:00",
        "ttl_seconds": -1.0
      }
    },
    {
      "type": "Feature",
      "geometry": {
        "type": "Point",
        "coordinates": [
          0.423,
          0.9942
        ]
      },
      "properties": {
        "obj_id": "chair_1902",
        "class_name": "chair",
        "class_id": 56,
        "mobility": "static",
        "confidence": 0.752,
        "observation_count": 13,
        "best_score": 2.528,
        "first_seen": "2026-04-23T14:22:00.629900+00:00",
        "last_seen": "2026-04-23T14:22:01.614738+00:00",
        "ttl_seconds": -1.0
      }
    },
    {
      "type": "Feature",
      "geometry": {
        "type": "Point",
        "coordinates": [
          -1.6864,
          0.548
        ]
      },
      "properties": {
        "obj_id": "chair_1903",
        "class_name": "chair",
        "class_id": 56,
        "mobility": "static",
        "confidence": 0.805,
        "observation_count": 132,
        "best_score": 2.508,
        "first_seen": "2026-04-23T14:22:23.011066+00:00",
        "last_seen": "2026-04-23T14:22:28.982968+00:00",
        "ttl_seconds": -1.0
      }
    },
    {
      "type": "Feature",
      "geometry": {
        "type": "Point",
        "coordinates": [
          6.6033,
          7.4104
        ]
      },
      "properties": {
        "obj_id": "bench_1908",
        "class_name": "bench",
        "class_id": 13,
        "mobility": "static",
        "confidence": 0.563,
        "observation_count": 3,
        "best_score": 2.007,
        "first_seen": "2026-04-23T14:24:08.254814+00:00",
        "last_seen": "2026-04-23T14:24:08.264082+00:00",
        "ttl_seconds": -1.0
      }
    },
    {
      "type": "Feature",
      "geometry": {
        "type": "Point",
        "coordinates": [
          5.4484,
          8.2599
        ]
      },
      "properties": {
        "obj_id": "bench_1909",
        "class_name": "bench",
        "class_id": 13,
        "mobility": "static",
        "confidence": 0.727,
        "observation_count": 9,
        "best_score": 2.766,
        "first_seen": "2026-04-23T14:24:09.190585+00:00",
        "last_seen": "2026-04-23T14:24:09.193110+00:00",
        "ttl_seconds": -1.0
      }
    },
    {
      "type": "Feature",
      "geometry": {
        "type": "Point",
        "coordinates": [
          3.2478,
          4.3349
        ]
      },
      "properties": {
        "obj_id": "dining table_1910",
        "class_name": "dining table",
        "class_id": 60,
        "mobility": "static",
        "confidence": 0.563,
        "observation_count": 6,
        "best_score": 16.789,
        "first_seen": "2026-04-23T14:24:16.382796+00:00",
        "last_seen": "2026-04-23T14:24:16.386153+00:00",
        "ttl_seconds": -1.0
      }
    },
    {
      "type": "Feature",
      "geometry": {
        "type": "Point",
        "coordinates": [
          2.9446,
          0.2803
        ]
      },
      "properties": {
        "obj_id": "chair_1911",
        "class_name": "chair",
        "class_id": 56,
        "mobility": "static",
        "confidence": 0.87,
        "observation_count": 227,
        "best_score": 3.342,
        "first_seen": "2026-04-23T14:25:09.970218+00:00",
        "last_seen": "2026-04-23T14:25:21.779119+00:00",
        "ttl_seconds": -1.0
      }
    },
    {
      "type": "Feature",
      "geometry": {
        "type": "Point",
        "coordinates": [
          9.0446,
          3.1673
        ]
      },
      "properties": {
        "obj_id": "suitcase_1974",
        "class_name": "suitcase",
        "class_id": 28,
        "mobility": "static",
        "confidence": 0.57,
        "observation_count": 8,
        "best_score": 0.779,
        "first_seen": "2026-04-24T13:33:41.517350+00:00",
        "last_seen": "2026-04-24T13:33:41.520006+00:00",
        "ttl_seconds": -1.0
      }
    },
    {
      "type": "Feature",
      "geometry": {
        "type": "Point",
        "coordinates": [
          9.6938,
          2.5395
        ]
      },
      "properties": {
        "obj_id": "suitcase_1975",
        "class_name": "suitcase",
        "class_id": 28,
        "mobility": "static",
        "confidence": 0.642,
        "observation_count": 15,
        "best_score": 1.205,
        "first_seen": "2026-04-24T13:33:41.958796+00:00",
        "last_seen": "2026-04-24T13:33:42.429884+00:00",
        "ttl_seconds": -1.0
      }
    },
    {
      "type": "Feature",
      "geometry": {
        "type": "Point",
        "coordinates": [
          9.5904,
          1.7785
        ]
      },
      "properties": {
        "obj_id": "suitcase_1977",
        "class_name": "suitcase",
        "class_id": 28,
        "mobility": "static",
        "confidence": 0.651,
        "observation_count": 10,
        "best_score": 1.12,
        "first_seen": "2026-04-24T13:33:42.425506+00:00",
        "last_seen": "2026-04-24T13:33:42.429783+00:00",
        "ttl_seconds": -1.0
      }
    },
    {
      "type": "Feature",
      "geometry": {
        "type": "Point",
        "coordinates": [
          6.7366,
          3.2543
        ]
      },
      "properties": {
        "obj_id": "suitcase_1978",
        "class_name": "suitcase",
        "class_id": 28,
        "mobility": "static",
        "confidence": 0.615,
        "observation_count": 7,
        "best_score": 3.623,
        "first_seen": "2026-04-24T13:33:42.428174+00:00",
        "last_seen": "2026-04-24T13:33:42.429926+00:00",
        "ttl_seconds": -1.0
      }
    },
    {
      "type": "Feature",
      "geometry": {
        "type": "Point",
        "coordinates": [
          7.6909,
          2.1058
        ]
      },
      "properties": {
        "obj_id": "suitcase_1981",
        "class_name": "suitcase",
        "class_id": 28,
        "mobility": "static",
        "confidence": 0.615,
        "observation_count": 25,
        "best_score": 14.241,
        "first_seen": "2026-04-24T13:33:44.500569+00:00",
        "last_seen": "2026-04-24T13:33:50.471221+00:00",
        "ttl_seconds": -1.0
      }
    },
    {
      "type": "Feature",
      "geometry": {
        "type": "Point",
        "coordinates": [
          6.3721,
          2.1377
        ]
      },
      "properties": {
        "obj_id": "suitcase_1982",
        "class_name": "suitcase",
        "class_id": 28,
        "mobility": "static",
        "confidence": 0.737,
        "observation_count": 36,
        "best_score": 12.967,
        "first_seen": "2026-04-24T13:33:44.978839+00:00",
        "last_seen": "2026-04-24T13:33:47.081268+00:00",
        "ttl_seconds": -1.0
      }
    },
    {
      "type": "Feature",
      "geometry": {
        "type": "Point",
        "coordinates": [
          6.9753,
          1.6733
        ]
      },
      "properties": {
        "obj_id": "suitcase_1983",
        "class_name": "suitcase",
        "class_id": 28,
        "mobility": "static",
        "confidence": 0.597,
        "observation_count": 28,
        "best_score": 2.747,
        "first_seen": "2026-04-24T13:33:44.981960+00:00",
        "last_seen": "2026-04-24T13:33:47.626804+00:00",
        "ttl_seconds": -1.0
      }
    },
    {
      "type": "Feature",
      "geometry": {
        "type": "Point",
        "coordinates": [
          8.1514,
          2.5985
        ]
      },
      "properties": {
        "obj_id": "suitcase_1985",
        "class_name": "suitcase",
        "class_id": 28,
        "mobility": "static",
        "confidence": 0.556,
        "observation_count": 2,
        "best_score": 1.396,
        "first_seen": "2026-04-24T13:33:47.077877+00:00",
        "last_seen": "2026-04-24T13:33:47.080442+00:00",
        "ttl_seconds": -1.0
      }
    },
    {
      "type": "Feature",
      "geometry": {
        "type": "Point",
        "coordinates": [
          7.7796,
          0.9783
        ]
      },
      "properties": {
        "obj_id": "suitcase_1986",
        "class_name": "suitcase",
        "class_id": 28,
        "mobility": "static",
        "confidence": 0.825,
        "observation_count": 28,
        "best_score": 17.072,
        "first_seen": "2026-04-24T13:33:48.842645+00:00",
        "last_seen": "2026-04-24T13:33:50.471558+00:00",
        "ttl_seconds": -1.0
      }
    },
    {
      "type": "Feature",
      "geometry": {
        "type": "Point",
        "coordinates": [
          7.357,
          0.0608
        ]
      },
      "properties": {
        "obj_id": "suitcase_1987",
        "class_name": "suitcase",
        "class_id": 28,
        "mobility": "static",
        "confidence": 0.577,
        "observation_count": 3,
        "best_score": 5.055,
        "first_seen": "2026-04-24T13:33:50.062878+00:00",
        "last_seen": "2026-04-24T13:33:50.071900+00:00",
        "ttl_seconds": -1.0
      }
    },
    {
      "type": "Feature",
      "geometry": {
        "type": "Point",
        "coordinates": [
          8.5352,
          2.0106
        ]
      },
      "properties": {
        "obj_id": "suitcase_1988",
        "class_name": "suitcase",
        "class_id": 28,
        "mobility": "static",
        "confidence": 0.682,
        "observation_count": 3,
        "best_score": 13.201,
        "first_seen": "2026-04-24T13:33:50.466931+00:00",
        "last_seen": "2026-04-24T13:33:50.471523+00:00",
        "ttl_seconds": -1.0
      }
    },
    {
      "type": "Feature",
      "geometry": {
        "type": "Point",
        "coordinates": [
          8.5007,
          -3.3578
        ]
      },
      "properties": {
        "obj_id": "chair_1989",
        "class_name": "chair",
        "class_id": 56,
        "mobility": "static",
        "confidence": 0.779,
        "observation_count": 83,
        "best_score": 7.793,
        "first_seen": "2026-04-24T13:33:51.573976+00:00",
        "last_seen": "2026-08-18T13:02:24.740870+00:00",
        "ttl_seconds": -1.0
      }
    },
    {
      "type": "Feature",
      "geometry": {
        "type": "Point",
        "coordinates": [
          5.8645,
          -2.0599
        ]
      },
      "properties": {
        "obj_id": "suitcase_1990",
        "class_name": "suitcase",
        "class_id": 28,
        "mobility": "static",
        "confidence": 0.72,
        "observation_count": 402,
        "best_score": 10.214,
        "first_seen": "2026-04-24T13:34:13.216387+00:00",
        "last_seen": "2026-04-24T13:34:35.429107+00:00",
        "ttl_seconds": -1.0
      }
    },
    {
      "type": "Feature",
      "geometry": {
        "type": "Point",
        "coordinates": [
          6.3445,
          -1.5318
        ]
      },
      "properties": {
        "obj_id": "suitcase_1991",
        "class_name": "suitcase",
        "class_id": 28,
        "mobility": "static",
        "confidence": 0.776,
        "observation_count": 20,
        "best_score": 25.327,
        "first_seen": "2026-04-24T13:34:14.425290+00:00",
        "last_seen": "2026-04-24T13:34:33.972606+00:00",
        "ttl_seconds": -1.0
      }
    },
    {
      "type": "Feature",
      "geometry": {
        "type": "Point",
        "coordinates": [
          8.3579,
          -3.2602
        ]
      },
      "properties": {
        "obj_id": "suitcase_1993",
        "class_name": "suitcase",
        "class_id": 28,
        "mobility": "static",
        "confidence": 0.726,
        "observation_count": 112,
        "best_score": 7.568,
        "first_seen": "2026-04-24T13:34:15.716423+00:00",
        "last_seen": "2026-04-24T13:34:34.605397+00:00",
        "ttl_seconds": -1.0
      }
    },
    {
      "type": "Feature",
      "geometry": {
        "type": "Point",
        "coordinates": [
          7.0017,
          -2.1021
        ]
      },
      "properties": {
        "obj_id": "suitcase_1994",
        "class_name": "suitcase",
        "class_id": 28,
        "mobility": "static",
        "confidence": 0.687,
        "observation_count": 10,
        "best_score": 13.989,
        "first_seen": "2026-04-24T13:34:16.383853+00:00",
        "last_seen": "2026-04-24T13:34:32.852487+00:00",
        "ttl_seconds": -1.0
      }
    },
    {
      "type": "Feature",
      "geometry": {
        "type": "Point",
        "coordinates": [
          7.6803,
          -2.6958
        ]
      },
      "properties": {
        "obj_id": "suitcase_1996",
        "class_name": "suitcase",
        "class_id": 28,
        "mobility": "static",
        "confidence": 0.626,
        "observation_count": 8,
        "best_score": 8.607,
        "first_seen": "2026-04-24T13:34:31.396414+00:00",
        "last_seen": "2026-04-24T13:34:32.166856+00:00",
        "ttl_seconds": -1.0
      }
    },
    {
      "type": "Feature",
      "geometry": {
        "type": "Point",
        "coordinates": [
          5.2674,
          -0.8027
        ]
      },
      "properties": {
        "obj_id": "suitcase_1997",
        "class_name": "suitcase",
        "class_id": 28,
        "mobility": "static",
        "confidence": 0.69,
        "observation_count": 18,
        "best_score": 34.377,
        "first_seen": "2026-04-24T13:34:33.964038+00:00",
        "last_seen": "2026-04-24T13:34:35.789457+00:00",
        "ttl_seconds": -1.0
      }
    },
    {
      "type": "Feature",
      "geometry": {
        "type": "Point",
        "coordinates": [
          9.3867,
          -0.2934
        ]
      },
      "properties": {
        "obj_id": "couch_2022",
        "class_name": "couch",
        "class_id": 57,
        "mobility": "static",
        "confidence": 0.567,
        "observation_count": 5,
        "best_score": 1.136,
        "first_seen": "2026-04-27T09:25:53.998672+00:00",
        "last_seen": "2026-04-27T09:25:54.000337+00:00",
        "ttl_seconds": -1.0
      }
    },
    {
      "type": "Feature",
      "geometry": {
        "type": "Point",
        "coordinates": [
          9.0416,
          -0.8473
        ]
      },
      "properties": {
        "obj_id": "couch_2023",
        "class_name": "couch",
        "class_id": 57,
        "mobility": "static",
        "confidence": 0.637,
        "observation_count": 8,
        "best_score": 3.025,
        "first_seen": "2026-04-27T09:25:57.880060+00:00",
        "last_seen": "2026-04-27T09:25:58.311912+00:00",
        "ttl_seconds": -1.0
      }
    },
    {
      "type": "Feature",
      "geometry": {
        "type": "Point",
        "coordinates": [
          6.5404,
          4.7246
        ]
      },
      "properties": {
        "obj_id": "dining table_2024",
        "class_name": "dining table",
        "class_id": 60,
        "mobility": "static",
        "confidence": 0.556,
        "observation_count": 1,
        "best_score": 18.807,
        "first_seen": "2026-04-27T09:26:08.684987+00:00",
        "last_seen": "2026-04-27T09:26:08.684987+00:00",
        "ttl_seconds": -1.0
      }
    },
    {
      "type": "Feature",
      "geometry": {
        "type": "Point",
        "coordinates": [
          7.0248,
          5.3773
        ]
      },
      "properties": {
        "obj_id": "potted plant_2026",
        "class_name": "potted plant",
        "class_id": 58,
        "mobility": "static",
        "confidence": 0.839,
        "observation_count": 60,
        "best_score": 20.646,
        "first_seen": "2026-04-27T09:29:43.350573+00:00",
        "last_seen": "2026-08-18T14:20:50.210790+00:00",
        "ttl_seconds": -1.0
      }
    },
    {
      "type": "Feature",
      "geometry": {
        "type": "Point",
        "coordinates": [
          6.6519,
          5.1751
        ]
      },
      "properties": {
        "obj_id": "dining table_2030",
        "class_name": "dining table",
        "class_id": 60,
        "mobility": "static",
        "confidence": 0.616,
        "observation_count": 14,
        "best_score": 62.507,
        "first_seen": "2026-04-27T09:36:04.883598+00:00",
        "last_seen": "2026-08-18T13:01:53.275686+00:00",
        "ttl_seconds": -1.0
      }
    },
    {
      "type": "Feature",
      "geometry": {
        "type": "Point",
        "coordinates": [
          6.7644,
          5.1162
        ]
      },
      "properties": {
        "obj_id": "potted plant_2031",
        "class_name": "potted plant",
        "class_id": 58,
        "mobility": "static",
        "confidence": 0.788,
        "observation_count": 276,
        "best_score": 133.398,
        "first_seen": "2026-04-27T09:36:05.237183+00:00",
        "last_seen": "2026-08-18T14:22:01.597071+00:00",
        "ttl_seconds": -1.0
      }
    },
    {
      "type": "Feature",
      "geometry": {
        "type": "Point",
        "coordinates": [
          1.6432,
          -1.9617
        ]
      },
      "properties": {
        "obj_id": "bed_2072",
        "class_name": "bed",
        "class_id": 59,
        "mobility": "static",
        "confidence": 0.588,
        "observation_count": 8,
        "best_score": 16.644,
        "first_seen": "2026-08-17T13:38:12.737737+00:00",
        "last_seen": "2026-08-19T07:04:21.360545+00:00",
        "ttl_seconds": -1.0
      }
    },
    {
      "type": "Feature",
      "geometry": {
        "type": "Point",
        "coordinates": [
          2.834,
          6.5009
        ]
      },
      "properties": {
        "obj_id": "bench_2073",
        "class_name": "bench",
        "class_id": 13,
        "mobility": "static",
        "confidence": 0.551,
        "observation_count": 1,
        "best_score": 1.897,
        "first_seen": "2026-08-17T13:42:54.956754+00:00",
        "last_seen": "2026-08-17T13:42:54.956754+00:00",
        "ttl_seconds": -1.0
      }
    },
    {
      "type": "Feature",
      "geometry": {
        "type": "Point",
        "coordinates": [
          9.2129,
          4.3299
        ]
      },
      "properties": {
        "obj_id": "stop sign_2074",
        "class_name": "stop sign",
        "class_id": 11,
        "mobility": "static",
        "confidence": 0.689,
        "observation_count": 1,
        "best_score": 1.445,
        "first_seen": "2026-08-18T12:56:13.341199+00:00",
        "last_seen": "2026-08-18T12:56:13.341199+00:00",
        "ttl_seconds": -1.0
      }
    },
    {
      "type": "Feature",
      "geometry": {
        "type": "Point",
        "coordinates": [
          5.3833,
          1.9319
        ]
      },
      "properties": {
        "obj_id": "potted plant_2075",
        "class_name": "potted plant",
        "class_id": 58,
        "mobility": "static",
        "confidence": 0.952,
        "observation_count": 85,
        "best_score": 16.483,
        "first_seen": "2026-08-18T12:59:51.411038+00:00",
        "last_seen": "2026-08-18T12:59:54.969099+00:00",
        "ttl_seconds": -1.0
      }
    },
    {
      "type": "Feature",
      "geometry": {
        "type": "Point",
        "coordinates": [
          6.4688,
          1.5412
        ]
      },
      "properties": {
        "obj_id": "potted plant_2076",
        "class_name": "potted plant",
        "class_id": 58,
        "mobility": "static",
        "confidence": 0.875,
        "observation_count": 46,
        "best_score": 16.051,
        "first_seen": "2026-08-18T12:59:52.766076+00:00",
        "last_seen": "2026-08-18T12:59:54.501916+00:00",
        "ttl_seconds": -1.0
      }
    },
    {
      "type": "Feature",
      "geometry": {
        "type": "Point",
        "coordinates": [
          6.2861,
          1.8532
        ]
      },
      "properties": {
        "obj_id": "dining table_2077",
        "class_name": "dining table",
        "class_id": 60,
        "mobility": "static",
        "confidence": 0.711,
        "observation_count": 20,
        "best_score": 23.3,
        "first_seen": "2026-08-18T12:59:53.225598+00:00",
        "last_seen": "2026-08-18T12:59:54.144498+00:00",
        "ttl_seconds": -1.0
      }
    },
    {
      "type": "Feature",
      "geometry": {
        "type": "Point",
        "coordinates": [
          10.2398,
          -1.5201
        ]
      },
      "properties": {
        "obj_id": "bench_2081",
        "class_name": "bench",
        "class_id": 13,
        "mobility": "static",
        "confidence": 0.518,
        "observation_count": 1,
        "best_score": 1.212,
        "first_seen": "2026-08-18T13:00:22.063753+00:00",
        "last_seen": "2026-08-18T13:00:22.063753+00:00",
        "ttl_seconds": -1.0
      }
    },
    {
      "type": "Feature",
      "geometry": {
        "type": "Point",
        "coordinates": [
          12.3329,
          -0.1142
        ]
      },
      "properties": {
        "obj_id": "potted plant_2082",
        "class_name": "potted plant",
        "class_id": 58,
        "mobility": "static",
        "confidence": 0.536,
        "observation_count": 2,
        "best_score": 0.278,
        "first_seen": "2026-08-18T13:00:22.830961+00:00",
        "last_seen": "2026-08-18T13:00:22.834097+00:00",
        "ttl_seconds": -1.0
      }
    },
    {
      "type": "Feature",
      "geometry": {
        "type": "Point",
        "coordinates": [
          9.5835,
          -2.2568
        ]
      },
      "properties": {
        "obj_id": "bench_2083",
        "class_name": "bench",
        "class_id": 13,
        "mobility": "static",
        "confidence": 0.608,
        "observation_count": 9,
        "best_score": 1.334,
        "first_seen": "2026-08-18T13:00:23.272991+00:00",
        "last_seen": "2026-08-18T13:00:23.278327+00:00",
        "ttl_seconds": -1.0
      }
    },
    {
      "type": "Feature",
      "geometry": {
        "type": "Point",
        "coordinates": [
          6.4974,
          3.2271
        ]
      },
      "properties": {
        "obj_id": "refrigerator_2084",
        "class_name": "refrigerator",
        "class_id": 72,
        "mobility": "static",
        "confidence": 0.701,
        "observation_count": 19,
        "best_score": 43.772,
        "first_seen": "2026-08-18T13:00:29.678336+00:00",
        "last_seen": "2026-08-18T13:00:31.361641+00:00",
        "ttl_seconds": -1.0
      }
    },
    {
      "type": "Feature",
      "geometry": {
        "type": "Point",
        "coordinates": [
          5.4987,
          3.9035
        ]
      },
      "properties": {
        "obj_id": "bench_2085",
        "class_name": "bench",
        "class_id": 13,
        "mobility": "static",
        "confidence": 0.648,
        "observation_count": 10,
        "best_score": 68.474,
        "first_seen": "2026-08-18T13:01:02.943651+00:00",
        "last_seen": "2026-08-18T13:01:04.187246+00:00",
        "ttl_seconds": -1.0
      }
    },
    {
      "type": "Feature",
      "geometry": {
        "type": "Point",
        "coordinates": [
          5.4011,
          4.6667
        ]
      },
      "properties": {
        "obj_id": "dining table_2089",
        "class_name": "dining table",
        "class_id": 60,
        "mobility": "static",
        "confidence": 0.778,
        "observation_count": 73,
        "best_score": 21.296,
        "first_seen": "2026-08-18T13:01:47.141294+00:00",
        "last_seen": "2026-08-18T13:02:02.057205+00:00",
        "ttl_seconds": -1.0
      }
    },
    {
      "type": "Feature",
      "geometry": {
        "type": "Point",
        "coordinates": [
          6.2571,
          3.753
        ]
      },
      "properties": {
        "obj_id": "dining table_2092",
        "class_name": "dining table",
        "class_id": 60,
        "mobility": "static",
        "confidence": 0.509,
        "observation_count": 1,
        "best_score": 13.095,
        "first_seen": "2026-08-18T13:01:55.864089+00:00",
        "last_seen": "2026-08-18T13:01:55.864089+00:00",
        "ttl_seconds": -1.0
      }
    },
    {
      "type": "Feature",
      "geometry": {
        "type": "Point",
        "coordinates": [
          13.0438,
          2.668
        ]
      },
      "properties": {
        "obj_id": "bench_2093",
        "class_name": "bench",
        "class_id": 13,
        "mobility": "static",
        "confidence": 0.736,
        "observation_count": 31,
        "best_score": 6.577,
        "first_seen": "2026-08-18T13:01:57.737867+00:00",
        "last_seen": "2026-08-18T13:02:14.614609+00:00",
        "ttl_seconds": -1.0
      }
    },
    {
      "type": "Feature",
      "geometry": {
        "type": "Point",
        "coordinates": [
          13.8168,
          4.406
        ]
      },
      "properties": {
        "obj_id": "bench_2095",
        "class_name": "bench",
        "class_id": 13,
        "mobility": "static",
        "confidence": 0.53,
        "observation_count": 2,
        "best_score": 1.837,
        "first_seen": "2026-08-18T13:02:05.207373+00:00",
        "last_seen": "2026-08-18T13:02:05.214577+00:00",
        "ttl_seconds": -1.0
      }
    },
    {
      "type": "Feature",
      "geometry": {
        "type": "Point",
        "coordinates": [
          13.7975,
          5.7679
        ]
      },
      "properties": {
        "obj_id": "potted plant_2096",
        "class_name": "potted plant",
        "class_id": 58,
        "mobility": "static",
        "confidence": 0.649,
        "observation_count": 5,
        "best_score": 0.546,
        "first_seen": "2026-08-18T13:02:05.601510+00:00",
        "last_seen": "2026-08-18T13:02:05.612302+00:00",
        "ttl_seconds": -1.0
      }
    },
    {
      "type": "Feature",
      "geometry": {
        "type": "Point",
        "coordinates": [
          13.7619,
          3.7175
        ]
      },
      "properties": {
        "obj_id": "potted plant_2097",
        "class_name": "potted plant",
        "class_id": 58,
        "mobility": "static",
        "confidence": 0.662,
        "observation_count": 8,
        "best_score": 0.845,
        "first_seen": "2026-08-18T13:02:07.699740+00:00",
        "last_seen": "2026-08-18T13:02:07.709301+00:00",
        "ttl_seconds": -1.0
      }
    },
    {
      "type": "Feature",
      "geometry": {
        "type": "Point",
        "coordinates": [
          13.6438,
          4.3443
        ]
      },
      "properties": {
        "obj_id": "potted plant_2098",
        "class_name": "potted plant",
        "class_id": 58,
        "mobility": "static",
        "confidence": 0.767,
        "observation_count": 10,
        "best_score": 1.044,
        "first_seen": "2026-08-18T13:02:07.706206+00:00",
        "last_seen": "2026-08-18T13:02:08.110740+00:00",
        "ttl_seconds": -1.0
      }
    },
    {
      "type": "Feature",
      "geometry": {
        "type": "Point",
        "coordinates": [
          12.2674,
          1.5578
        ]
      },
      "properties": {
        "obj_id": "bench_2100",
        "class_name": "bench",
        "class_id": 13,
        "mobility": "static",
        "confidence": 0.581,
        "observation_count": 9,
        "best_score": 2.223,
        "first_seen": "2026-08-18T13:02:41.591840+00:00",
        "last_seen": "2026-08-18T13:02:41.596982+00:00",
        "ttl_seconds": -1.0
      }
    },
    {
      "type": "Feature",
      "geometry": {
        "type": "Point",
        "coordinates": [
          5.8678,
          -3.8753
        ]
      },
      "properties": {
        "obj_id": "bench_2103",
        "class_name": "bench",
        "class_id": 13,
        "mobility": "static",
        "confidence": 0.506,
        "observation_count": 1,
        "best_score": 1.288,
        "first_seen": "2026-08-18T13:03:49.813213+00:00",
        "last_seen": "2026-08-18T13:03:49.813213+00:00",
        "ttl_seconds": -1.0
      }
    },
    {
      "type": "Feature",
      "geometry": {
        "type": "Point",
        "coordinates": [
          8.0772,
          -2.46
        ]
      },
      "properties": {
        "obj_id": "potted plant_2104",
        "class_name": "potted plant",
        "class_id": 58,
        "mobility": "static",
        "confidence": 0.666,
        "observation_count": 6,
        "best_score": 0.428,
        "first_seen": "2026-08-18T13:03:50.241221+00:00",
        "last_seen": "2026-08-18T13:03:51.668175+00:00",
        "ttl_seconds": -1.0
      }
    },
    {
      "type": "Feature",
      "geometry": {
        "type": "Point",
        "coordinates": [
          6.2634,
          -2.8292
        ]
      },
      "properties": {
        "obj_id": "bench_2105",
        "class_name": "bench",
        "class_id": 13,
        "mobility": "static",
        "confidence": 0.603,
        "observation_count": 7,
        "best_score": 2.127,
        "first_seen": "2026-08-18T13:03:50.247102+00:00",
        "last_seen": "2026-08-18T13:03:51.668528+00:00",
        "ttl_seconds": -1.0
      }
    },
    {
      "type": "Feature",
      "geometry": {
        "type": "Point",
        "coordinates": [
          5.3791,
          6.2372
        ]
      },
      "properties": {
        "obj_id": "bench_2125",
        "class_name": "bench",
        "class_id": 13,
        "mobility": "static",
        "confidence": 0.674,
        "observation_count": 40,
        "best_score": 9.46,
        "first_seen": "2026-08-18T13:52:18.397985+00:00",
        "last_seen": "2026-08-19T14:41:21.951845+00:00",
        "ttl_seconds": -1.0
      }
    },
    {
      "type": "Feature",
      "geometry": {
        "type": "Point",
        "coordinates": [
          9.5172,
          7.9825
        ]
      },
      "properties": {
        "obj_id": "potted plant_2126",
        "class_name": "potted plant",
        "class_id": 58,
        "mobility": "static",
        "confidence": 0.812,
        "observation_count": 25,
        "best_score": 1.549,
        "first_seen": "2026-08-18T13:53:06.607836+00:00",
        "last_seen": "2026-08-18T14:25:01.574527+00:00",
        "ttl_seconds": -1.0
      }
    },
    {
      "type": "Feature",
      "geometry": {
        "type": "Point",
        "coordinates": [
          1.6071,
          -0.6813
        ]
      },
      "properties": {
        "obj_id": "bench_2140",
        "class_name": "bench",
        "class_id": 13,
        "mobility": "static",
        "confidence": 0.737,
        "observation_count": 10,
        "best_score": 2.267,
        "first_seen": "2026-08-18T14:45:24.951460+00:00",
        "last_seen": "2026-08-18T14:45:24.955148+00:00",
        "ttl_seconds": -1.0
      }
    },
    {
      "type": "Feature",
      "geometry": {
        "type": "Point",
        "coordinates": [
          2.8617,
          5.5186
        ]
      },
      "properties": {
        "obj_id": "bench_2142",
        "class_name": "bench",
        "class_id": 13,
        "mobility": "static",
        "confidence": 0.568,
        "observation_count": 5,
        "best_score": 2.096,
        "first_seen": "2026-08-18T15:26:30.429731+00:00",
        "last_seen": "2026-08-18T15:26:30.436578+00:00",
        "ttl_seconds": -1.0
      }
    },
    {
      "type": "Feature",
      "geometry": {
        "type": "Point",
        "coordinates": [
          0.7629,
          -1.8412
        ]
      },
      "properties": {
        "obj_id": "bed_2144",
        "class_name": "bed",
        "class_id": 59,
        "mobility": "static",
        "confidence": 0.552,
        "observation_count": 3,
        "best_score": 17.839,
        "first_seen": "2026-08-18T15:32:52.256285+00:00",
        "last_seen": "2026-08-18T15:32:52.262196+00:00",
        "ttl_seconds": -1.0
      }
    },
    {
      "type": "Feature",
      "geometry": {
        "type": "Point",
        "coordinates": [
          7.1941,
          -0.6334
        ]
      },
      "properties": {
        "obj_id": "potted plant_2152",
        "class_name": "potted plant",
        "class_id": 58,
        "mobility": "static",
        "confidence": 0.617,
        "observation_count": 7,
        "best_score": 0.822,
        "first_seen": "2026-08-18T15:39:25.551858+00:00",
        "last_seen": "2026-08-18T15:39:26.151231+00:00",
        "ttl_seconds": -1.0
      }
    },
    {
      "type": "Feature",
      "geometry": {
        "type": "Point",
        "coordinates": [
          5.208,
          6.1115
        ]
      },
      "properties": {
        "obj_id": "chair_2154",
        "class_name": "chair",
        "class_id": 56,
        "mobility": "static",
        "confidence": 0.703,
        "observation_count": 9,
        "best_score": 3.039,
        "first_seen": "2026-08-18T15:40:02.247721+00:00",
        "last_seen": "2026-08-18T15:40:02.253033+00:00",
        "ttl_seconds": -1.0
      }
    },
    {
      "type": "Feature",
      "geometry": {
        "type": "Point",
        "coordinates": [
          -0.5537,
          -1.3276
        ]
      },
      "properties": {
        "obj_id": "bed_2155",
        "class_name": "bed",
        "class_id": 59,
        "mobility": "static",
        "confidence": 0.562,
        "observation_count": 4,
        "best_score": 22.926,
        "first_seen": "2026-08-19T06:55:31.442625+00:00",
        "last_seen": "2026-08-19T06:55:31.444574+00:00",
        "ttl_seconds": -1.0
      }
    },
    {
      "type": "Feature",
      "geometry": {
        "type": "Point",
        "coordinates": [
          -0.1109,
          -0.6685
        ]
      },
      "properties": {
        "obj_id": "bed_2156",
        "class_name": "bed",
        "class_id": 59,
        "mobility": "static",
        "confidence": 0.679,
        "observation_count": 11,
        "best_score": 55.2,
        "first_seen": "2026-08-19T06:57:09.442102+00:00",
        "last_seen": "2026-08-19T14:48:42.510000+00:00",
        "ttl_seconds": -1.0
      }
    },
    {
      "type": "Feature",
      "geometry": {
        "type": "Point",
        "coordinates": [
          8.6378,
          -1.7121
        ]
      },
      "properties": {
        "obj_id": "bench_2166",
        "class_name": "bench",
        "class_id": 13,
        "mobility": "static",
        "confidence": 0.617,
        "observation_count": 3,
        "best_score": 2.163,
        "first_seen": "2026-08-19T12:34:31.671292+00:00",
        "last_seen": "2026-08-19T12:37:30.242955+00:00",
        "ttl_seconds": -1.0
      }
    },
    {
      "type": "Feature",
      "geometry": {
        "type": "Point",
        "coordinates": [
          6.824,
          -2.7953
        ]
      },
      "properties": {
        "obj_id": "potted plant_2167",
        "class_name": "potted plant",
        "class_id": 58,
        "mobility": "static",
        "confidence": 0.647,
        "observation_count": 8,
        "best_score": 0.371,
        "first_seen": "2026-08-19T12:37:30.237788+00:00",
        "last_seen": "2026-08-19T12:37:30.242865+00:00",
        "ttl_seconds": -1.0
      }
    },
    {
      "type": "Feature",
      "geometry": {
        "type": "Point",
        "coordinates": [
          4.6884,
          -1.9296
        ]
      },
      "properties": {
        "obj_id": "potted plant_2168",
        "class_name": "potted plant",
        "class_id": 58,
        "mobility": "static",
        "confidence": 0.593,
        "observation_count": 5,
        "best_score": 1.198,
        "first_seen": "2026-08-19T12:37:30.626822+00:00",
        "last_seen": "2026-08-19T12:37:30.630453+00:00",
        "ttl_seconds": -1.0
      }
    },
    {
      "type": "Feature",
      "geometry": {
        "type": "Point",
        "coordinates": [
          8.1737,
          -1.0057
        ]
      },
      "properties": {
        "obj_id": "potted plant_2169",
        "class_name": "potted plant",
        "class_id": 58,
        "mobility": "static",
        "confidence": 0.69,
        "observation_count": 10,
        "best_score": 2.2,
        "first_seen": "2026-08-19T12:45:52.146270+00:00",
        "last_seen": "2026-08-19T12:45:52.149308+00:00",
        "ttl_seconds": -1.0
      }
    },
    {
      "type": "Feature",
      "geometry": {
        "type": "Point",
        "coordinates": [
          -0.7044,
          1.2276
        ]
      },
      "properties": {
        "obj_id": "dining table_2172",
        "class_name": "dining table",
        "class_id": 60,
        "mobility": "static",
        "confidence": 0.518,
        "observation_count": 1,
        "best_score": 6.765,
        "first_seen": "2026-08-19T14:28:11.789828+00:00",
        "last_seen": "2026-08-19T14:28:11.789828+00:00",
        "ttl_seconds": -1.0
      }
    },
    {
      "type": "Feature",
      "geometry": {
        "type": "Point",
        "coordinates": [
          10.0621,
          6.8115
        ]
      },
      "properties": {
        "obj_id": "potted plant_2173",
        "class_name": "potted plant",
        "class_id": 58,
        "mobility": "static",
        "confidence": 0.595,
        "observation_count": 1,
        "best_score": 0.195,
        "first_seen": "2026-08-19T14:40:31.943004+00:00",
        "last_seen": "2026-08-19T14:40:31.943004+00:00",
        "ttl_seconds": -1.0
      }
    },
    {
      "type": "Feature",
      "geometry": {
        "type": "Point",
        "coordinates": [
          6.0893,
          -3.1978
        ]
      },
      "properties": {
        "obj_id": "potted plant_2174",
        "class_name": "potted plant",
        "class_id": 58,
        "mobility": "static",
        "confidence": 0.531,
        "observation_count": 1,
        "best_score": 0.703,
        "first_seen": "2026-08-19T14:49:24.300946+00:00",
        "last_seen": "2026-08-19T14:49:24.300946+00:00",
        "ttl_seconds": -1.0
      }
    }
  ]
}