{
  "type": "FeatureCollection",
  "metadata": {
    "description": "SAIM Xplorer Semantic Object Map",
    "frame": "map",
    "generated_by": "semantic_localizer",
    "last_updated": "2026-08-19T14:55:40.458803+00:00",
    "object_count": 527
  },
  "features": [
    {
      "type": "Feature",
      "geometry": {
        "type": "Point",
        "coordinates": [
          4.0409,
          -1.4801
        ]
      },
      "properties": {
        "obj_id": "bench_2",
        "class_name": "bench",
        "class_id": 13,
        "mobility": "static",
        "confidence": 0.749,
        "observation_count": 3031,
        "best_score": 54.873,
        "first_seen": "2026-05-14T07:08:54.618061+00:00",
        "last_seen": "2026-08-19T14:08:47.383279+00:00",
        "ttl_seconds": -1.0
      }
    },
    {
      "type": "Feature",
      "geometry": {
        "type": "Point",
        "coordinates": [
          5.7322,
          -1.3677
        ]
      },
      "properties": {
        "obj_id": "potted plant_3",
        "class_name": "potted plant",
        "class_id": 58,
        "mobility": "static",
        "confidence": 0.756,
        "observation_count": 139,
        "best_score": 5.666,
        "first_seen": "2026-05-14T07:08:56.604540+00:00",
        "last_seen": "2026-08-19T13:27:32.660620+00:00",
        "ttl_seconds": -1.0
      }
    },
    {
      "type": "Feature",
      "geometry": {
        "type": "Point",
        "coordinates": [
          7.0869,
          -1.8444
        ]
      },
      "properties": {
        "obj_id": "potted plant_4",
        "class_name": "potted plant",
        "class_id": 58,
        "mobility": "static",
        "confidence": 0.917,
        "observation_count": 2533,
        "best_score": 55.573,
        "first_seen": "2026-05-14T07:11:54.009524+00:00",
        "last_seen": "2026-08-19T14:04:51.718590+00:00",
        "ttl_seconds": -1.0
      }
    },
    {
      "type": "Feature",
      "geometry": {
        "type": "Point",
        "coordinates": [
          4.2536,
          -1.6836
        ]
      },
      "properties": {
        "obj_id": "bench_5",
        "class_name": "bench",
        "class_id": 13,
        "mobility": "static",
        "confidence": 0.86,
        "observation_count": 8649,
        "best_score": 92.825,
        "first_seen": "2026-05-14T07:12:15.455827+00:00",
        "last_seen": "2026-08-19T10:11:56.818476+00:00",
        "ttl_seconds": -1.0
      }
    },
    {
      "type": "Feature",
      "geometry": {
        "type": "Point",
        "coordinates": [
          6.5539,
          -1.8629
        ]
      },
      "properties": {
        "obj_id": "potted plant_18",
        "class_name": "potted plant",
        "class_id": 58,
        "mobility": "static",
        "confidence": 0.901,
        "observation_count": 4420,
        "best_score": 30.778,
        "first_seen": "2026-05-14T07:14:35.691054+00:00",
        "last_seen": "2026-08-19T14:10:06.945094+00:00",
        "ttl_seconds": -1.0
      }
    },
    {
      "type": "Feature",
      "geometry": {
        "type": "Point",
        "coordinates": [
          5.9302,
          -2.4303
        ]
      },
      "properties": {
        "obj_id": "potted plant_19",
        "class_name": "potted plant",
        "class_id": 58,
        "mobility": "static",
        "confidence": 0.79,
        "observation_count": 9872,
        "best_score": 19.227,
        "first_seen": "2026-05-14T07:14:37.674618+00:00",
        "last_seen": "2026-08-19T13:24:09.991263+00:00",
        "ttl_seconds": -1.0
      }
    },
    {
      "type": "Feature",
      "geometry": {
        "type": "Point",
        "coordinates": [
          6.9075,
          -1.5769
        ]
      },
      "properties": {
        "obj_id": "potted plant_20",
        "class_name": "potted plant",
        "class_id": 58,
        "mobility": "static",
        "confidence": 0.876,
        "observation_count": 1959,
        "best_score": 48.952,
        "first_seen": "2026-05-14T07:14:50.313590+00:00",
        "last_seen": "2026-08-19T14:04:53.485562+00:00",
        "ttl_seconds": -1.0
      }
    },
    {
      "type": "Feature",
      "geometry": {
        "type": "Point",
        "coordinates": [
          5.1915,
          -1.4602
        ]
      },
      "properties": {
        "obj_id": "potted plant_21",
        "class_name": "potted plant",
        "class_id": 58,
        "mobility": "static",
        "confidence": 0.694,
        "observation_count": 98,
        "best_score": 2.022,
        "first_seen": "2026-05-14T07:14:54.713895+00:00",
        "last_seen": "2026-08-19T14:10:06.945057+00:00",
        "ttl_seconds": -1.0
      }
    },
    {
      "type": "Feature",
      "geometry": {
        "type": "Point",
        "coordinates": [
          5.9869,
          -2.016
        ]
      },
      "properties": {
        "obj_id": "potted plant_22",
        "class_name": "potted plant",
        "class_id": 58,
        "mobility": "static",
        "confidence": 0.899,
        "observation_count": 6757,
        "best_score": 38.34,
        "first_seen": "2026-05-14T07:14:57.810895+00:00",
        "last_seen": "2026-08-19T13:35:13.169960+00:00",
        "ttl_seconds": -1.0
      }
    },
    {
      "type": "Feature",
      "geometry": {
        "type": "Point",
        "coordinates": [
          9.2474,
          -0.2957
        ]
      },
      "properties": {
        "obj_id": "bench_23",
        "class_name": "bench",
        "class_id": 13,
        "mobility": "static",
        "confidence": 0.75,
        "observation_count": 51,
        "best_score": 7.847,
        "first_seen": "2026-05-14T07:15:03.620039+00:00",
        "last_seen": "2026-08-19T13:31:36.555192+00:00",
        "ttl_seconds": -1.0
      }
    },
    {
      "type": "Feature",
      "geometry": {
        "type": "Point",
        "coordinates": [
          7.2603,
          -1.7327
        ]
      },
      "properties": {
        "obj_id": "dining table_24",
        "class_name": "dining table",
        "class_id": 60,
        "mobility": "static",
        "confidence": 0.583,
        "observation_count": 5,
        "best_score": 22.313,
        "first_seen": "2026-05-14T07:15:16.537052+00:00",
        "last_seen": "2026-05-14T07:15:16.538472+00:00",
        "ttl_seconds": -1.0
      }
    },
    {
      "type": "Feature",
      "geometry": {
        "type": "Point",
        "coordinates": [
          4.5782,
          -1.5397
        ]
      },
      "properties": {
        "obj_id": "bench_25",
        "class_name": "bench",
        "class_id": 13,
        "mobility": "static",
        "confidence": 0.841,
        "observation_count": 370,
        "best_score": 63.246,
        "first_seen": "2026-05-14T07:19:59.243544+00:00",
        "last_seen": "2026-08-19T14:04:56.851364+00:00",
        "ttl_seconds": -1.0
      }
    },
    {
      "type": "Feature",
      "geometry": {
        "type": "Point",
        "coordinates": [
          5.8626,
          5.9478
        ]
      },
      "properties": {
        "obj_id": "chair_26",
        "class_name": "chair",
        "class_id": 56,
        "mobility": "static",
        "confidence": 0.89,
        "observation_count": 894,
        "best_score": 19.049,
        "first_seen": "2026-05-14T07:22:24.111779+00:00",
        "last_seen": "2026-05-21T10:55:41.763251+00:00",
        "ttl_seconds": -1.0
      }
    },
    {
      "type": "Feature",
      "geometry": {
        "type": "Point",
        "coordinates": [
          6.6333,
          6.7045
        ]
      },
      "properties": {
        "obj_id": "chair_27",
        "class_name": "chair",
        "class_id": 56,
        "mobility": "static",
        "confidence": 0.7,
        "observation_count": 24,
        "best_score": 0.728,
        "first_seen": "2026-05-14T07:22:28.474904+00:00",
        "last_seen": "2026-08-19T14:05:35.174788+00:00",
        "ttl_seconds": -1.0
      }
    },
    {
      "type": "Feature",
      "geometry": {
        "type": "Point",
        "coordinates": [
          6.5293,
          6.5474
        ]
      },
      "properties": {
        "obj_id": "potted plant_28",
        "class_name": "potted plant",
        "class_id": 58,
        "mobility": "static",
        "confidence": 0.902,
        "observation_count": 5233,
        "best_score": 13.249,
        "first_seen": "2026-05-14T07:22:30.888199+00:00",
        "last_seen": "2026-05-21T10:46:18.583595+00:00",
        "ttl_seconds": -1.0
      }
    },
    {
      "type": "Feature",
      "geometry": {
        "type": "Point",
        "coordinates": [
          6.436,
          6.5411
        ]
      },
      "properties": {
        "obj_id": "potted plant_29",
        "class_name": "potted plant",
        "class_id": 58,
        "mobility": "static",
        "confidence": 0.893,
        "observation_count": 10403,
        "best_score": 17.234,
        "first_seen": "2026-05-14T07:22:30.889189+00:00",
        "last_seen": "2026-05-18T12:24:30.209420+00:00",
        "ttl_seconds": -1.0
      }
    },
    {
      "type": "Feature",
      "geometry": {
        "type": "Point",
        "coordinates": [
          9.2617,
          1.3748
        ]
      },
      "properties": {
        "obj_id": "stop sign_30",
        "class_name": "stop sign",
        "class_id": 11,
        "mobility": "static",
        "confidence": 0.632,
        "observation_count": 4,
        "best_score": 1.169,
        "first_seen": "2026-05-14T07:22:35.287840+00:00",
        "last_seen": "2026-05-14T07:22:36.920255+00:00",
        "ttl_seconds": -1.0
      }
    },
    {
      "type": "Feature",
      "geometry": {
        "type": "Point",
        "coordinates": [
          3.6416,
          5.8047
        ]
      },
      "properties": {
        "obj_id": "chair_32",
        "class_name": "chair",
        "class_id": 56,
        "mobility": "static",
        "confidence": 0.917,
        "observation_count": 73,
        "best_score": 7.385,
        "first_seen": "2026-05-14T07:34:53.173061+00:00",
        "last_seen": "2026-08-17T09:02:06.656218+00:00",
        "ttl_seconds": -1.0
      }
    },
    {
      "type": "Feature",
      "geometry": {
        "type": "Point",
        "coordinates": [
          9.2545,
          3.6793
        ]
      },
      "properties": {
        "obj_id": "chair_33",
        "class_name": "chair",
        "class_id": 56,
        "mobility": "static",
        "confidence": 0.709,
        "observation_count": 144,
        "best_score": 4.187,
        "first_seen": "2026-05-14T07:34:58.274457+00:00",
        "last_seen": "2026-07-02T12:04:15.478178+00:00",
        "ttl_seconds": -1.0
      }
    },
    {
      "type": "Feature",
      "geometry": {
        "type": "Point",
        "coordinates": [
          4.2659,
          6.3653
        ]
      },
      "properties": {
        "obj_id": "chair_34",
        "class_name": "chair",
        "class_id": 56,
        "mobility": "static",
        "confidence": 0.889,
        "observation_count": 46,
        "best_score": 5.528,
        "first_seen": "2026-05-14T07:37:52.706236+00:00",
        "last_seen": "2026-05-21T10:03:44.165510+00:00",
        "ttl_seconds": -1.0
      }
    },
    {
      "type": "Feature",
      "geometry": {
        "type": "Point",
        "coordinates": [
          8.2736,
          7.4752
        ]
      },
      "properties": {
        "obj_id": "potted plant_36",
        "class_name": "potted plant",
        "class_id": 58,
        "mobility": "static",
        "confidence": 0.72,
        "observation_count": 5,
        "best_score": 2.676,
        "first_seen": "2026-05-14T07:38:20.294353+00:00",
        "last_seen": "2026-05-14T07:38:20.297110+00:00",
        "ttl_seconds": -1.0
      }
    },
    {
      "type": "Feature",
      "geometry": {
        "type": "Point",
        "coordinates": [
          6.1348,
          5.9214
        ]
      },
      "properties": {
        "obj_id": "bench_37",
        "class_name": "bench",
        "class_id": 13,
        "mobility": "static",
        "confidence": 0.792,
        "observation_count": 57,
        "best_score": 51.125,
        "first_seen": "2026-05-14T07:38:22.115098+00:00",
        "last_seen": "2026-05-21T10:46:19.298086+00:00",
        "ttl_seconds": -1.0
      }
    },
    {
      "type": "Feature",
      "geometry": {
        "type": "Point",
        "coordinates": [
          9.303,
          4.2121
        ]
      },
      "properties": {
        "obj_id": "stop sign_38",
        "class_name": "stop sign",
        "class_id": 11,
        "mobility": "static",
        "confidence": 0.667,
        "observation_count": 12,
        "best_score": 1.415,
        "first_seen": "2026-05-14T07:41:15.811795+00:00",
        "last_seen": "2026-05-19T07:31:39.140937+00:00",
        "ttl_seconds": -1.0
      }
    },
    {
      "type": "Feature",
      "geometry": {
        "type": "Point",
        "coordinates": [
          6.4873,
          6.9326
        ]
      },
      "properties": {
        "obj_id": "chair_39",
        "class_name": "chair",
        "class_id": 56,
        "mobility": "static",
        "confidence": 0.761,
        "observation_count": 10,
        "best_score": 1.12,
        "first_seen": "2026-05-14T07:41:20.135315+00:00",
        "last_seen": "2026-05-14T07:41:20.137042+00:00",
        "ttl_seconds": -1.0
      }
    },
    {
      "type": "Feature",
      "geometry": {
        "type": "Point",
        "coordinates": [
          6.3299,
          -2.8003
        ]
      },
      "properties": {
        "obj_id": "potted plant_40",
        "class_name": "potted plant",
        "class_id": 58,
        "mobility": "static",
        "confidence": 0.851,
        "observation_count": 650,
        "best_score": 26.603,
        "first_seen": "2026-05-14T07:42:39.905831+00:00",
        "last_seen": "2026-08-19T13:35:14.765385+00:00",
        "ttl_seconds": -1.0
      }
    },
    {
      "type": "Feature",
      "geometry": {
        "type": "Point",
        "coordinates": [
          4.9555,
          -1.4765
        ]
      },
      "properties": {
        "obj_id": "bench_41",
        "class_name": "bench",
        "class_id": 13,
        "mobility": "static",
        "confidence": 0.682,
        "observation_count": 32,
        "best_score": 19.741,
        "first_seen": "2026-05-14T07:42:44.313520+00:00",
        "last_seen": "2026-08-19T14:04:53.485508+00:00",
        "ttl_seconds": -1.0
      }
    },
    {
      "type": "Feature",
      "geometry": {
        "type": "Point",
        "coordinates": [
          -1.2586,
          2.1325
        ]
      },
      "properties": {
        "obj_id": "bench_42",
        "class_name": "bench",
        "class_id": 13,
        "mobility": "static",
        "confidence": 0.541,
        "observation_count": 6,
        "best_score": 3.67,
        "first_seen": "2026-05-14T07:42:57.102877+00:00",
        "last_seen": "2026-05-18T12:02:47.117505+00:00",
        "ttl_seconds": -1.0
      }
    },
    {
      "type": "Feature",
      "geometry": {
        "type": "Point",
        "coordinates": [
          -1.1901,
          2.9487
        ]
      },
      "properties": {
        "obj_id": "chair_43",
        "class_name": "chair",
        "class_id": 56,
        "mobility": "static",
        "confidence": 0.541,
        "observation_count": 2,
        "best_score": 1.204,
        "first_seen": "2026-05-14T07:43:02.301042+00:00",
        "last_seen": "2026-05-14T07:43:02.302148+00:00",
        "ttl_seconds": -1.0
      }
    },
    {
      "type": "Feature",
      "geometry": {
        "type": "Point",
        "coordinates": [
          7.3487,
          6.5323
        ]
      },
      "properties": {
        "obj_id": "potted plant_44",
        "class_name": "potted plant",
        "class_id": 58,
        "mobility": "static",
        "confidence": 0.861,
        "observation_count": 5613,
        "best_score": 6.663,
        "first_seen": "2026-05-14T07:51:26.539072+00:00",
        "last_seen": "2026-06-22T15:17:04.070161+00:00",
        "ttl_seconds": -1.0
      }
    },
    {
      "type": "Feature",
      "geometry": {
        "type": "Point",
        "coordinates": [
          5.5934,
          4.473
        ]
      },
      "properties": {
        "obj_id": "chair_47",
        "class_name": "chair",
        "class_id": 56,
        "mobility": "static",
        "confidence": 0.79,
        "observation_count": 21,
        "best_score": 17.636,
        "first_seen": "2026-05-14T07:51:28.958288+00:00",
        "last_seen": "2026-07-02T12:05:48.676558+00:00",
        "ttl_seconds": -1.0
      }
    },
    {
      "type": "Feature",
      "geometry": {
        "type": "Point",
        "coordinates": [
          -0.269,
          0.1115
        ]
      },
      "properties": {
        "obj_id": "parking meter_51",
        "class_name": "parking meter",
        "class_id": 12,
        "mobility": "static",
        "confidence": 0.522,
        "observation_count": 1,
        "best_score": 1.068,
        "first_seen": "2026-05-14T07:53:59.878488+00:00",
        "last_seen": "2026-05-14T07:53:59.878488+00:00",
        "ttl_seconds": -1.0
      }
    },
    {
      "type": "Feature",
      "geometry": {
        "type": "Point",
        "coordinates": [
          -0.2554,
          0.1618
        ]
      },
      "properties": {
        "obj_id": "stop sign_52",
        "class_name": "stop sign",
        "class_id": 11,
        "mobility": "static",
        "confidence": 0.541,
        "observation_count": 4,
        "best_score": 1.394,
        "first_seen": "2026-05-14T07:54:01.044384+00:00",
        "last_seen": "2026-05-14T07:54:01.045496+00:00",
        "ttl_seconds": -1.0
      }
    },
    {
      "type": "Feature",
      "geometry": {
        "type": "Point",
        "coordinates": [
          3.8089,
          -0.7486
        ]
      },
      "properties": {
        "obj_id": "laptop_60",
        "class_name": "laptop",
        "class_id": 63,
        "mobility": "static",
        "confidence": 0.685,
        "observation_count": 79,
        "best_score": 1.998,
        "first_seen": "2026-05-15T10:39:55.912873+00:00",
        "last_seen": "2026-05-15T10:40:32.641782+00:00",
        "ttl_seconds": -1.0
      }
    },
    {
      "type": "Feature",
      "geometry": {
        "type": "Point",
        "coordinates": [
          2.4402,
          -0.1691
        ]
      },
      "properties": {
        "obj_id": "laptop_61",
        "class_name": "laptop",
        "class_id": 63,
        "mobility": "static",
        "confidence": 0.603,
        "observation_count": 7,
        "best_score": 4.531,
        "first_seen": "2026-05-15T10:39:59.403653+00:00",
        "last_seen": "2026-05-15T10:40:34.635896+00:00",
        "ttl_seconds": -1.0
      }
    },
    {
      "type": "Feature",
      "geometry": {
        "type": "Point",
        "coordinates": [
          3.5977,
          -0.2406
        ]
      },
      "properties": {
        "obj_id": "laptop_62",
        "class_name": "laptop",
        "class_id": 63,
        "mobility": "static",
        "confidence": 0.547,
        "observation_count": 5,
        "best_score": 6.301,
        "first_seen": "2026-05-15T10:40:05.410191+00:00",
        "last_seen": "2026-05-15T10:40:37.438545+00:00",
        "ttl_seconds": -1.0
      }
    },
    {
      "type": "Feature",
      "geometry": {
        "type": "Point",
        "coordinates": [
          3.8107,
          -0.7494
        ]
      },
      "properties": {
        "obj_id": "tv_63",
        "class_name": "tv",
        "class_id": 62,
        "mobility": "static",
        "confidence": 0.702,
        "observation_count": 111,
        "best_score": 2.05,
        "first_seen": "2026-05-15T10:40:39.410021+00:00",
        "last_seen": "2026-05-15T10:40:47.978204+00:00",
        "ttl_seconds": -1.0
      }
    },
    {
      "type": "Feature",
      "geometry": {
        "type": "Point",
        "coordinates": [
          2.4676,
          0.1971
        ]
      },
      "properties": {
        "obj_id": "tv_64",
        "class_name": "tv",
        "class_id": 62,
        "mobility": "static",
        "confidence": 0.731,
        "observation_count": 89,
        "best_score": 4.381,
        "first_seen": "2026-05-15T10:40:41.736655+00:00",
        "last_seen": "2026-03-24T09:47:05.375330+00:00",
        "ttl_seconds": -1.0
      }
    },
    {
      "type": "Feature",
      "geometry": {
        "type": "Point",
        "coordinates": [
          0.3893,
          2.5297
        ]
      },
      "properties": {
        "obj_id": "tv_66",
        "class_name": "tv",
        "class_id": 62,
        "mobility": "static",
        "confidence": 0.658,
        "observation_count": 19,
        "best_score": 1.922,
        "first_seen": "2026-05-15T10:40:48.388856+00:00",
        "last_seen": "2026-05-15T10:40:50.382624+00:00",
        "ttl_seconds": -1.0
      }
    },
    {
      "type": "Feature",
      "geometry": {
        "type": "Point",
        "coordinates": [
          1.2333,
          3.9354
        ]
      },
      "properties": {
        "obj_id": "tv_67",
        "class_name": "tv",
        "class_id": 62,
        "mobility": "static",
        "confidence": 0.562,
        "observation_count": 3,
        "best_score": 4.594,
        "first_seen": "2026-05-15T10:40:49.176161+00:00",
        "last_seen": "2026-05-15T10:40:49.177086+00:00",
        "ttl_seconds": -1.0
      }
    },
    {
      "type": "Feature",
      "geometry": {
        "type": "Point",
        "coordinates": [
          0.3975,
          2.5434
        ]
      },
      "properties": {
        "obj_id": "laptop_68",
        "class_name": "laptop",
        "class_id": 63,
        "mobility": "static",
        "confidence": 0.664,
        "observation_count": 83,
        "best_score": 2.05,
        "first_seen": "2026-05-15T10:40:51.928988+00:00",
        "last_seen": "2026-05-15T10:42:51.924393+00:00",
        "ttl_seconds": -1.0
      }
    },
    {
      "type": "Feature",
      "geometry": {
        "type": "Point",
        "coordinates": [
          1.088,
          3.5757
        ]
      },
      "properties": {
        "obj_id": "laptop_69",
        "class_name": "laptop",
        "class_id": 63,
        "mobility": "static",
        "confidence": 0.789,
        "observation_count": 25,
        "best_score": 13.115,
        "first_seen": "2026-05-15T10:40:59.182055+00:00",
        "last_seen": "2026-05-15T10:41:42.145793+00:00",
        "ttl_seconds": -1.0
      }
    },
    {
      "type": "Feature",
      "geometry": {
        "type": "Point",
        "coordinates": [
          0.9595,
          2.7631
        ]
      },
      "properties": {
        "obj_id": "laptop_70",
        "class_name": "laptop",
        "class_id": 63,
        "mobility": "static",
        "confidence": 0.854,
        "observation_count": 412,
        "best_score": 10.751,
        "first_seen": "2026-05-15T10:41:02.381391+00:00",
        "last_seen": "2026-05-15T10:43:37.328946+00:00",
        "ttl_seconds": -1.0
      }
    },
    {
      "type": "Feature",
      "geometry": {
        "type": "Point",
        "coordinates": [
          1.3972,
          3.8655
        ]
      },
      "properties": {
        "obj_id": "laptop_71",
        "class_name": "laptop",
        "class_id": 63,
        "mobility": "static",
        "confidence": 0.668,
        "observation_count": 4,
        "best_score": 14.718,
        "first_seen": "2026-05-15T10:41:35.214880+00:00",
        "last_seen": "2026-05-15T10:41:35.217566+00:00",
        "ttl_seconds": -1.0
      }
    },
    {
      "type": "Feature",
      "geometry": {
        "type": "Point",
        "coordinates": [
          1.5306,
          6.8357
        ]
      },
      "properties": {
        "obj_id": "chair_79",
        "class_name": "chair",
        "class_id": 56,
        "mobility": "static",
        "confidence": 0.777,
        "observation_count": 4574,
        "best_score": 16.791,
        "first_seen": "2026-05-18T07:55:47.400830+00:00",
        "last_seen": "2026-06-02T08:17:29.753102+00:00",
        "ttl_seconds": -1.0
      }
    },
    {
      "type": "Feature",
      "geometry": {
        "type": "Point",
        "coordinates": [
          -4.1027,
          9.7132
        ]
      },
      "properties": {
        "obj_id": "tv_87",
        "class_name": "tv",
        "class_id": 62,
        "mobility": "static",
        "confidence": 0.612,
        "observation_count": 6,
        "best_score": 1.113,
        "first_seen": "2026-05-18T08:08:44.531278+00:00",
        "last_seen": "2026-05-18T08:08:44.532541+00:00",
        "ttl_seconds": -1.0
      }
    },
    {
      "type": "Feature",
      "geometry": {
        "type": "Point",
        "coordinates": [
          0.8333,
          4.9579
        ]
      },
      "properties": {
        "obj_id": "suitcase_88",
        "class_name": "suitcase",
        "class_id": 28,
        "mobility": "static",
        "confidence": 0.915,
        "observation_count": 232,
        "best_score": 108.585,
        "first_seen": "2026-05-18T08:13:37.638994+00:00",
        "last_seen": "2026-05-18T08:14:31.399449+00:00",
        "ttl_seconds": -1.0
      }
    },
    {
      "type": "Feature",
      "geometry": {
        "type": "Point",
        "coordinates": [
          0.414,
          4.9909
        ]
      },
      "properties": {
        "obj_id": "bed_89",
        "class_name": "bed",
        "class_id": 59,
        "mobility": "static",
        "confidence": 0.843,
        "observation_count": 781,
        "best_score": 303.149,
        "first_seen": "2026-05-18T08:13:40.396434+00:00",
        "last_seen": "2026-05-18T08:14:42.363572+00:00",
        "ttl_seconds": -1.0
      }
    },
    {
      "type": "Feature",
      "geometry": {
        "type": "Point",
        "coordinates": [
          2.1391,
          0.7135
        ]
      },
      "properties": {
        "obj_id": "microwave_91",
        "class_name": "microwave",
        "class_id": 68,
        "mobility": "static",
        "confidence": 0.605,
        "observation_count": 4,
        "best_score": 21.929,
        "first_seen": "2026-05-18T08:15:03.733591+00:00",
        "last_seen": "2026-05-18T08:15:03.735614+00:00",
        "ttl_seconds": -1.0
      }
    },
    {
      "type": "Feature",
      "geometry": {
        "type": "Point",
        "coordinates": [
          1.5437,
          -2.8447
        ]
      },
      "properties": {
        "obj_id": "bench_93",
        "class_name": "bench",
        "class_id": 13,
        "mobility": "static",
        "confidence": 0.76,
        "observation_count": 8,
        "best_score": 1.324,
        "first_seen": "2026-05-18T08:15:50.069221+00:00",
        "last_seen": "2026-08-19T13:34:32.824481+00:00",
        "ttl_seconds": -1.0
      }
    },
    {
      "type": "Feature",
      "geometry": {
        "type": "Point",
        "coordinates": [
          2.336,
          -1.9282
        ]
      },
      "properties": {
        "obj_id": "bench_94",
        "class_name": "bench",
        "class_id": 13,
        "mobility": "static",
        "confidence": 0.516,
        "observation_count": 1,
        "best_score": 1.733,
        "first_seen": "2026-05-18T08:15:50.863082+00:00",
        "last_seen": "2026-05-18T08:15:50.863082+00:00",
        "ttl_seconds": -1.0
      }
    },
    {
      "type": "Feature",
      "geometry": {
        "type": "Point",
        "coordinates": [
          1.4945,
          10.3197
        ]
      },
      "properties": {
        "obj_id": "suitcase_96",
        "class_name": "suitcase",
        "class_id": 28,
        "mobility": "static",
        "confidence": 0.642,
        "observation_count": 14,
        "best_score": 0.549,
        "first_seen": "2026-05-18T08:21:10.815526+00:00",
        "last_seen": "2026-05-18T08:21:12.323544+00:00",
        "ttl_seconds": -1.0
      }
    },
    {
      "type": "Feature",
      "geometry": {
        "type": "Point",
        "coordinates": [
          1.5602,
          9.7906
        ]
      },
      "properties": {
        "obj_id": "suitcase_102",
        "class_name": "suitcase",
        "class_id": 28,
        "mobility": "static",
        "confidence": 0.512,
        "observation_count": 1,
        "best_score": 0.411,
        "first_seen": "2026-05-18T08:21:13.124346+00:00",
        "last_seen": "2026-05-18T08:21:13.124346+00:00",
        "ttl_seconds": -1.0
      }
    },
    {
      "type": "Feature",
      "geometry": {
        "type": "Point",
        "coordinates": [
          -0.0819,
          11.0591
        ]
      },
      "properties": {
        "obj_id": "chair_105",
        "class_name": "chair",
        "class_id": 56,
        "mobility": "static",
        "confidence": 0.628,
        "observation_count": 8,
        "best_score": 1.047,
        "first_seen": "2026-05-18T08:21:23.628148+00:00",
        "last_seen": "2026-05-18T08:21:23.630252+00:00",
        "ttl_seconds": -1.0
      }
    },
    {
      "type": "Feature",
      "geometry": {
        "type": "Point",
        "coordinates": [
          3.77,
          11.3849
        ]
      },
      "properties": {
        "obj_id": "chair_107",
        "class_name": "chair",
        "class_id": 56,
        "mobility": "static",
        "confidence": 0.59,
        "observation_count": 2,
        "best_score": 1.14,
        "first_seen": "2026-05-18T08:21:24.019089+00:00",
        "last_seen": "2026-05-18T08:21:24.019913+00:00",
        "ttl_seconds": -1.0
      }
    },
    {
      "type": "Feature",
      "geometry": {
        "type": "Point",
        "coordinates": [
          4.3936,
          10.5499
        ]
      },
      "properties": {
        "obj_id": "chair_108",
        "class_name": "chair",
        "class_id": 56,
        "mobility": "static",
        "confidence": 0.686,
        "observation_count": 14,
        "best_score": 1.033,
        "first_seen": "2026-05-18T08:21:24.019965+00:00",
        "last_seen": "2026-03-24T10:06:32.125599+00:00",
        "ttl_seconds": -1.0
      }
    },
    {
      "type": "Feature",
      "geometry": {
        "type": "Point",
        "coordinates": [
          4.598,
          10.3568
        ]
      },
      "properties": {
        "obj_id": "laptop_113",
        "class_name": "laptop",
        "class_id": 63,
        "mobility": "static",
        "confidence": 0.522,
        "observation_count": 1,
        "best_score": 0.695,
        "first_seen": "2026-05-18T08:21:25.628668+00:00",
        "last_seen": "2026-05-18T08:21:25.628668+00:00",
        "ttl_seconds": -1.0
      }
    },
    {
      "type": "Feature",
      "geometry": {
        "type": "Point",
        "coordinates": [
          3.2874,
          9.9638
        ]
      },
      "properties": {
        "obj_id": "laptop_116",
        "class_name": "laptop",
        "class_id": 63,
        "mobility": "static",
        "confidence": 0.523,
        "observation_count": 1,
        "best_score": 1.1,
        "first_seen": "2026-05-18T08:21:26.836737+00:00",
        "last_seen": "2026-05-18T08:21:26.836737+00:00",
        "ttl_seconds": -1.0
      }
    },
    {
      "type": "Feature",
      "geometry": {
        "type": "Point",
        "coordinates": [
          0.2084,
          3.15
        ]
      },
      "properties": {
        "obj_id": "suitcase_132",
        "class_name": "suitcase",
        "class_id": 28,
        "mobility": "static",
        "confidence": 0.766,
        "observation_count": 6692,
        "best_score": 6.257,
        "first_seen": "2026-05-18T11:45:55.066688+00:00",
        "last_seen": "2026-06-04T12:24:14.437127+00:00",
        "ttl_seconds": -1.0
      }
    },
    {
      "type": "Feature",
      "geometry": {
        "type": "Point",
        "coordinates": [
          1.7998,
          4.1615
        ]
      },
      "properties": {
        "obj_id": "oven_139",
        "class_name": "oven",
        "class_id": 69,
        "mobility": "static",
        "confidence": 0.63,
        "observation_count": 16,
        "best_score": 76.114,
        "first_seen": "2026-05-18T11:52:49.943446+00:00",
        "last_seen": "2026-05-18T11:52:59.466475+00:00",
        "ttl_seconds": -1.0
      }
    },
    {
      "type": "Feature",
      "geometry": {
        "type": "Point",
        "coordinates": [
          0.7235,
          6.7058
        ]
      },
      "properties": {
        "obj_id": "refrigerator_141",
        "class_name": "refrigerator",
        "class_id": 72,
        "mobility": "static",
        "confidence": 0.562,
        "observation_count": 5,
        "best_score": 2.987,
        "first_seen": "2026-05-18T11:53:15.067879+00:00",
        "last_seen": "2026-05-18T12:02:42.078099+00:00",
        "ttl_seconds": -1.0
      }
    },
    {
      "type": "Feature",
      "geometry": {
        "type": "Point",
        "coordinates": [
          1.2295,
          6.6669
        ]
      },
      "properties": {
        "obj_id": "suitcase_146",
        "class_name": "suitcase",
        "class_id": 28,
        "mobility": "static",
        "confidence": 0.834,
        "observation_count": 28,
        "best_score": 12.935,
        "first_seen": "2026-05-18T11:53:41.505125+00:00",
        "last_seen": "2026-05-18T11:53:43.106890+00:00",
        "ttl_seconds": -1.0
      }
    },
    {
      "type": "Feature",
      "geometry": {
        "type": "Point",
        "coordinates": [
          2.5962,
          2.8979
        ]
      },
      "properties": {
        "obj_id": "refrigerator_152",
        "class_name": "refrigerator",
        "class_id": 72,
        "mobility": "static",
        "confidence": 0.687,
        "observation_count": 25,
        "best_score": 21.55,
        "first_seen": "2026-05-18T11:56:27.714267+00:00",
        "last_seen": "2026-05-18T11:56:34.558749+00:00",
        "ttl_seconds": -1.0
      }
    },
    {
      "type": "Feature",
      "geometry": {
        "type": "Point",
        "coordinates": [
          7.011,
          5.9552
        ]
      },
      "properties": {
        "obj_id": "chair_154",
        "class_name": "chair",
        "class_id": 56,
        "mobility": "static",
        "confidence": 0.656,
        "observation_count": 19,
        "best_score": 0.77,
        "first_seen": "2026-05-18T12:02:22.004511+00:00",
        "last_seen": "2026-05-21T10:55:36.164111+00:00",
        "ttl_seconds": -1.0
      }
    },
    {
      "type": "Feature",
      "geometry": {
        "type": "Point",
        "coordinates": [
          6.9587,
          6.7645
        ]
      },
      "properties": {
        "obj_id": "potted plant_155",
        "class_name": "potted plant",
        "class_id": 58,
        "mobility": "static",
        "confidence": 0.926,
        "observation_count": 15270,
        "best_score": 28.451,
        "first_seen": "2026-05-18T12:04:32.526771+00:00",
        "last_seen": "2026-06-22T15:17:03.669074+00:00",
        "ttl_seconds": -1.0
      }
    },
    {
      "type": "Feature",
      "geometry": {
        "type": "Point",
        "coordinates": [
          8.5967,
          8.6784
        ]
      },
      "properties": {
        "obj_id": "fire hydrant_156",
        "class_name": "fire hydrant",
        "class_id": 10,
        "mobility": "static",
        "confidence": 0.656,
        "observation_count": 6,
        "best_score": 0.881,
        "first_seen": "2026-05-18T12:04:46.858798+00:00",
        "last_seen": "2026-05-18T12:04:46.860226+00:00",
        "ttl_seconds": -1.0
      }
    },
    {
      "type": "Feature",
      "geometry": {
        "type": "Point",
        "coordinates": [
          7.7047,
          6.5821
        ]
      },
      "properties": {
        "obj_id": "dining table_158",
        "class_name": "dining table",
        "class_id": 60,
        "mobility": "static",
        "confidence": 0.761,
        "observation_count": 1620,
        "best_score": 45.567,
        "first_seen": "2026-05-18T12:04:55.683984+00:00",
        "last_seen": "2026-05-18T12:06:00.759835+00:00",
        "ttl_seconds": -1.0
      }
    },
    {
      "type": "Feature",
      "geometry": {
        "type": "Point",
        "coordinates": [
          7.8173,
          -1.5065
        ]
      },
      "properties": {
        "obj_id": "potted plant_161",
        "class_name": "potted plant",
        "class_id": 58,
        "mobility": "static",
        "confidence": 0.685,
        "observation_count": 115,
        "best_score": 3.058,
        "first_seen": "2026-05-18T12:06:11.323614+00:00",
        "last_seen": "2026-08-19T14:04:52.752899+00:00",
        "ttl_seconds": -1.0
      }
    },
    {
      "type": "Feature",
      "geometry": {
        "type": "Point",
        "coordinates": [
          7.1905,
          -2.1398
        ]
      },
      "properties": {
        "obj_id": "chair_162",
        "class_name": "chair",
        "class_id": 56,
        "mobility": "static",
        "confidence": 0.795,
        "observation_count": 143,
        "best_score": 2.343,
        "first_seen": "2026-05-18T12:06:22.335597+00:00",
        "last_seen": "2026-06-30T13:34:23.363307+00:00",
        "ttl_seconds": -1.0
      }
    },
    {
      "type": "Feature",
      "geometry": {
        "type": "Point",
        "coordinates": [
          6.0375,
          -1.927
        ]
      },
      "properties": {
        "obj_id": "chair_163",
        "class_name": "chair",
        "class_id": 56,
        "mobility": "static",
        "confidence": 0.709,
        "observation_count": 6,
        "best_score": 1.077,
        "first_seen": "2026-05-18T12:06:26.137764+00:00",
        "last_seen": "2026-06-26T12:15:21.801859+00:00",
        "ttl_seconds": -1.0
      }
    },
    {
      "type": "Feature",
      "geometry": {
        "type": "Point",
        "coordinates": [
          -1.2066,
          2.3413
        ]
      },
      "properties": {
        "obj_id": "chair_164",
        "class_name": "chair",
        "class_id": 56,
        "mobility": "static",
        "confidence": 0.633,
        "observation_count": 10,
        "best_score": 1.603,
        "first_seen": "2026-05-18T12:06:29.158789+00:00",
        "last_seen": "2026-03-24T09:54:02.670285+00:00",
        "ttl_seconds": -1.0
      }
    },
    {
      "type": "Feature",
      "geometry": {
        "type": "Point",
        "coordinates": [
          4.3578,
          3.9081
        ]
      },
      "properties": {
        "obj_id": "refrigerator_165",
        "class_name": "refrigerator",
        "class_id": 72,
        "mobility": "static",
        "confidence": 0.757,
        "observation_count": 25,
        "best_score": 37.008,
        "first_seen": "2026-05-18T12:08:57.991148+00:00",
        "last_seen": "2026-08-19T14:05:32.904804+00:00",
        "ttl_seconds": -1.0
      }
    },
    {
      "type": "Feature",
      "geometry": {
        "type": "Point",
        "coordinates": [
          2.3901,
          5.5502
        ]
      },
      "properties": {
        "obj_id": "tv_172",
        "class_name": "tv",
        "class_id": 62,
        "mobility": "static",
        "confidence": 0.638,
        "observation_count": 6,
        "best_score": 8.056,
        "first_seen": "2026-05-18T12:09:41.648011+00:00",
        "last_seen": "2026-05-18T12:09:41.650767+00:00",
        "ttl_seconds": -1.0
      }
    },
    {
      "type": "Feature",
      "geometry": {
        "type": "Point",
        "coordinates": [
          3.1364,
          10.5997
        ]
      },
      "properties": {
        "obj_id": "laptop_179",
        "class_name": "laptop",
        "class_id": 63,
        "mobility": "static",
        "confidence": 0.615,
        "observation_count": 4,
        "best_score": 1.058,
        "first_seen": "2026-05-18T12:09:42.785657+00:00",
        "last_seen": "2026-05-18T12:09:42.788389+00:00",
        "ttl_seconds": -1.0
      }
    },
    {
      "type": "Feature",
      "geometry": {
        "type": "Point",
        "coordinates": [
          9.3053,
          3.995
        ]
      },
      "properties": {
        "obj_id": "parking meter_182",
        "class_name": "parking meter",
        "class_id": 12,
        "mobility": "static",
        "confidence": 0.569,
        "observation_count": 4,
        "best_score": 0.825,
        "first_seen": "2026-05-18T12:19:35.283247+00:00",
        "last_seen": "2026-05-18T12:19:35.682328+00:00",
        "ttl_seconds": -1.0
      }
    },
    {
      "type": "Feature",
      "geometry": {
        "type": "Point",
        "coordinates": [
          5.2045,
          6.104
        ]
      },
      "properties": {
        "obj_id": "chair_183",
        "class_name": "chair",
        "class_id": 56,
        "mobility": "static",
        "confidence": 0.866,
        "observation_count": 49,
        "best_score": 9.29,
        "first_seen": "2026-05-18T12:24:30.635464+00:00",
        "last_seen": "2026-05-21T10:17:42.286243+00:00",
        "ttl_seconds": -1.0
      }
    },
    {
      "type": "Feature",
      "geometry": {
        "type": "Point",
        "coordinates": [
          4.3912,
          -1.8548
        ]
      },
      "properties": {
        "obj_id": "chair_184",
        "class_name": "chair",
        "class_id": 56,
        "mobility": "static",
        "confidence": 0.73,
        "observation_count": 458,
        "best_score": 3.83,
        "first_seen": "2026-03-24T09:20:21.128270+00:00",
        "last_seen": "2026-06-30T12:59:33.842744+00:00",
        "ttl_seconds": -1.0
      }
    },
    {
      "type": "Feature",
      "geometry": {
        "type": "Point",
        "coordinates": [
          7.4505,
          -0.8281
        ]
      },
      "properties": {
        "obj_id": "chair_185",
        "class_name": "chair",
        "class_id": 56,
        "mobility": "static",
        "confidence": 0.754,
        "observation_count": 67,
        "best_score": 6.399,
        "first_seen": "2026-03-24T09:21:29.110867+00:00",
        "last_seen": "2026-06-30T14:07:21.937184+00:00",
        "ttl_seconds": -1.0
      }
    },
    {
      "type": "Feature",
      "geometry": {
        "type": "Point",
        "coordinates": [
          5.0149,
          -1.3775
        ]
      },
      "properties": {
        "obj_id": "chair_186",
        "class_name": "chair",
        "class_id": 56,
        "mobility": "static",
        "confidence": 0.827,
        "observation_count": 1781,
        "best_score": 3.421,
        "first_seen": "2026-03-24T09:21:32.942881+00:00",
        "last_seen": "2026-06-30T12:41:50.631827+00:00",
        "ttl_seconds": -1.0
      }
    },
    {
      "type": "Feature",
      "geometry": {
        "type": "Point",
        "coordinates": [
          0.805,
          -0.9567
        ]
      },
      "properties": {
        "obj_id": "chair_199",
        "class_name": "chair",
        "class_id": 56,
        "mobility": "static",
        "confidence": 0.862,
        "observation_count": 6825,
        "best_score": 3.282,
        "first_seen": "2026-03-24T09:24:47.885601+00:00",
        "last_seen": "2026-07-02T12:13:01.516275+00:00",
        "ttl_seconds": -1.0
      }
    },
    {
      "type": "Feature",
      "geometry": {
        "type": "Point",
        "coordinates": [
          2.4844,
          -0.8164
        ]
      },
      "properties": {
        "obj_id": "chair_200",
        "class_name": "chair",
        "class_id": 56,
        "mobility": "static",
        "confidence": 0.764,
        "observation_count": 726,
        "best_score": 2.452,
        "first_seen": "2026-03-24T09:24:50.449909+00:00",
        "last_seen": "2026-07-02T12:13:00.398208+00:00",
        "ttl_seconds": -1.0
      }
    },
    {
      "type": "Feature",
      "geometry": {
        "type": "Point",
        "coordinates": [
          0.2206,
          -1.3995
        ]
      },
      "properties": {
        "obj_id": "chair_201",
        "class_name": "chair",
        "class_id": 56,
        "mobility": "static",
        "confidence": 0.72,
        "observation_count": 549,
        "best_score": 1.606,
        "first_seen": "2026-03-24T09:24:51.475813+00:00",
        "last_seen": "2026-06-30T12:57:41.526958+00:00",
        "ttl_seconds": -1.0
      }
    },
    {
      "type": "Feature",
      "geometry": {
        "type": "Point",
        "coordinates": [
          4.5012,
          1.0616
        ]
      },
      "properties": {
        "obj_id": "chair_202",
        "class_name": "chair",
        "class_id": 56,
        "mobility": "static",
        "confidence": 0.69,
        "observation_count": 58,
        "best_score": 151.41,
        "first_seen": "2026-03-24T09:25:14.375129+00:00",
        "last_seen": "2026-06-30T14:21:26.248745+00:00",
        "ttl_seconds": -1.0
      }
    },
    {
      "type": "Feature",
      "geometry": {
        "type": "Point",
        "coordinates": [
          3.8978,
          2.4068
        ]
      },
      "properties": {
        "obj_id": "chair_203",
        "class_name": "chair",
        "class_id": 56,
        "mobility": "static",
        "confidence": 0.817,
        "observation_count": 21,
        "best_score": 6.008,
        "first_seen": "2026-03-24T09:25:15.513963+00:00",
        "last_seen": "2026-06-26T09:19:43.714640+00:00",
        "ttl_seconds": -1.0
      }
    },
    {
      "type": "Feature",
      "geometry": {
        "type": "Point",
        "coordinates": [
          2.3657,
          2.4803
        ]
      },
      "properties": {
        "obj_id": "chair_204",
        "class_name": "chair",
        "class_id": 56,
        "mobility": "static",
        "confidence": 0.829,
        "observation_count": 177,
        "best_score": 19.373,
        "first_seen": "2026-03-24T09:25:15.515125+00:00",
        "last_seen": "2026-06-04T12:28:51.312478+00:00",
        "ttl_seconds": -1.0
      }
    },
    {
      "type": "Feature",
      "geometry": {
        "type": "Point",
        "coordinates": [
          1.1564,
          14.201
        ]
      },
      "properties": {
        "obj_id": "chair_207",
        "class_name": "chair",
        "class_id": 56,
        "mobility": "static",
        "confidence": 0.909,
        "observation_count": 145,
        "best_score": 1.524,
        "first_seen": "2026-03-24T09:26:29.219972+00:00",
        "last_seen": "2026-03-24T10:06:32.125526+00:00",
        "ttl_seconds": -1.0
      }
    },
    {
      "type": "Feature",
      "geometry": {
        "type": "Point",
        "coordinates": [
          2.0463,
          8.0785
        ]
      },
      "properties": {
        "obj_id": "chair_208",
        "class_name": "chair",
        "class_id": 56,
        "mobility": "static",
        "confidence": 0.582,
        "observation_count": 8,
        "best_score": 1.369,
        "first_seen": "2026-03-24T09:26:31.187671+00:00",
        "last_seen": "2026-06-02T08:17:23.550961+00:00",
        "ttl_seconds": -1.0
      }
    },
    {
      "type": "Feature",
      "geometry": {
        "type": "Point",
        "coordinates": [
          0.3588,
          14.5243
        ]
      },
      "properties": {
        "obj_id": "chair_209",
        "class_name": "chair",
        "class_id": 56,
        "mobility": "static",
        "confidence": 0.712,
        "observation_count": 14,
        "best_score": 0.409,
        "first_seen": "2026-03-24T09:26:32.306530+00:00",
        "last_seen": "2026-03-24T09:38:56.404695+00:00",
        "ttl_seconds": -1.0
      }
    },
    {
      "type": "Feature",
      "geometry": {
        "type": "Point",
        "coordinates": [
          5.6547,
          14.5762
        ]
      },
      "properties": {
        "obj_id": "chair_210",
        "class_name": "chair",
        "class_id": 56,
        "mobility": "static",
        "confidence": 0.618,
        "observation_count": 3,
        "best_score": 0.155,
        "first_seen": "2026-03-24T09:26:34.176185+00:00",
        "last_seen": "2026-03-24T09:26:34.178385+00:00",
        "ttl_seconds": -1.0
      }
    },
    {
      "type": "Feature",
      "geometry": {
        "type": "Point",
        "coordinates": [
          1.8187,
          14.0689
        ]
      },
      "properties": {
        "obj_id": "chair_212",
        "class_name": "chair",
        "class_id": 56,
        "mobility": "static",
        "confidence": 0.73,
        "observation_count": 6,
        "best_score": 1.104,
        "first_seen": "2026-03-24T09:26:34.584179+00:00",
        "last_seen": "2026-03-24T09:26:34.585383+00:00",
        "ttl_seconds": -1.0
      }
    },
    {
      "type": "Feature",
      "geometry": {
        "type": "Point",
        "coordinates": [
          6.0824,
          14.2899
        ]
      },
      "properties": {
        "obj_id": "chair_213",
        "class_name": "chair",
        "class_id": 56,
        "mobility": "static",
        "confidence": 0.689,
        "observation_count": 7,
        "best_score": 0.177,
        "first_seen": "2026-03-24T09:26:34.978245+00:00",
        "last_seen": "2026-03-24T09:26:34.980568+00:00",
        "ttl_seconds": -1.0
      }
    },
    {
      "type": "Feature",
      "geometry": {
        "type": "Point",
        "coordinates": [
          0.7181,
          14.4848
        ]
      },
      "properties": {
        "obj_id": "chair_214",
        "class_name": "chair",
        "class_id": 56,
        "mobility": "static",
        "confidence": 0.891,
        "observation_count": 31,
        "best_score": 1.166,
        "first_seen": "2026-03-24T09:26:35.313947+00:00",
        "last_seen": "2026-03-24T09:38:56.788758+00:00",
        "ttl_seconds": -1.0
      }
    },
    {
      "type": "Feature",
      "geometry": {
        "type": "Point",
        "coordinates": [
          4.3007,
          14.1754
        ]
      },
      "properties": {
        "obj_id": "chair_215",
        "class_name": "chair",
        "class_id": 56,
        "mobility": "static",
        "confidence": 0.622,
        "observation_count": 1062,
        "best_score": 0.88,
        "first_seen": "2026-03-24T09:26:35.691780+00:00",
        "last_seen": "2026-03-24T09:40:29.223396+00:00",
        "ttl_seconds": -1.0
      }
    },
    {
      "type": "Feature",
      "geometry": {
        "type": "Point",
        "coordinates": [
          9.2826,
          7.2553
        ]
      },
      "properties": {
        "obj_id": "chair_217",
        "class_name": "chair",
        "class_id": 56,
        "mobility": "static",
        "confidence": 0.584,
        "observation_count": 7,
        "best_score": 12.177,
        "first_seen": "2026-03-24T09:27:14.582399+00:00",
        "last_seen": "2026-03-24T10:06:33.984135+00:00",
        "ttl_seconds": -1.0
      }
    },
    {
      "type": "Feature",
      "geometry": {
        "type": "Point",
        "coordinates": [
          -0.3684,
          -1.7843
        ]
      },
      "properties": {
        "obj_id": "chair_218",
        "class_name": "chair",
        "class_id": 56,
        "mobility": "static",
        "confidence": 0.913,
        "observation_count": 6319,
        "best_score": 6.132,
        "first_seen": "2026-03-24T09:27:14.987483+00:00",
        "last_seen": "2026-06-26T12:14:47.206875+00:00",
        "ttl_seconds": -1.0
      }
    },
    {
      "type": "Feature",
      "geometry": {
        "type": "Point",
        "coordinates": [
          2.5208,
          1.656
        ]
      },
      "properties": {
        "obj_id": "tv_219",
        "class_name": "tv",
        "class_id": 62,
        "mobility": "static",
        "confidence": 0.69,
        "observation_count": 10,
        "best_score": 2.131,
        "first_seen": "2026-03-24T09:27:17.690951+00:00",
        "last_seen": "2026-03-24T09:32:55.630805+00:00",
        "ttl_seconds": -1.0
      }
    },
    {
      "type": "Feature",
      "geometry": {
        "type": "Point",
        "coordinates": [
          3.4185,
          -1.7614
        ]
      },
      "properties": {
        "obj_id": "chair_220",
        "class_name": "chair",
        "class_id": 56,
        "mobility": "static",
        "confidence": 0.839,
        "observation_count": 553,
        "best_score": 4.408,
        "first_seen": "2026-03-24T09:27:18.785246+00:00",
        "last_seen": "2026-03-24T10:01:02.431514+00:00",
        "ttl_seconds": -1.0
      }
    },
    {
      "type": "Feature",
      "geometry": {
        "type": "Point",
        "coordinates": [
          -1.8443,
          -1.4855
        ]
      },
      "properties": {
        "obj_id": "chair_221",
        "class_name": "chair",
        "class_id": 56,
        "mobility": "static",
        "confidence": 0.806,
        "observation_count": 441,
        "best_score": 0.848,
        "first_seen": "2026-03-24T09:27:20.292076+00:00",
        "last_seen": "2026-03-24T09:49:11.765099+00:00",
        "ttl_seconds": -1.0
      }
    },
    {
      "type": "Feature",
      "geometry": {
        "type": "Point",
        "coordinates": [
          1.1921,
          -0.6586
        ]
      },
      "properties": {
        "obj_id": "chair_222",
        "class_name": "chair",
        "class_id": 56,
        "mobility": "static",
        "confidence": 0.891,
        "observation_count": 64,
        "best_score": 1.481,
        "first_seen": "2026-03-24T09:27:20.293813+00:00",
        "last_seen": "2026-06-30T12:56:53.880889+00:00",
        "ttl_seconds": -1.0
      }
    },
    {
      "type": "Feature",
      "geometry": {
        "type": "Point",
        "coordinates": [
          2.4443,
          5.3818
        ]
      },
      "properties": {
        "obj_id": "chair_224",
        "class_name": "chair",
        "class_id": 56,
        "mobility": "static",
        "confidence": 0.763,
        "observation_count": 21,
        "best_score": 32.834,
        "first_seen": "2026-03-24T09:27:22.941714+00:00",
        "last_seen": "2026-03-24T09:43:49.728319+00:00",
        "ttl_seconds": -1.0
      }
    },
    {
      "type": "Feature",
      "geometry": {
        "type": "Point",
        "coordinates": [
          1.6857,
          -0.4766
        ]
      },
      "properties": {
        "obj_id": "chair_225",
        "class_name": "chair",
        "class_id": 56,
        "mobility": "static",
        "confidence": 0.86,
        "observation_count": 435,
        "best_score": 1.672,
        "first_seen": "2026-03-24T09:27:24.523115+00:00",
        "last_seen": "2026-06-30T12:56:56.280634+00:00",
        "ttl_seconds": -1.0
      }
    },
    {
      "type": "Feature",
      "geometry": {
        "type": "Point",
        "coordinates": [
          3.4041,
          0.5061
        ]
      },
      "properties": {
        "obj_id": "chair_229",
        "class_name": "chair",
        "class_id": 56,
        "mobility": "static",
        "confidence": 0.831,
        "observation_count": 405,
        "best_score": 8.199,
        "first_seen": "2026-03-24T09:27:43.987051+00:00",
        "last_seen": "2026-06-30T14:22:39.058375+00:00",
        "ttl_seconds": -1.0
      }
    },
    {
      "type": "Feature",
      "geometry": {
        "type": "Point",
        "coordinates": [
          4.4652,
          -3.0547
        ]
      },
      "properties": {
        "obj_id": "chair_230",
        "class_name": "chair",
        "class_id": 56,
        "mobility": "static",
        "confidence": 0.846,
        "observation_count": 380,
        "best_score": 1.838,
        "first_seen": "2026-03-24T09:27:52.518903+00:00",
        "last_seen": "2026-06-30T13:34:17.894803+00:00",
        "ttl_seconds": -1.0
      }
    },
    {
      "type": "Feature",
      "geometry": {
        "type": "Point",
        "coordinates": [
          6.1647,
          -2.4366
        ]
      },
      "properties": {
        "obj_id": "chair_231",
        "class_name": "chair",
        "class_id": 56,
        "mobility": "static",
        "confidence": 0.895,
        "observation_count": 55,
        "best_score": 1.694,
        "first_seen": "2026-03-24T09:27:53.321264+00:00",
        "last_seen": "2026-03-24T09:27:55.128143+00:00",
        "ttl_seconds": -1.0
      }
    },
    {
      "type": "Feature",
      "geometry": {
        "type": "Point",
        "coordinates": [
          7.1244,
          -2.5464
        ]
      },
      "properties": {
        "obj_id": "chair_232",
        "class_name": "chair",
        "class_id": 56,
        "mobility": "static",
        "confidence": 0.75,
        "observation_count": 59,
        "best_score": 2.069,
        "first_seen": "2026-03-24T09:27:55.125529+00:00",
        "last_seen": "2026-06-30T12:59:15.186903+00:00",
        "ttl_seconds": -1.0
      }
    },
    {
      "type": "Feature",
      "geometry": {
        "type": "Point",
        "coordinates": [
          2.5238,
          -0.3236
        ]
      },
      "properties": {
        "obj_id": "chair_233",
        "class_name": "chair",
        "class_id": 56,
        "mobility": "static",
        "confidence": 0.678,
        "observation_count": 56,
        "best_score": 6.33,
        "first_seen": "2026-03-24T09:27:58.914793+00:00",
        "last_seen": "2026-06-30T12:56:57.085744+00:00",
        "ttl_seconds": -1.0
      }
    },
    {
      "type": "Feature",
      "geometry": {
        "type": "Point",
        "coordinates": [
          6.8373,
          2.3056
        ]
      },
      "properties": {
        "obj_id": "chair_235",
        "class_name": "chair",
        "class_id": 56,
        "mobility": "static",
        "confidence": 0.81,
        "observation_count": 207,
        "best_score": 5.018,
        "first_seen": "2026-03-24T09:29:39.513876+00:00",
        "last_seen": "2026-07-03T09:25:12.504609+00:00",
        "ttl_seconds": -1.0
      }
    },
    {
      "type": "Feature",
      "geometry": {
        "type": "Point",
        "coordinates": [
          3.4554,
          1.3111
        ]
      },
      "properties": {
        "obj_id": "chair_236",
        "class_name": "chair",
        "class_id": 56,
        "mobility": "static",
        "confidence": 0.841,
        "observation_count": 394,
        "best_score": 27.889,
        "first_seen": "2026-03-24T09:30:26.740830+00:00",
        "last_seen": "2026-07-03T10:13:18.121610+00:00",
        "ttl_seconds": -1.0
      }
    },
    {
      "type": "Feature",
      "geometry": {
        "type": "Point",
        "coordinates": [
          4.5784,
          -2.8493
        ]
      },
      "properties": {
        "obj_id": "chair_237",
        "class_name": "chair",
        "class_id": 56,
        "mobility": "static",
        "confidence": 0.833,
        "observation_count": 667,
        "best_score": 2.284,
        "first_seen": "2026-03-24T09:30:56.082525+00:00",
        "last_seen": "2026-06-30T13:34:12.292953+00:00",
        "ttl_seconds": -1.0
      }
    },
    {
      "type": "Feature",
      "geometry": {
        "type": "Point",
        "coordinates": [
          5.9481,
          -2.336
        ]
      },
      "properties": {
        "obj_id": "chair_238",
        "class_name": "chair",
        "class_id": 56,
        "mobility": "static",
        "confidence": 0.877,
        "observation_count": 37,
        "best_score": 1.73,
        "first_seen": "2026-03-24T09:30:56.487474+00:00",
        "last_seen": "2026-03-24T09:30:57.684651+00:00",
        "ttl_seconds": -1.0
      }
    },
    {
      "type": "Feature",
      "geometry": {
        "type": "Point",
        "coordinates": [
          7.0581,
          -1.3318
        ]
      },
      "properties": {
        "obj_id": "tv_239",
        "class_name": "tv",
        "class_id": 62,
        "mobility": "static",
        "confidence": 0.591,
        "observation_count": 2,
        "best_score": 0.738,
        "first_seen": "2026-03-24T09:31:01.848001+00:00",
        "last_seen": "2026-03-24T09:31:01.851687+00:00",
        "ttl_seconds": -1.0
      }
    },
    {
      "type": "Feature",
      "geometry": {
        "type": "Point",
        "coordinates": [
          7.5248,
          -0.8103
        ]
      },
      "properties": {
        "obj_id": "tv_240",
        "class_name": "tv",
        "class_id": 62,
        "mobility": "static",
        "confidence": 0.656,
        "observation_count": 102,
        "best_score": 0.904,
        "first_seen": "2026-03-24T09:31:02.981063+00:00",
        "last_seen": "2026-03-24T09:31:15.322982+00:00",
        "ttl_seconds": -1.0
      }
    },
    {
      "type": "Feature",
      "geometry": {
        "type": "Point",
        "coordinates": [
          8.2412,
          -0.6264
        ]
      },
      "properties": {
        "obj_id": "chair_242",
        "class_name": "chair",
        "class_id": 56,
        "mobility": "static",
        "confidence": 0.818,
        "observation_count": 20,
        "best_score": 7.194,
        "first_seen": "2026-03-24T09:31:11.920221+00:00",
        "last_seen": "2026-07-02T11:39:26.391117+00:00",
        "ttl_seconds": -1.0
      }
    },
    {
      "type": "Feature",
      "geometry": {
        "type": "Point",
        "coordinates": [
          2.6214,
          -1.5004
        ]
      },
      "properties": {
        "obj_id": "tv_243",
        "class_name": "tv",
        "class_id": 62,
        "mobility": "static",
        "confidence": 0.774,
        "observation_count": 6669,
        "best_score": 1.446,
        "first_seen": "2026-03-24T09:31:15.657119+00:00",
        "last_seen": "2026-03-24T10:00:54.342022+00:00",
        "ttl_seconds": -1.0
      }
    },
    {
      "type": "Feature",
      "geometry": {
        "type": "Point",
        "coordinates": [
          2.9708,
          -1.6895
        ]
      },
      "properties": {
        "obj_id": "chair_245",
        "class_name": "chair",
        "class_id": 56,
        "mobility": "static",
        "confidence": 0.841,
        "observation_count": 2938,
        "best_score": 3.378,
        "first_seen": "2026-03-24T09:31:21.121425+00:00",
        "last_seen": "2026-03-24T10:00:56.647408+00:00",
        "ttl_seconds": -1.0
      }
    },
    {
      "type": "Feature",
      "geometry": {
        "type": "Point",
        "coordinates": [
          2.3996,
          3.1532
        ]
      },
      "properties": {
        "obj_id": "tv_249",
        "class_name": "tv",
        "class_id": 62,
        "mobility": "static",
        "confidence": 0.667,
        "observation_count": 11,
        "best_score": 4.059,
        "first_seen": "2026-03-24T09:32:08.499088+00:00",
        "last_seen": "2026-03-24T09:32:13.908714+00:00",
        "ttl_seconds": -1.0
      }
    },
    {
      "type": "Feature",
      "geometry": {
        "type": "Point",
        "coordinates": [
          2.4953,
          0.77
        ]
      },
      "properties": {
        "obj_id": "tv_255",
        "class_name": "tv",
        "class_id": 62,
        "mobility": "static",
        "confidence": 0.704,
        "observation_count": 74,
        "best_score": 1.635,
        "first_seen": "2026-03-24T09:32:55.265931+00:00",
        "last_seen": "2026-03-24T09:47:12.784625+00:00",
        "ttl_seconds": -1.0
      }
    },
    {
      "type": "Feature",
      "geometry": {
        "type": "Point",
        "coordinates": [
          2.332,
          -1.2604
        ]
      },
      "properties": {
        "obj_id": "tv_256",
        "class_name": "tv",
        "class_id": 62,
        "mobility": "static",
        "confidence": 0.725,
        "observation_count": 117,
        "best_score": 1.467,
        "first_seen": "2026-03-24T09:32:55.630837+00:00",
        "last_seen": "2026-03-24T09:52:26.084645+00:00",
        "ttl_seconds": -1.0
      }
    },
    {
      "type": "Feature",
      "geometry": {
        "type": "Point",
        "coordinates": [
          0.86,
          -1.9147
        ]
      },
      "properties": {
        "obj_id": "dining table_258",
        "class_name": "dining table",
        "class_id": 60,
        "mobility": "static",
        "confidence": 0.647,
        "observation_count": 505,
        "best_score": 6.015,
        "first_seen": "2026-03-24T09:35:47.712474+00:00",
        "last_seen": "2026-03-24T09:59:46.123542+00:00",
        "ttl_seconds": -1.0
      }
    },
    {
      "type": "Feature",
      "geometry": {
        "type": "Point",
        "coordinates": [
          -0.2531,
          0.1347
        ]
      },
      "properties": {
        "obj_id": "chair_260",
        "class_name": "chair",
        "class_id": 56,
        "mobility": "static",
        "confidence": 0.689,
        "observation_count": 226,
        "best_score": 1.534,
        "first_seen": "2026-03-24T09:36:38.282060+00:00",
        "last_seen": "2026-06-26T12:08:55.908023+00:00",
        "ttl_seconds": -1.0
      }
    },
    {
      "type": "Feature",
      "geometry": {
        "type": "Point",
        "coordinates": [
          -0.0291,
          -0.0752
        ]
      },
      "properties": {
        "obj_id": "chair_261",
        "class_name": "chair",
        "class_id": 56,
        "mobility": "static",
        "confidence": 0.871,
        "observation_count": 2229,
        "best_score": 4.177,
        "first_seen": "2026-03-24T09:36:45.379728+00:00",
        "last_seen": "2026-07-02T11:55:43.747560+00:00",
        "ttl_seconds": -1.0
      }
    },
    {
      "type": "Feature",
      "geometry": {
        "type": "Point",
        "coordinates": [
          -1.8405,
          -0.1992
        ]
      },
      "properties": {
        "obj_id": "chair_262",
        "class_name": "chair",
        "class_id": 56,
        "mobility": "static",
        "confidence": 0.726,
        "observation_count": 56,
        "best_score": 0.827,
        "first_seen": "2026-03-24T09:36:47.982568+00:00",
        "last_seen": "2026-03-24T10:00:19.757409+00:00",
        "ttl_seconds": -1.0
      }
    },
    {
      "type": "Feature",
      "geometry": {
        "type": "Point",
        "coordinates": [
          2.1155,
          -1.6725
        ]
      },
      "properties": {
        "obj_id": "tv_263",
        "class_name": "tv",
        "class_id": 62,
        "mobility": "static",
        "confidence": 0.756,
        "observation_count": 611,
        "best_score": 1.555,
        "first_seen": "2026-03-24T09:37:11.088466+00:00",
        "last_seen": "2026-03-24T09:49:07.969083+00:00",
        "ttl_seconds": -1.0
      }
    },
    {
      "type": "Feature",
      "geometry": {
        "type": "Point",
        "coordinates": [
          2.7735,
          -1.473
        ]
      },
      "properties": {
        "obj_id": "tv_264",
        "class_name": "tv",
        "class_id": 62,
        "mobility": "static",
        "confidence": 0.721,
        "observation_count": 1181,
        "best_score": 1.496,
        "first_seen": "2026-03-24T09:37:16.285324+00:00",
        "last_seen": "2026-03-24T10:00:53.988468+00:00",
        "ttl_seconds": -1.0
      }
    },
    {
      "type": "Feature",
      "geometry": {
        "type": "Point",
        "coordinates": [
          2.0271,
          -0.261
        ]
      },
      "properties": {
        "obj_id": "tv_265",
        "class_name": "tv",
        "class_id": 62,
        "mobility": "static",
        "confidence": 0.654,
        "observation_count": 12,
        "best_score": 1.693,
        "first_seen": "2026-03-24T09:37:17.887976+00:00",
        "last_seen": "2026-05-19T07:29:10.154454+00:00",
        "ttl_seconds": -1.0
      }
    },
    {
      "type": "Feature",
      "geometry": {
        "type": "Point",
        "coordinates": [
          1.5572,
          -0.9409
        ]
      },
      "properties": {
        "obj_id": "tv_266",
        "class_name": "tv",
        "class_id": 62,
        "mobility": "static",
        "confidence": 0.724,
        "observation_count": 62,
        "best_score": 1.606,
        "first_seen": "2026-03-24T09:37:20.987334+00:00",
        "last_seen": "2026-03-24T09:52:31.971715+00:00",
        "ttl_seconds": -1.0
      }
    },
    {
      "type": "Feature",
      "geometry": {
        "type": "Point",
        "coordinates": [
          3.2008,
          -1.8088
        ]
      },
      "properties": {
        "obj_id": "chair_267",
        "class_name": "chair",
        "class_id": 56,
        "mobility": "static",
        "confidence": 0.866,
        "observation_count": 2843,
        "best_score": 3.92,
        "first_seen": "2026-03-24T09:37:40.169723+00:00",
        "last_seen": "2026-03-24T10:01:20.812196+00:00",
        "ttl_seconds": -1.0
      }
    },
    {
      "type": "Feature",
      "geometry": {
        "type": "Point",
        "coordinates": [
          0.9003,
          -1.9777
        ]
      },
      "properties": {
        "obj_id": "tv_268",
        "class_name": "tv",
        "class_id": 62,
        "mobility": "static",
        "confidence": 0.735,
        "observation_count": 42,
        "best_score": 1.462,
        "first_seen": "2026-03-24T09:37:40.172069+00:00",
        "last_seen": "2026-03-24T09:50:47.669649+00:00",
        "ttl_seconds": -1.0
      }
    },
    {
      "type": "Feature",
      "geometry": {
        "type": "Point",
        "coordinates": [
          0.5282,
          -2.1203
        ]
      },
      "properties": {
        "obj_id": "chair_269",
        "class_name": "chair",
        "class_id": 56,
        "mobility": "static",
        "confidence": 0.869,
        "observation_count": 818,
        "best_score": 3.82,
        "first_seen": "2026-03-24T09:37:40.889972+00:00",
        "last_seen": "2026-06-30T14:11:53.445179+00:00",
        "ttl_seconds": -1.0
      }
    },
    {
      "type": "Feature",
      "geometry": {
        "type": "Point",
        "coordinates": [
          3.3846,
          4.2418
        ]
      },
      "properties": {
        "obj_id": "chair_270",
        "class_name": "chair",
        "class_id": 56,
        "mobility": "static",
        "confidence": 0.681,
        "observation_count": 28,
        "best_score": 3.62,
        "first_seen": "2026-03-24T09:37:41.255881+00:00",
        "last_seen": "2026-07-02T12:02:27.055699+00:00",
        "ttl_seconds": -1.0
      }
    },
    {
      "type": "Feature",
      "geometry": {
        "type": "Point",
        "coordinates": [
          0.3912,
          -0.892
        ]
      },
      "properties": {
        "obj_id": "chair_271",
        "class_name": "chair",
        "class_id": 56,
        "mobility": "static",
        "confidence": 0.806,
        "observation_count": 24982,
        "best_score": 1.108,
        "first_seen": "2026-03-24T09:37:41.996771+00:00",
        "last_seen": "2026-07-02T14:58:02.449891+00:00",
        "ttl_seconds": -1.0
      }
    },
    {
      "type": "Feature",
      "geometry": {
        "type": "Point",
        "coordinates": [
          1.8894,
          -1.1654
        ]
      },
      "properties": {
        "obj_id": "chair_272",
        "class_name": "chair",
        "class_id": 56,
        "mobility": "static",
        "confidence": 0.634,
        "observation_count": 75,
        "best_score": 1.556,
        "first_seen": "2026-03-24T09:37:43.589341+00:00",
        "last_seen": "2026-03-24T10:19:43.596152+00:00",
        "ttl_seconds": -1.0
      }
    },
    {
      "type": "Feature",
      "geometry": {
        "type": "Point",
        "coordinates": [
          2.2795,
          4.1584
        ]
      },
      "properties": {
        "obj_id": "chair_273",
        "class_name": "chair",
        "class_id": 56,
        "mobility": "static",
        "confidence": 0.633,
        "observation_count": 19,
        "best_score": 3.295,
        "first_seen": "2026-03-24T09:37:43.590321+00:00",
        "last_seen": "2026-07-02T12:05:46.434624+00:00",
        "ttl_seconds": -1.0
      }
    },
    {
      "type": "Feature",
      "geometry": {
        "type": "Point",
        "coordinates": [
          1.052,
          -0.6407
        ]
      },
      "properties": {
        "obj_id": "tv_274",
        "class_name": "tv",
        "class_id": 62,
        "mobility": "static",
        "confidence": 0.668,
        "observation_count": 8,
        "best_score": 1.483,
        "first_seen": "2026-03-24T09:37:43.591697+00:00",
        "last_seen": "2026-03-24T09:46:42.195541+00:00",
        "ttl_seconds": -1.0
      }
    },
    {
      "type": "Feature",
      "geometry": {
        "type": "Point",
        "coordinates": [
          -0.0377,
          0.7997
        ]
      },
      "properties": {
        "obj_id": "bench_275",
        "class_name": "bench",
        "class_id": 13,
        "mobility": "static",
        "confidence": 0.735,
        "observation_count": 84,
        "best_score": 16.787,
        "first_seen": "2026-03-24T09:38:13.980033+00:00",
        "last_seen": "2026-03-24T10:04:35.200669+00:00",
        "ttl_seconds": -1.0
      }
    },
    {
      "type": "Feature",
      "geometry": {
        "type": "Point",
        "coordinates": [
          3.8682,
          13.659
        ]
      },
      "properties": {
        "obj_id": "tv_277",
        "class_name": "tv",
        "class_id": 62,
        "mobility": "static",
        "confidence": 0.784,
        "observation_count": 2233,
        "best_score": 1.336,
        "first_seen": "2026-03-24T09:38:55.992016+00:00",
        "last_seen": "2026-03-24T10:06:32.472304+00:00",
        "ttl_seconds": -1.0
      }
    },
    {
      "type": "Feature",
      "geometry": {
        "type": "Point",
        "coordinates": [
          2.748,
          12.1482
        ]
      },
      "properties": {
        "obj_id": "tv_280",
        "class_name": "tv",
        "class_id": 62,
        "mobility": "static",
        "confidence": 0.642,
        "observation_count": 145,
        "best_score": 1.412,
        "first_seen": "2026-03-24T09:39:00.688646+00:00",
        "last_seen": "2026-03-24T09:40:27.372782+00:00",
        "ttl_seconds": -1.0
      }
    },
    {
      "type": "Feature",
      "geometry": {
        "type": "Point",
        "coordinates": [
          2.7354,
          12.7233
        ]
      },
      "properties": {
        "obj_id": "tv_281",
        "class_name": "tv",
        "class_id": 62,
        "mobility": "static",
        "confidence": 0.554,
        "observation_count": 2,
        "best_score": 1.19,
        "first_seen": "2026-03-24T09:39:05.792005+00:00",
        "last_seen": "2026-03-24T09:39:50.736364+00:00",
        "ttl_seconds": -1.0
      }
    },
    {
      "type": "Feature",
      "geometry": {
        "type": "Point",
        "coordinates": [
          2.6965,
          11.5778
        ]
      },
      "properties": {
        "obj_id": "tv_282",
        "class_name": "tv",
        "class_id": 62,
        "mobility": "static",
        "confidence": 0.662,
        "observation_count": 10,
        "best_score": 1.498,
        "first_seen": "2026-03-24T09:40:09.887147+00:00",
        "last_seen": "2026-03-24T09:40:09.888413+00:00",
        "ttl_seconds": -1.0
      }
    },
    {
      "type": "Feature",
      "geometry": {
        "type": "Point",
        "coordinates": [
          -2.6843,
          -0.3387
        ]
      },
      "properties": {
        "obj_id": "chair_284",
        "class_name": "chair",
        "class_id": 56,
        "mobility": "static",
        "confidence": 0.732,
        "observation_count": 13,
        "best_score": 1.015,
        "first_seen": "2026-03-24T09:42:37.503733+00:00",
        "last_seen": "2026-03-24T09:59:48.099288+00:00",
        "ttl_seconds": -1.0
      }
    },
    {
      "type": "Feature",
      "geometry": {
        "type": "Point",
        "coordinates": [
          -5.2958,
          2.4844
        ]
      },
      "properties": {
        "obj_id": "chair_286",
        "class_name": "chair",
        "class_id": 56,
        "mobility": "static",
        "confidence": 0.528,
        "observation_count": 2,
        "best_score": 1.022,
        "first_seen": "2026-03-24T09:42:39.490108+00:00",
        "last_seen": "2026-03-24T09:42:39.889463+00:00",
        "ttl_seconds": -1.0
      }
    },
    {
      "type": "Feature",
      "geometry": {
        "type": "Point",
        "coordinates": [
          -0.8626,
          5.4491
        ]
      },
      "properties": {
        "obj_id": "chair_287",
        "class_name": "chair",
        "class_id": 56,
        "mobility": "static",
        "confidence": 0.841,
        "observation_count": 22,
        "best_score": 1.878,
        "first_seen": "2026-03-24T09:42:41.051332+00:00",
        "last_seen": "2026-03-24T09:42:41.787814+00:00",
        "ttl_seconds": -1.0
      }
    },
    {
      "type": "Feature",
      "geometry": {
        "type": "Point",
        "coordinates": [
          5.3104,
          11.7932
        ]
      },
      "properties": {
        "obj_id": "bench_288",
        "class_name": "bench",
        "class_id": 13,
        "mobility": "static",
        "confidence": 0.59,
        "observation_count": 8,
        "best_score": 1.715,
        "first_seen": "2026-03-24T09:43:04.522001+00:00",
        "last_seen": "2026-03-24T09:43:04.523092+00:00",
        "ttl_seconds": -1.0
      }
    },
    {
      "type": "Feature",
      "geometry": {
        "type": "Point",
        "coordinates": [
          0.1967,
          -0.3431
        ]
      },
      "properties": {
        "obj_id": "tv_289",
        "class_name": "tv",
        "class_id": 62,
        "mobility": "static",
        "confidence": 0.739,
        "observation_count": 142,
        "best_score": 1.393,
        "first_seen": "2026-03-24T09:43:52.371005+00:00",
        "last_seen": "2026-03-24T09:46:46.645249+00:00",
        "ttl_seconds": -1.0
      }
    },
    {
      "type": "Feature",
      "geometry": {
        "type": "Point",
        "coordinates": [
          -5.1086,
          5.8312
        ]
      },
      "properties": {
        "obj_id": "chair_290",
        "class_name": "chair",
        "class_id": 56,
        "mobility": "static",
        "confidence": 0.593,
        "observation_count": 11,
        "best_score": 0.686,
        "first_seen": "2026-03-24T09:44:33.945898+00:00",
        "last_seen": "2026-03-24T09:44:35.040059+00:00",
        "ttl_seconds": -1.0
      }
    },
    {
      "type": "Feature",
      "geometry": {
        "type": "Point",
        "coordinates": [
          -0.5752,
          4.1109
        ]
      },
      "properties": {
        "obj_id": "chair_291",
        "class_name": "chair",
        "class_id": 56,
        "mobility": "static",
        "confidence": 0.821,
        "observation_count": 12,
        "best_score": 4.645,
        "first_seen": "2026-03-24T09:44:34.282833+00:00",
        "last_seen": "2026-03-24T09:44:34.705098+00:00",
        "ttl_seconds": -1.0
      }
    },
    {
      "type": "Feature",
      "geometry": {
        "type": "Point",
        "coordinates": [
          -1.5326,
          3.7182
        ]
      },
      "properties": {
        "obj_id": "chair_292",
        "class_name": "chair",
        "class_id": 56,
        "mobility": "static",
        "confidence": 0.862,
        "observation_count": 9,
        "best_score": 3.88,
        "first_seen": "2026-03-24T09:44:35.037170+00:00",
        "last_seen": "2026-03-24T09:44:35.039830+00:00",
        "ttl_seconds": -1.0
      }
    },
    {
      "type": "Feature",
      "geometry": {
        "type": "Point",
        "coordinates": [
          7.9567,
          0.3516
        ]
      },
      "properties": {
        "obj_id": "tv_293",
        "class_name": "tv",
        "class_id": 62,
        "mobility": "static",
        "confidence": 0.711,
        "observation_count": 8,
        "best_score": 1.169,
        "first_seen": "2026-03-24T09:45:10.387669+00:00",
        "last_seen": "2026-03-24T09:45:10.390372+00:00",
        "ttl_seconds": -1.0
      }
    },
    {
      "type": "Feature",
      "geometry": {
        "type": "Point",
        "coordinates": [
          8.2859,
          1.2902
        ]
      },
      "properties": {
        "obj_id": "chair_294",
        "class_name": "chair",
        "class_id": 56,
        "mobility": "static",
        "confidence": 0.678,
        "observation_count": 15,
        "best_score": 2.196,
        "first_seen": "2026-03-24T09:45:10.389133+00:00",
        "last_seen": "2026-07-02T11:28:18.831895+00:00",
        "ttl_seconds": -1.0
      }
    },
    {
      "type": "Feature",
      "geometry": {
        "type": "Point",
        "coordinates": [
          7.2902,
          1.3854
        ]
      },
      "properties": {
        "obj_id": "tv_295",
        "class_name": "tv",
        "class_id": 62,
        "mobility": "static",
        "confidence": 0.713,
        "observation_count": 8,
        "best_score": 1.052,
        "first_seen": "2026-03-24T09:45:10.746153+00:00",
        "last_seen": "2026-03-24T09:45:10.752840+00:00",
        "ttl_seconds": -1.0
      }
    },
    {
      "type": "Feature",
      "geometry": {
        "type": "Point",
        "coordinates": [
          7.7265,
          2.2984
        ]
      },
      "properties": {
        "obj_id": "chair_296",
        "class_name": "chair",
        "class_id": 56,
        "mobility": "static",
        "confidence": 0.878,
        "observation_count": 7359,
        "best_score": 11.715,
        "first_seen": "2026-03-24T09:45:10.751056+00:00",
        "last_seen": "2026-07-03T09:53:20.939562+00:00",
        "ttl_seconds": -1.0
      }
    },
    {
      "type": "Feature",
      "geometry": {
        "type": "Point",
        "coordinates": [
          3.0928,
          -1.1774
        ]
      },
      "properties": {
        "obj_id": "tv_297",
        "class_name": "tv",
        "class_id": 62,
        "mobility": "static",
        "confidence": 0.72,
        "observation_count": 262,
        "best_score": 1.415,
        "first_seen": "2026-03-24T09:45:11.105420+00:00",
        "last_seen": "2026-03-24T09:52:21.480209+00:00",
        "ttl_seconds": -1.0
      }
    },
    {
      "type": "Feature",
      "geometry": {
        "type": "Point",
        "coordinates": [
          1.0154,
          -2.0171
        ]
      },
      "properties": {
        "obj_id": "chair_298",
        "class_name": "chair",
        "class_id": 56,
        "mobility": "static",
        "confidence": 0.925,
        "observation_count": 3396,
        "best_score": 8.227,
        "first_seen": "2026-03-24T09:45:24.368987+00:00",
        "last_seen": "2026-03-24T10:01:20.410492+00:00",
        "ttl_seconds": -1.0
      }
    },
    {
      "type": "Feature",
      "geometry": {
        "type": "Point",
        "coordinates": [
          -0.1765,
          -1.5877
        ]
      },
      "properties": {
        "obj_id": "refrigerator_299",
        "class_name": "refrigerator",
        "class_id": 72,
        "mobility": "static",
        "confidence": 0.673,
        "observation_count": 47,
        "best_score": 3.347,
        "first_seen": "2026-03-24T09:45:33.266538+00:00",
        "last_seen": "2026-03-24T09:49:25.316035+00:00",
        "ttl_seconds": -1.0
      }
    },
    {
      "type": "Feature",
      "geometry": {
        "type": "Point",
        "coordinates": [
          3.4815,
          1.1117
        ]
      },
      "properties": {
        "obj_id": "chair_300",
        "class_name": "chair",
        "class_id": 56,
        "mobility": "static",
        "confidence": 0.833,
        "observation_count": 215,
        "best_score": 20.897,
        "first_seen": "2026-03-24T09:46:09.293076+00:00",
        "last_seen": "2026-07-03T10:12:31.709486+00:00",
        "ttl_seconds": -1.0
      }
    },
    {
      "type": "Feature",
      "geometry": {
        "type": "Point",
        "coordinates": [
          4.0132,
          4.1609
        ]
      },
      "properties": {
        "obj_id": "chair_301",
        "class_name": "chair",
        "class_id": 56,
        "mobility": "static",
        "confidence": 0.87,
        "observation_count": 282,
        "best_score": 7.516,
        "first_seen": "2026-03-24T09:46:14.196894+00:00",
        "last_seen": "2026-07-02T12:02:28.250124+00:00",
        "ttl_seconds": -1.0
      }
    },
    {
      "type": "Feature",
      "geometry": {
        "type": "Point",
        "coordinates": [
          3.3859,
          4.7092
        ]
      },
      "properties": {
        "obj_id": "chair_302",
        "class_name": "chair",
        "class_id": 56,
        "mobility": "static",
        "confidence": 0.841,
        "observation_count": 120,
        "best_score": 2.298,
        "first_seen": "2026-03-24T09:46:22.518906+00:00",
        "last_seen": "2026-06-26T09:17:39.294757+00:00",
        "ttl_seconds": -1.0
      }
    },
    {
      "type": "Feature",
      "geometry": {
        "type": "Point",
        "coordinates": [
          3.014,
          -1.9459
        ]
      },
      "properties": {
        "obj_id": "chair_303",
        "class_name": "chair",
        "class_id": 56,
        "mobility": "static",
        "confidence": 0.771,
        "observation_count": 1662,
        "best_score": 2.208,
        "first_seen": "2026-03-24T09:46:35.053944+00:00",
        "last_seen": "2026-06-24T14:30:50.969771+00:00",
        "ttl_seconds": -1.0
      }
    },
    {
      "type": "Feature",
      "geometry": {
        "type": "Point",
        "coordinates": [
          5.0771,
          0.3752
        ]
      },
      "properties": {
        "obj_id": "chair_304",
        "class_name": "chair",
        "class_id": 56,
        "mobility": "static",
        "confidence": 0.896,
        "observation_count": 328,
        "best_score": 60.235,
        "first_seen": "2026-03-24T09:46:36.865824+00:00",
        "last_seen": "2026-06-30T14:20:10.761160+00:00",
        "ttl_seconds": -1.0
      }
    },
    {
      "type": "Feature",
      "geometry": {
        "type": "Point",
        "coordinates": [
          2.8922,
          -3.0178
        ]
      },
      "properties": {
        "obj_id": "chair_305",
        "class_name": "chair",
        "class_id": 56,
        "mobility": "static",
        "confidence": 0.761,
        "observation_count": 19,
        "best_score": 1.24,
        "first_seen": "2026-03-24T09:46:38.359533+00:00",
        "last_seen": "2026-03-24T09:46:39.112375+00:00",
        "ttl_seconds": -1.0
      }
    },
    {
      "type": "Feature",
      "geometry": {
        "type": "Point",
        "coordinates": [
          1.6203,
          -2.5553
        ]
      },
      "properties": {
        "obj_id": "chair_306",
        "class_name": "chair",
        "class_id": 56,
        "mobility": "static",
        "confidence": 0.605,
        "observation_count": 14,
        "best_score": 0.565,
        "first_seen": "2026-03-24T09:46:38.363033+00:00",
        "last_seen": "2026-03-24T09:46:47.011818+00:00",
        "ttl_seconds": -1.0
      }
    },
    {
      "type": "Feature",
      "geometry": {
        "type": "Point",
        "coordinates": [
          3.2337,
          -3.058
        ]
      },
      "properties": {
        "obj_id": "chair_307",
        "class_name": "chair",
        "class_id": 56,
        "mobility": "static",
        "confidence": 0.766,
        "observation_count": 10,
        "best_score": 0.884,
        "first_seen": "2026-03-24T09:46:38.726712+00:00",
        "last_seen": "2026-03-24T09:46:38.730324+00:00",
        "ttl_seconds": -1.0
      }
    },
    {
      "type": "Feature",
      "geometry": {
        "type": "Point",
        "coordinates": [
          0.2664,
          -1.113
        ]
      },
      "properties": {
        "obj_id": "tv_308",
        "class_name": "tv",
        "class_id": 62,
        "mobility": "static",
        "confidence": 0.755,
        "observation_count": 202,
        "best_score": 1.482,
        "first_seen": "2026-03-24T09:46:40.227891+00:00",
        "last_seen": "2026-03-24T09:58:45.750896+00:00",
        "ttl_seconds": -1.0
      }
    },
    {
      "type": "Feature",
      "geometry": {
        "type": "Point",
        "coordinates": [
          1.4568,
          -0.0272
        ]
      },
      "properties": {
        "obj_id": "tv_309",
        "class_name": "tv",
        "class_id": 62,
        "mobility": "static",
        "confidence": 0.685,
        "observation_count": 459,
        "best_score": 1.536,
        "first_seen": "2026-03-24T09:46:41.006066+00:00",
        "last_seen": "2026-03-24T10:20:16.523099+00:00",
        "ttl_seconds": -1.0
      }
    },
    {
      "type": "Feature",
      "geometry": {
        "type": "Point",
        "coordinates": [
          -1.2308,
          -0.7785
        ]
      },
      "properties": {
        "obj_id": "chair_312",
        "class_name": "chair",
        "class_id": 56,
        "mobility": "static",
        "confidence": 0.721,
        "observation_count": 161,
        "best_score": 1.034,
        "first_seen": "2026-03-24T09:46:45.431652+00:00",
        "last_seen": "2026-03-24T09:46:55.435120+00:00",
        "ttl_seconds": -1.0
      }
    },
    {
      "type": "Feature",
      "geometry": {
        "type": "Point",
        "coordinates": [
          0.6405,
          -0.1231
        ]
      },
      "properties": {
        "obj_id": "tv_313",
        "class_name": "tv",
        "class_id": 62,
        "mobility": "static",
        "confidence": 0.75,
        "observation_count": 8,
        "best_score": 1.755,
        "first_seen": "2026-03-24T09:46:46.641306+00:00",
        "last_seen": "2026-03-24T09:46:46.645209+00:00",
        "ttl_seconds": -1.0
      }
    },
    {
      "type": "Feature",
      "geometry": {
        "type": "Point",
        "coordinates": [
          0.5666,
          -0.7801
        ]
      },
      "properties": {
        "obj_id": "tv_314",
        "class_name": "tv",
        "class_id": 62,
        "mobility": "static",
        "confidence": 0.703,
        "observation_count": 10,
        "best_score": 1.003,
        "first_seen": "2026-03-24T09:46:48.977246+00:00",
        "last_seen": "2026-03-24T09:46:48.978710+00:00",
        "ttl_seconds": -1.0
      }
    },
    {
      "type": "Feature",
      "geometry": {
        "type": "Point",
        "coordinates": [
          3.8163,
          -2.0665
        ]
      },
      "properties": {
        "obj_id": "chair_315",
        "class_name": "chair",
        "class_id": 56,
        "mobility": "static",
        "confidence": 0.911,
        "observation_count": 865,
        "best_score": 5.625,
        "first_seen": "2026-03-24T09:48:15.934137+00:00",
        "last_seen": "2026-06-24T14:30:47.366617+00:00",
        "ttl_seconds": -1.0
      }
    },
    {
      "type": "Feature",
      "geometry": {
        "type": "Point",
        "coordinates": [
          2.2476,
          0.9763
        ]
      },
      "properties": {
        "obj_id": "chair_316",
        "class_name": "chair",
        "class_id": 56,
        "mobility": "static",
        "confidence": 0.876,
        "observation_count": 985,
        "best_score": 8.51,
        "first_seen": "2026-03-24T09:48:20.930712+00:00",
        "last_seen": "2026-07-03T10:12:22.424024+00:00",
        "ttl_seconds": -1.0
      }
    },
    {
      "type": "Feature",
      "geometry": {
        "type": "Point",
        "coordinates": [
          3.9843,
          -0.0549
        ]
      },
      "properties": {
        "obj_id": "dining table_317",
        "class_name": "dining table",
        "class_id": 60,
        "mobility": "static",
        "confidence": 0.604,
        "observation_count": 12,
        "best_score": 3.298,
        "first_seen": "2026-03-24T09:48:27.526948+00:00",
        "last_seen": "2026-03-24T09:48:27.854544+00:00",
        "ttl_seconds": -1.0
      }
    },
    {
      "type": "Feature",
      "geometry": {
        "type": "Point",
        "coordinates": [
          2.9407,
          1.8422
        ]
      },
      "properties": {
        "obj_id": "chair_318",
        "class_name": "chair",
        "class_id": 56,
        "mobility": "static",
        "confidence": 0.86,
        "observation_count": 290,
        "best_score": 7.286,
        "first_seen": "2026-03-24T09:48:33.405159+00:00",
        "last_seen": "2026-06-30T12:56:58.575492+00:00",
        "ttl_seconds": -1.0
      }
    },
    {
      "type": "Feature",
      "geometry": {
        "type": "Point",
        "coordinates": [
          3.8777,
          0.3549
        ]
      },
      "properties": {
        "obj_id": "tv_319",
        "class_name": "tv",
        "class_id": 62,
        "mobility": "static",
        "confidence": 0.761,
        "observation_count": 192,
        "best_score": 1.28,
        "first_seen": "2026-03-24T09:48:36.372038+00:00",
        "last_seen": "2026-03-24T09:48:45.280171+00:00",
        "ttl_seconds": -1.0
      }
    },
    {
      "type": "Feature",
      "geometry": {
        "type": "Point",
        "coordinates": [
          -3.8191,
          -0.5694
        ]
      },
      "properties": {
        "obj_id": "chair_320",
        "class_name": "chair",
        "class_id": 56,
        "mobility": "static",
        "confidence": 0.863,
        "observation_count": 11,
        "best_score": 0.599,
        "first_seen": "2026-03-24T09:49:22.599140+00:00",
        "last_seen": "2026-03-24T09:59:49.388911+00:00",
        "ttl_seconds": -1.0
      }
    },
    {
      "type": "Feature",
      "geometry": {
        "type": "Point",
        "coordinates": [
          5.438,
          3.3911
        ]
      },
      "properties": {
        "obj_id": "chair_321",
        "class_name": "chair",
        "class_id": 56,
        "mobility": "static",
        "confidence": 0.715,
        "observation_count": 406,
        "best_score": 6.785,
        "first_seen": "2026-03-24T09:50:03.108099+00:00",
        "last_seen": "2026-06-26T12:05:23.886565+00:00",
        "ttl_seconds": -1.0
      }
    },
    {
      "type": "Feature",
      "geometry": {
        "type": "Point",
        "coordinates": [
          7.0721,
          0.8856
        ]
      },
      "properties": {
        "obj_id": "chair_322",
        "class_name": "chair",
        "class_id": 56,
        "mobility": "static",
        "confidence": 0.586,
        "observation_count": 27,
        "best_score": 3.176,
        "first_seen": "2026-03-24T09:50:40.056384+00:00",
        "last_seen": "2026-06-30T14:22:44.672100+00:00",
        "ttl_seconds": -1.0
      }
    },
    {
      "type": "Feature",
      "geometry": {
        "type": "Point",
        "coordinates": [
          5.0495,
          -0.4475
        ]
      },
      "properties": {
        "obj_id": "chair_323",
        "class_name": "chair",
        "class_id": 56,
        "mobility": "static",
        "confidence": 0.829,
        "observation_count": 186,
        "best_score": 6.803,
        "first_seen": "2026-03-24T09:50:41.266535+00:00",
        "last_seen": "2026-06-30T08:11:53.937126+00:00",
        "ttl_seconds": -1.0
      }
    },
    {
      "type": "Feature",
      "geometry": {
        "type": "Point",
        "coordinates": [
          6.0113,
          -0.6892
        ]
      },
      "properties": {
        "obj_id": "chair_324",
        "class_name": "chair",
        "class_id": 56,
        "mobility": "static",
        "confidence": 0.644,
        "observation_count": 57,
        "best_score": 3.042,
        "first_seen": "2026-03-24T09:50:41.267704+00:00",
        "last_seen": "2026-06-30T14:20:11.204203+00:00",
        "ttl_seconds": -1.0
      }
    },
    {
      "type": "Feature",
      "geometry": {
        "type": "Point",
        "coordinates": [
          5.6286,
          0.2662
        ]
      },
      "properties": {
        "obj_id": "chair_325",
        "class_name": "chair",
        "class_id": 56,
        "mobility": "static",
        "confidence": 0.736,
        "observation_count": 386,
        "best_score": 4.744,
        "first_seen": "2026-03-24T09:50:41.636898+00:00",
        "last_seen": "2026-06-26T12:12:05.815579+00:00",
        "ttl_seconds": -1.0
      }
    },
    {
      "type": "Feature",
      "geometry": {
        "type": "Point",
        "coordinates": [
          4.7295,
          -2.5715
        ]
      },
      "properties": {
        "obj_id": "chair_326",
        "class_name": "chair",
        "class_id": 56,
        "mobility": "static",
        "confidence": 0.842,
        "observation_count": 473,
        "best_score": 2.253,
        "first_seen": "2026-03-24T09:50:41.638289+00:00",
        "last_seen": "2026-06-30T13:34:19.705986+00:00",
        "ttl_seconds": -1.0
      }
    },
    {
      "type": "Feature",
      "geometry": {
        "type": "Point",
        "coordinates": [
          2.4984,
          -2.5583
        ]
      },
      "properties": {
        "obj_id": "chair_327",
        "class_name": "chair",
        "class_id": 56,
        "mobility": "static",
        "confidence": 0.713,
        "observation_count": 14,
        "best_score": 1.951,
        "first_seen": "2026-03-24T09:50:45.678113+00:00",
        "last_seen": "2026-03-24T09:50:46.089326+00:00",
        "ttl_seconds": -1.0
      }
    },
    {
      "type": "Feature",
      "geometry": {
        "type": "Point",
        "coordinates": [
          1.1898,
          -1.2236
        ]
      },
      "properties": {
        "obj_id": "tv_328",
        "class_name": "tv",
        "class_id": 62,
        "mobility": "static",
        "confidence": 0.706,
        "observation_count": 53,
        "best_score": 1.348,
        "first_seen": "2026-03-24T09:50:45.680123+00:00",
        "last_seen": "2026-03-24T09:58:48.059162+00:00",
        "ttl_seconds": -1.0
      }
    },
    {
      "type": "Feature",
      "geometry": {
        "type": "Point",
        "coordinates": [
          -0.4659,
          -1.1705
        ]
      },
      "properties": {
        "obj_id": "chair_329",
        "class_name": "chair",
        "class_id": 56,
        "mobility": "static",
        "confidence": 0.647,
        "observation_count": 53,
        "best_score": 1.149,
        "first_seen": "2026-03-24T09:50:46.087336+00:00",
        "last_seen": "2026-07-02T12:02:38.380756+00:00",
        "ttl_seconds": -1.0
      }
    },
    {
      "type": "Feature",
      "geometry": {
        "type": "Point",
        "coordinates": [
          0.4754,
          -1.7036
        ]
      },
      "properties": {
        "obj_id": "tv_331",
        "class_name": "tv",
        "class_id": 62,
        "mobility": "static",
        "confidence": 0.558,
        "observation_count": 6,
        "best_score": 0.616,
        "first_seen": "2026-03-24T09:50:48.069022+00:00",
        "last_seen": "2026-03-24T09:50:48.072045+00:00",
        "ttl_seconds": -1.0
      }
    },
    {
      "type": "Feature",
      "geometry": {
        "type": "Point",
        "coordinates": [
          -0.1484,
          2.7772
        ]
      },
      "properties": {
        "obj_id": "chair_333",
        "class_name": "chair",
        "class_id": 56,
        "mobility": "static",
        "confidence": 0.533,
        "observation_count": 5,
        "best_score": 1.834,
        "first_seen": "2026-03-24T09:50:49.666492+00:00",
        "last_seen": "2026-03-24T09:50:50.062746+00:00",
        "ttl_seconds": -1.0
      }
    },
    {
      "type": "Feature",
      "geometry": {
        "type": "Point",
        "coordinates": [
          0.1477,
          4.0224
        ]
      },
      "properties": {
        "obj_id": "chair_334",
        "class_name": "chair",
        "class_id": 56,
        "mobility": "static",
        "confidence": 0.827,
        "observation_count": 21,
        "best_score": 1.411,
        "first_seen": "2026-03-24T09:50:55.091773+00:00",
        "last_seen": "2026-06-30T14:10:05.335851+00:00",
        "ttl_seconds": -1.0
      }
    },
    {
      "type": "Feature",
      "geometry": {
        "type": "Point",
        "coordinates": [
          1.8277,
          4.1686
        ]
      },
      "properties": {
        "obj_id": "chair_335",
        "class_name": "chair",
        "class_id": 56,
        "mobility": "static",
        "confidence": 0.738,
        "observation_count": 37,
        "best_score": 2.264,
        "first_seen": "2026-03-24T09:50:55.491901+00:00",
        "last_seen": "2026-07-02T12:05:47.227066+00:00",
        "ttl_seconds": -1.0
      }
    },
    {
      "type": "Feature",
      "geometry": {
        "type": "Point",
        "coordinates": [
          1.5667,
          4.5374
        ]
      },
      "properties": {
        "obj_id": "tv_336",
        "class_name": "tv",
        "class_id": 62,
        "mobility": "static",
        "confidence": 0.502,
        "observation_count": 1,
        "best_score": 6.781,
        "first_seen": "2026-03-24T09:50:55.493156+00:00",
        "last_seen": "2026-03-24T09:50:55.493156+00:00",
        "ttl_seconds": -1.0
      }
    },
    {
      "type": "Feature",
      "geometry": {
        "type": "Point",
        "coordinates": [
          0.9688,
          4.2826
        ]
      },
      "properties": {
        "obj_id": "chair_337",
        "class_name": "chair",
        "class_id": 56,
        "mobility": "static",
        "confidence": 0.776,
        "observation_count": 9,
        "best_score": 2.413,
        "first_seen": "2026-03-24T09:50:55.875653+00:00",
        "last_seen": "2026-07-02T12:04:49.855012+00:00",
        "ttl_seconds": -1.0
      }
    },
    {
      "type": "Feature",
      "geometry": {
        "type": "Point",
        "coordinates": [
          0.7062,
          2.0846
        ]
      },
      "properties": {
        "obj_id": "chair_338",
        "class_name": "chair",
        "class_id": 56,
        "mobility": "static",
        "confidence": 0.766,
        "observation_count": 46,
        "best_score": 4.346,
        "first_seen": "2026-03-24T09:51:31.791352+00:00",
        "last_seen": "2026-06-26T12:14:45.215079+00:00",
        "ttl_seconds": -1.0
      }
    },
    {
      "type": "Feature",
      "geometry": {
        "type": "Point",
        "coordinates": [
          1.6893,
          -0.7368
        ]
      },
      "properties": {
        "obj_id": "dining table_339",
        "class_name": "dining table",
        "class_id": 60,
        "mobility": "static",
        "confidence": 0.512,
        "observation_count": 1,
        "best_score": 2.38,
        "first_seen": "2026-03-24T09:52:33.475884+00:00",
        "last_seen": "2026-03-24T09:52:33.475884+00:00",
        "ttl_seconds": -1.0
      }
    },
    {
      "type": "Feature",
      "geometry": {
        "type": "Point",
        "coordinates": [
          -0.6203,
          -0.5213
        ]
      },
      "properties": {
        "obj_id": "chair_340",
        "class_name": "chair",
        "class_id": 56,
        "mobility": "static",
        "confidence": 0.725,
        "observation_count": 44,
        "best_score": 1.101,
        "first_seen": "2026-03-24T09:52:34.961653+00:00",
        "last_seen": "2026-03-24T10:19:28.599791+00:00",
        "ttl_seconds": -1.0
      }
    },
    {
      "type": "Feature",
      "geometry": {
        "type": "Point",
        "coordinates": [
          4.1284,
          3.8502
        ]
      },
      "properties": {
        "obj_id": "chair_341",
        "class_name": "chair",
        "class_id": 56,
        "mobility": "static",
        "confidence": 0.866,
        "observation_count": 95,
        "best_score": 2.717,
        "first_seen": "2026-03-24T09:52:45.797352+00:00",
        "last_seen": "2026-07-03T09:54:40.667807+00:00",
        "ttl_seconds": -1.0
      }
    },
    {
      "type": "Feature",
      "geometry": {
        "type": "Point",
        "coordinates": [
          5.0608,
          6.1851
        ]
      },
      "properties": {
        "obj_id": "bench_342",
        "class_name": "bench",
        "class_id": 13,
        "mobility": "static",
        "confidence": 0.621,
        "observation_count": 7,
        "best_score": 18.956,
        "first_seen": "2026-03-24T09:53:12.434055+00:00",
        "last_seen": "2026-03-24T09:53:12.435277+00:00",
        "ttl_seconds": -1.0
      }
    },
    {
      "type": "Feature",
      "geometry": {
        "type": "Point",
        "coordinates": [
          4.0657,
          -2.6384
        ]
      },
      "properties": {
        "obj_id": "tv_343",
        "class_name": "tv",
        "class_id": 62,
        "mobility": "static",
        "confidence": 0.568,
        "observation_count": 1,
        "best_score": 0.63,
        "first_seen": "2026-03-24T09:54:06.520633+00:00",
        "last_seen": "2026-03-24T09:54:06.520633+00:00",
        "ttl_seconds": -1.0
      }
    },
    {
      "type": "Feature",
      "geometry": {
        "type": "Point",
        "coordinates": [
          2.8405,
          4.0395
        ]
      },
      "properties": {
        "obj_id": "chair_344",
        "class_name": "chair",
        "class_id": 56,
        "mobility": "static",
        "confidence": 0.56,
        "observation_count": 9,
        "best_score": 1.989,
        "first_seen": "2026-03-24T09:54:07.253727+00:00",
        "last_seen": "2026-07-02T12:05:42.295350+00:00",
        "ttl_seconds": -1.0
      }
    },
    {
      "type": "Feature",
      "geometry": {
        "type": "Point",
        "coordinates": [
          0.4342,
          -1.6132
        ]
      },
      "properties": {
        "obj_id": "refrigerator_345",
        "class_name": "refrigerator",
        "class_id": 72,
        "mobility": "static",
        "confidence": 0.584,
        "observation_count": 2,
        "best_score": 1.599,
        "first_seen": "2026-03-24T09:55:28.025907+00:00",
        "last_seen": "2026-03-24T09:55:28.028506+00:00",
        "ttl_seconds": -1.0
      }
    },
    {
      "type": "Feature",
      "geometry": {
        "type": "Point",
        "coordinates": [
          1.3388,
          -0.2407
        ]
      },
      "properties": {
        "obj_id": "chair_347",
        "class_name": "chair",
        "class_id": 56,
        "mobility": "static",
        "confidence": 0.814,
        "observation_count": 317,
        "best_score": 15.068,
        "first_seen": "2026-03-24T09:57:07.738247+00:00",
        "last_seen": "2026-03-24T10:33:49.174131+00:00",
        "ttl_seconds": -1.0
      }
    },
    {
      "type": "Feature",
      "geometry": {
        "type": "Point",
        "coordinates": [
          -2.0841,
          0.0575
        ]
      },
      "properties": {
        "obj_id": "tv_363",
        "class_name": "tv",
        "class_id": 62,
        "mobility": "static",
        "confidence": 0.626,
        "observation_count": 6,
        "best_score": 0.686,
        "first_seen": "2026-03-24T09:58:44.255535+00:00",
        "last_seen": "2026-03-24T09:58:44.655977+00:00",
        "ttl_seconds": -1.0
      }
    },
    {
      "type": "Feature",
      "geometry": {
        "type": "Point",
        "coordinates": [
          -1.4687,
          -0.3347
        ]
      },
      "properties": {
        "obj_id": "tv_364",
        "class_name": "tv",
        "class_id": 62,
        "mobility": "static",
        "confidence": 0.612,
        "observation_count": 2,
        "best_score": 0.519,
        "first_seen": "2026-03-24T09:58:45.034904+00:00",
        "last_seen": "2026-03-24T09:58:45.035962+00:00",
        "ttl_seconds": -1.0
      }
    },
    {
      "type": "Feature",
      "geometry": {
        "type": "Point",
        "coordinates": [
          -0.3322,
          -0.9986
        ]
      },
      "properties": {
        "obj_id": "tv_365",
        "class_name": "tv",
        "class_id": 62,
        "mobility": "static",
        "confidence": 0.797,
        "observation_count": 165,
        "best_score": 1.491,
        "first_seen": "2026-03-24T09:58:45.389045+00:00",
        "last_seen": "2026-03-24T10:00:20.543007+00:00",
        "ttl_seconds": -1.0
      }
    },
    {
      "type": "Feature",
      "geometry": {
        "type": "Point",
        "coordinates": [
          1.5017,
          -1.0744
        ]
      },
      "properties": {
        "obj_id": "chair_368",
        "class_name": "chair",
        "class_id": 56,
        "mobility": "static",
        "confidence": 0.675,
        "observation_count": 26,
        "best_score": 1.313,
        "first_seen": "2026-03-24T09:58:48.055481+00:00",
        "last_seen": "2026-06-26T08:57:25.399142+00:00",
        "ttl_seconds": -1.0
      }
    },
    {
      "type": "Feature",
      "geometry": {
        "type": "Point",
        "coordinates": [
          0.1355,
          5.4425
        ]
      },
      "properties": {
        "obj_id": "chair_369",
        "class_name": "chair",
        "class_id": 56,
        "mobility": "static",
        "confidence": 0.902,
        "observation_count": 74,
        "best_score": 3.071,
        "first_seen": "2026-03-24T09:58:51.235960+00:00",
        "last_seen": "2026-03-24T09:59:53.674402+00:00",
        "ttl_seconds": -1.0
      }
    },
    {
      "type": "Feature",
      "geometry": {
        "type": "Point",
        "coordinates": [
          -0.8738,
          0.3247
        ]
      },
      "properties": {
        "obj_id": "tv_371",
        "class_name": "tv",
        "class_id": 62,
        "mobility": "static",
        "confidence": 0.659,
        "observation_count": 98,
        "best_score": 1.266,
        "first_seen": "2026-03-24T09:58:55.359548+00:00",
        "last_seen": "2026-03-24T09:59:05.034714+00:00",
        "ttl_seconds": -1.0
      }
    },
    {
      "type": "Feature",
      "geometry": {
        "type": "Point",
        "coordinates": [
          3.3019,
          -1.4097
        ]
      },
      "properties": {
        "obj_id": "tv_372",
        "class_name": "tv",
        "class_id": 62,
        "mobility": "static",
        "confidence": 0.694,
        "observation_count": 196,
        "best_score": 1.38,
        "first_seen": "2026-03-24T09:59:05.471415+00:00",
        "last_seen": "2026-03-24T09:59:24.011182+00:00",
        "ttl_seconds": -1.0
      }
    },
    {
      "type": "Feature",
      "geometry": {
        "type": "Point",
        "coordinates": [
          3.8917,
          -1.8081
        ]
      },
      "properties": {
        "obj_id": "tv_373",
        "class_name": "tv",
        "class_id": 62,
        "mobility": "static",
        "confidence": 0.631,
        "observation_count": 12,
        "best_score": 1.123,
        "first_seen": "2026-03-24T09:59:25.436854+00:00",
        "last_seen": "2026-03-24T10:00:55.083097+00:00",
        "ttl_seconds": -1.0
      }
    },
    {
      "type": "Feature",
      "geometry": {
        "type": "Point",
        "coordinates": [
          2.7956,
          4.9797
        ]
      },
      "properties": {
        "obj_id": "toilet_375",
        "class_name": "toilet",
        "class_id": 61,
        "mobility": "static",
        "confidence": 0.669,
        "observation_count": 12,
        "best_score": 29.26,
        "first_seen": "2026-03-24T10:00:06.588748+00:00",
        "last_seen": "2026-03-24T10:00:07.008315+00:00",
        "ttl_seconds": -1.0
      }
    },
    {
      "type": "Feature",
      "geometry": {
        "type": "Point",
        "coordinates": [
          1.0464,
          3.1664
        ]
      },
      "properties": {
        "obj_id": "chair_377",
        "class_name": "chair",
        "class_id": 56,
        "mobility": "static",
        "confidence": 0.521,
        "observation_count": 2,
        "best_score": 2.502,
        "first_seen": "2026-03-24T10:00:13.640186+00:00",
        "last_seen": "2026-03-24T10:00:13.643030+00:00",
        "ttl_seconds": -1.0
      }
    },
    {
      "type": "Feature",
      "geometry": {
        "type": "Point",
        "coordinates": [
          -0.0416,
          -2.2855
        ]
      },
      "properties": {
        "obj_id": "chair_378",
        "class_name": "chair",
        "class_id": 56,
        "mobility": "static",
        "confidence": 0.663,
        "observation_count": 30,
        "best_score": 0.538,
        "first_seen": "2026-03-24T10:00:53.984754+00:00",
        "last_seen": "2026-06-30T14:11:53.033947+00:00",
        "ttl_seconds": -1.0
      }
    },
    {
      "type": "Feature",
      "geometry": {
        "type": "Point",
        "coordinates": [
          -0.2069,
          5.2624
        ]
      },
      "properties": {
        "obj_id": "bench_386",
        "class_name": "bench",
        "class_id": 13,
        "mobility": "static",
        "confidence": 0.753,
        "observation_count": 43,
        "best_score": 31.485,
        "first_seen": "2026-03-24T10:02:15.834313+00:00",
        "last_seen": "2026-03-24T10:02:18.572920+00:00",
        "ttl_seconds": -1.0
      }
    },
    {
      "type": "Feature",
      "geometry": {
        "type": "Point",
        "coordinates": [
          0.1858,
          0.7176
        ]
      },
      "properties": {
        "obj_id": "couch_387",
        "class_name": "couch",
        "class_id": 57,
        "mobility": "static",
        "confidence": 0.613,
        "observation_count": 2,
        "best_score": 2.11,
        "first_seen": "2026-03-24T10:02:27.864541+00:00",
        "last_seen": "2026-03-24T10:02:28.223773+00:00",
        "ttl_seconds": -1.0
      }
    },
    {
      "type": "Feature",
      "geometry": {
        "type": "Point",
        "coordinates": [
          2.4022,
          7.0361
        ]
      },
      "properties": {
        "obj_id": "chair_388",
        "class_name": "chair",
        "class_id": 56,
        "mobility": "static",
        "confidence": 0.701,
        "observation_count": 103,
        "best_score": 6.06,
        "first_seen": "2026-03-24T10:03:12.502585+00:00",
        "last_seen": "2026-06-02T08:17:20.281966+00:00",
        "ttl_seconds": -1.0
      }
    },
    {
      "type": "Feature",
      "geometry": {
        "type": "Point",
        "coordinates": [
          4.3074,
          8.7376
        ]
      },
      "properties": {
        "obj_id": "chair_390",
        "class_name": "chair",
        "class_id": 56,
        "mobility": "static",
        "confidence": 0.698,
        "observation_count": 6,
        "best_score": 0.803,
        "first_seen": "2026-03-24T10:03:19.007799+00:00",
        "last_seen": "2026-03-24T10:03:19.009167+00:00",
        "ttl_seconds": -1.0
      }
    },
    {
      "type": "Feature",
      "geometry": {
        "type": "Point",
        "coordinates": [
          4.8953,
          13.6405
        ]
      },
      "properties": {
        "obj_id": "tv_391",
        "class_name": "tv",
        "class_id": 62,
        "mobility": "static",
        "confidence": 0.608,
        "observation_count": 15,
        "best_score": 1.117,
        "first_seen": "2026-03-24T10:03:21.800128+00:00",
        "last_seen": "2026-03-24T10:03:36.035652+00:00",
        "ttl_seconds": -1.0
      }
    },
    {
      "type": "Feature",
      "geometry": {
        "type": "Point",
        "coordinates": [
          5.5681,
          13.3546
        ]
      },
      "properties": {
        "obj_id": "tv_392",
        "class_name": "tv",
        "class_id": 62,
        "mobility": "static",
        "confidence": 0.68,
        "observation_count": 7,
        "best_score": 1.105,
        "first_seen": "2026-03-24T10:03:36.437087+00:00",
        "last_seen": "2026-03-24T10:03:36.438519+00:00",
        "ttl_seconds": -1.0
      }
    },
    {
      "type": "Feature",
      "geometry": {
        "type": "Point",
        "coordinates": [
          6.1216,
          13.1177
        ]
      },
      "properties": {
        "obj_id": "tv_393",
        "class_name": "tv",
        "class_id": 62,
        "mobility": "static",
        "confidence": 0.691,
        "observation_count": 7,
        "best_score": 1.209,
        "first_seen": "2026-03-24T10:03:36.834520+00:00",
        "last_seen": "2026-03-24T10:03:36.835794+00:00",
        "ttl_seconds": -1.0
      }
    },
    {
      "type": "Feature",
      "geometry": {
        "type": "Point",
        "coordinates": [
          2.8451,
          12.2433
        ]
      },
      "properties": {
        "obj_id": "chair_394",
        "class_name": "chair",
        "class_id": 56,
        "mobility": "static",
        "confidence": 0.716,
        "observation_count": 172,
        "best_score": 2.283,
        "first_seen": "2026-03-24T10:03:37.238521+00:00",
        "last_seen": "2026-06-02T08:17:22.780501+00:00",
        "ttl_seconds": -1.0
      }
    },
    {
      "type": "Feature",
      "geometry": {
        "type": "Point",
        "coordinates": [
          2.2206,
          11.3453
        ]
      },
      "properties": {
        "obj_id": "chair_395",
        "class_name": "chair",
        "class_id": 56,
        "mobility": "static",
        "confidence": 0.671,
        "observation_count": 7,
        "best_score": 2.571,
        "first_seen": "2026-03-24T10:03:37.646134+00:00",
        "last_seen": "2026-03-24T10:03:37.648595+00:00",
        "ttl_seconds": -1.0
      }
    },
    {
      "type": "Feature",
      "geometry": {
        "type": "Point",
        "coordinates": [
          4.1229,
          13.0049
        ]
      },
      "properties": {
        "obj_id": "chair_396",
        "class_name": "chair",
        "class_id": 56,
        "mobility": "static",
        "confidence": 0.72,
        "observation_count": 6,
        "best_score": 0.786,
        "first_seen": "2026-03-24T10:03:37.648828+00:00",
        "last_seen": "2026-03-24T10:03:38.048805+00:00",
        "ttl_seconds": -1.0
      }
    },
    {
      "type": "Feature",
      "geometry": {
        "type": "Point",
        "coordinates": [
          3.6901,
          12.1573
        ]
      },
      "properties": {
        "obj_id": "chair_397",
        "class_name": "chair",
        "class_id": 56,
        "mobility": "static",
        "confidence": 0.729,
        "observation_count": 24,
        "best_score": 2.158,
        "first_seen": "2026-03-24T10:03:38.046585+00:00",
        "last_seen": "2026-03-24T10:09:43.361269+00:00",
        "ttl_seconds": -1.0
      }
    },
    {
      "type": "Feature",
      "geometry": {
        "type": "Point",
        "coordinates": [
          2.8591,
          11.5478
        ]
      },
      "properties": {
        "obj_id": "chair_398",
        "class_name": "chair",
        "class_id": 56,
        "mobility": "static",
        "confidence": 0.619,
        "observation_count": 19,
        "best_score": 1.912,
        "first_seen": "2026-03-24T10:03:38.436058+00:00",
        "last_seen": "2026-06-02T08:17:27.395603+00:00",
        "ttl_seconds": -1.0
      }
    },
    {
      "type": "Feature",
      "geometry": {
        "type": "Point",
        "coordinates": [
          5.5981,
          11.6769
        ]
      },
      "properties": {
        "obj_id": "chair_409",
        "class_name": "chair",
        "class_id": 56,
        "mobility": "static",
        "confidence": 0.638,
        "observation_count": 22,
        "best_score": 0.259,
        "first_seen": "2026-03-24T10:06:07.165049+00:00",
        "last_seen": "2026-03-24T10:06:27.824347+00:00",
        "ttl_seconds": -1.0
      }
    },
    {
      "type": "Feature",
      "geometry": {
        "type": "Point",
        "coordinates": [
          3.0773,
          13.8198
        ]
      },
      "properties": {
        "obj_id": "tv_411",
        "class_name": "tv",
        "class_id": 62,
        "mobility": "static",
        "confidence": 0.745,
        "observation_count": 10,
        "best_score": 1.227,
        "first_seen": "2026-03-24T10:06:12.532114+00:00",
        "last_seen": "2026-03-24T10:06:32.125670+00:00",
        "ttl_seconds": -1.0
      }
    },
    {
      "type": "Feature",
      "geometry": {
        "type": "Point",
        "coordinates": [
          7.3758,
          13.9748
        ]
      },
      "properties": {
        "obj_id": "chair_413",
        "class_name": "chair",
        "class_id": 56,
        "mobility": "static",
        "confidence": 0.644,
        "observation_count": 30,
        "best_score": 0.164,
        "first_seen": "2026-03-24T10:06:17.709493+00:00",
        "last_seen": "2026-03-24T10:06:25.417783+00:00",
        "ttl_seconds": -1.0
      }
    },
    {
      "type": "Feature",
      "geometry": {
        "type": "Point",
        "coordinates": [
          4.6066,
          10.3926
        ]
      },
      "properties": {
        "obj_id": "chair_414",
        "class_name": "chair",
        "class_id": 56,
        "mobility": "static",
        "confidence": 0.639,
        "observation_count": 31,
        "best_score": 0.833,
        "first_seen": "2026-03-24T10:06:18.055999+00:00",
        "last_seen": "2026-03-24T10:06:24.215558+00:00",
        "ttl_seconds": -1.0
      }
    },
    {
      "type": "Feature",
      "geometry": {
        "type": "Point",
        "coordinates": [
          5.035,
          13.9388
        ]
      },
      "properties": {
        "obj_id": "chair_415",
        "class_name": "chair",
        "class_id": 56,
        "mobility": "static",
        "confidence": 0.542,
        "observation_count": 24,
        "best_score": 0.698,
        "first_seen": "2026-03-24T10:06:18.058785+00:00",
        "last_seen": "2026-03-24T10:06:30.914312+00:00",
        "ttl_seconds": -1.0
      }
    },
    {
      "type": "Feature",
      "geometry": {
        "type": "Point",
        "coordinates": [
          5.2078,
          11.1721
        ]
      },
      "properties": {
        "obj_id": "chair_416",
        "class_name": "chair",
        "class_id": 56,
        "mobility": "static",
        "confidence": 0.635,
        "observation_count": 21,
        "best_score": 0.297,
        "first_seen": "2026-03-24T10:06:23.822062+00:00",
        "last_seen": "2026-03-24T10:06:29.420096+00:00",
        "ttl_seconds": -1.0
      }
    },
    {
      "type": "Feature",
      "geometry": {
        "type": "Point",
        "coordinates": [
          4.415,
          9.8116
        ]
      },
      "properties": {
        "obj_id": "chair_417",
        "class_name": "chair",
        "class_id": 56,
        "mobility": "static",
        "confidence": 0.523,
        "observation_count": 2,
        "best_score": 1.15,
        "first_seen": "2026-03-24T10:06:29.420171+00:00",
        "last_seen": "2026-03-24T10:06:29.421643+00:00",
        "ttl_seconds": -1.0
      }
    },
    {
      "type": "Feature",
      "geometry": {
        "type": "Point",
        "coordinates": [
          11.9074,
          6.9008
        ]
      },
      "properties": {
        "obj_id": "chair_418",
        "class_name": "chair",
        "class_id": 56,
        "mobility": "static",
        "confidence": 0.771,
        "observation_count": 29,
        "best_score": 3.142,
        "first_seen": "2026-03-24T10:06:33.313477+00:00",
        "last_seen": "2026-03-24T10:06:34.304031+00:00",
        "ttl_seconds": -1.0
      }
    },
    {
      "type": "Feature",
      "geometry": {
        "type": "Point",
        "coordinates": [
          11.1212,
          7.3647
        ]
      },
      "properties": {
        "obj_id": "chair_419",
        "class_name": "chair",
        "class_id": 56,
        "mobility": "static",
        "confidence": 0.705,
        "observation_count": 19,
        "best_score": 4.023,
        "first_seen": "2026-03-24T10:06:33.315400+00:00",
        "last_seen": "2026-03-24T10:06:34.303946+00:00",
        "ttl_seconds": -1.0
      }
    },
    {
      "type": "Feature",
      "geometry": {
        "type": "Point",
        "coordinates": [
          1.8344,
          1.8412
        ]
      },
      "properties": {
        "obj_id": "bench_420",
        "class_name": "bench",
        "class_id": 13,
        "mobility": "static",
        "confidence": 0.53,
        "observation_count": 6,
        "best_score": 2.056,
        "first_seen": "2026-03-24T10:08:52.636566+00:00",
        "last_seen": "2026-03-24T10:08:53.034389+00:00",
        "ttl_seconds": -1.0
      }
    },
    {
      "type": "Feature",
      "geometry": {
        "type": "Point",
        "coordinates": [
          2.2943,
          1.5463
        ]
      },
      "properties": {
        "obj_id": "bench_421",
        "class_name": "bench",
        "class_id": 13,
        "mobility": "static",
        "confidence": 0.588,
        "observation_count": 5,
        "best_score": 1.937,
        "first_seen": "2026-03-24T10:09:05.636433+00:00",
        "last_seen": "2026-03-24T10:09:05.637569+00:00",
        "ttl_seconds": -1.0
      }
    },
    {
      "type": "Feature",
      "geometry": {
        "type": "Point",
        "coordinates": [
          5.1103,
          11.7083
        ]
      },
      "properties": {
        "obj_id": "tv_425",
        "class_name": "tv",
        "class_id": 62,
        "mobility": "static",
        "confidence": 0.635,
        "observation_count": 24,
        "best_score": 0.73,
        "first_seen": "2026-03-24T10:09:41.764618+00:00",
        "last_seen": "2026-03-24T10:09:44.500313+00:00",
        "ttl_seconds": -1.0
      }
    },
    {
      "type": "Feature",
      "geometry": {
        "type": "Point",
        "coordinates": [
          2.8563,
          -2.5913
        ]
      },
      "properties": {
        "obj_id": "bench_427",
        "class_name": "bench",
        "class_id": 13,
        "mobility": "static",
        "confidence": 0.5,
        "observation_count": 1,
        "best_score": 1.61,
        "first_seen": "2026-05-19T07:29:15.082082+00:00",
        "last_seen": "2026-05-19T07:29:15.082082+00:00",
        "ttl_seconds": -1.0
      }
    },
    {
      "type": "Feature",
      "geometry": {
        "type": "Point",
        "coordinates": [
          4.4779,
          -0.9772
        ]
      },
      "properties": {
        "obj_id": "bench_428",
        "class_name": "bench",
        "class_id": 13,
        "mobility": "static",
        "confidence": 0.796,
        "observation_count": 46,
        "best_score": 71.908,
        "first_seen": "2026-05-19T07:31:08.922274+00:00",
        "last_seen": "2026-05-21T09:40:52.178416+00:00",
        "ttl_seconds": -1.0
      }
    },
    {
      "type": "Feature",
      "geometry": {
        "type": "Point",
        "coordinates": [
          12.008,
          5.3274
        ]
      },
      "properties": {
        "obj_id": "bench_429",
        "class_name": "bench",
        "class_id": 13,
        "mobility": "static",
        "confidence": 0.592,
        "observation_count": 9,
        "best_score": 2.348,
        "first_seen": "2026-05-19T07:33:17.626689+00:00",
        "last_seen": "2026-05-19T07:33:17.627825+00:00",
        "ttl_seconds": -1.0
      }
    },
    {
      "type": "Feature",
      "geometry": {
        "type": "Point",
        "coordinates": [
          9.3701,
          0.3557
        ]
      },
      "properties": {
        "obj_id": "bench_430",
        "class_name": "bench",
        "class_id": 13,
        "mobility": "static",
        "confidence": 0.689,
        "observation_count": 9,
        "best_score": 2.827,
        "first_seen": "2026-05-19T07:33:18.032210+00:00",
        "last_seen": "2026-05-19T07:33:18.033506+00:00",
        "ttl_seconds": -1.0
      }
    },
    {
      "type": "Feature",
      "geometry": {
        "type": "Point",
        "coordinates": [
          8.1598,
          -0.63
        ]
      },
      "properties": {
        "obj_id": "bench_431",
        "class_name": "bench",
        "class_id": 13,
        "mobility": "static",
        "confidence": 0.71,
        "observation_count": 10,
        "best_score": 9.802,
        "first_seen": "2026-05-19T07:35:11.570249+00:00",
        "last_seen": "2026-05-19T07:35:11.572046+00:00",
        "ttl_seconds": -1.0
      }
    },
    {
      "type": "Feature",
      "geometry": {
        "type": "Point",
        "coordinates": [
          2.8722,
          -0.3477
        ]
      },
      "properties": {
        "obj_id": "backpack_461",
        "class_name": "backpack",
        "class_id": 24,
        "mobility": "static",
        "confidence": 0.581,
        "observation_count": 4,
        "best_score": 0.918,
        "first_seen": "2026-05-21T08:28:35.456840+00:00",
        "last_seen": "2026-05-21T08:28:37.818828+00:00",
        "ttl_seconds": -1.0
      }
    },
    {
      "type": "Feature",
      "geometry": {
        "type": "Point",
        "coordinates": [
          2.989,
          -1.2463
        ]
      },
      "properties": {
        "obj_id": "backpack_462",
        "class_name": "backpack",
        "class_id": 24,
        "mobility": "static",
        "confidence": 0.567,
        "observation_count": 3,
        "best_score": 0.768,
        "first_seen": "2026-05-21T08:28:38.186379+00:00",
        "last_seen": "2026-05-21T08:28:38.188388+00:00",
        "ttl_seconds": -1.0
      }
    },
    {
      "type": "Feature",
      "geometry": {
        "type": "Point",
        "coordinates": [
          3.954,
          5.1612
        ]
      },
      "properties": {
        "obj_id": "chair_478",
        "class_name": "chair",
        "class_id": 56,
        "mobility": "static",
        "confidence": 0.72,
        "observation_count": 20,
        "best_score": 0.971,
        "first_seen": "2026-05-21T09:22:17.953202+00:00",
        "last_seen": "2026-08-17T09:01:41.522240+00:00",
        "ttl_seconds": -1.0
      }
    },
    {
      "type": "Feature",
      "geometry": {
        "type": "Point",
        "coordinates": [
          3.9073,
          6.1599
        ]
      },
      "properties": {
        "obj_id": "chair_479",
        "class_name": "chair",
        "class_id": 56,
        "mobility": "static",
        "confidence": 0.882,
        "observation_count": 43,
        "best_score": 6.458,
        "first_seen": "2026-05-21T09:22:18.752425+00:00",
        "last_seen": "2026-08-17T09:02:05.493465+00:00",
        "ttl_seconds": -1.0
      }
    },
    {
      "type": "Feature",
      "geometry": {
        "type": "Point",
        "coordinates": [
          -0.9722,
          0.9609
        ]
      },
      "properties": {
        "obj_id": "bench_481",
        "class_name": "bench",
        "class_id": 13,
        "mobility": "static",
        "confidence": 0.632,
        "observation_count": 5,
        "best_score": 8.778,
        "first_seen": "2026-05-21T09:25:59.348725+00:00",
        "last_seen": "2026-05-21T09:25:59.350258+00:00",
        "ttl_seconds": -1.0
      }
    },
    {
      "type": "Feature",
      "geometry": {
        "type": "Point",
        "coordinates": [
          5.0657,
          4.4046
        ]
      },
      "properties": {
        "obj_id": "chair_483",
        "class_name": "chair",
        "class_id": 56,
        "mobility": "static",
        "confidence": 0.643,
        "observation_count": 28,
        "best_score": 1.91,
        "first_seen": "2026-05-21T09:27:30.354840+00:00",
        "last_seen": "2026-07-02T12:05:51.419672+00:00",
        "ttl_seconds": -1.0
      }
    },
    {
      "type": "Feature",
      "geometry": {
        "type": "Point",
        "coordinates": [
          2.9686,
          8.2947
        ]
      },
      "properties": {
        "obj_id": "chair_497",
        "class_name": "chair",
        "class_id": 56,
        "mobility": "static",
        "confidence": 0.71,
        "observation_count": 65,
        "best_score": 3.022,
        "first_seen": "2026-05-21T09:33:56.367615+00:00",
        "last_seen": "2026-06-02T08:17:29.753194+00:00",
        "ttl_seconds": -1.0
      }
    },
    {
      "type": "Feature",
      "geometry": {
        "type": "Point",
        "coordinates": [
          4.4384,
          3.5817
        ]
      },
      "properties": {
        "obj_id": "chair_498",
        "class_name": "chair",
        "class_id": 56,
        "mobility": "static",
        "confidence": 0.805,
        "observation_count": 54,
        "best_score": 8.679,
        "first_seen": "2026-05-21T09:34:11.896320+00:00",
        "last_seen": "2026-07-03T09:54:41.049254+00:00",
        "ttl_seconds": -1.0
      }
    },
    {
      "type": "Feature",
      "geometry": {
        "type": "Point",
        "coordinates": [
          4.8499,
          4.2508
        ]
      },
      "properties": {
        "obj_id": "bench_500",
        "class_name": "bench",
        "class_id": 13,
        "mobility": "static",
        "confidence": 0.523,
        "observation_count": 3,
        "best_score": 1.993,
        "first_seen": "2026-05-21T09:38:04.352374+00:00",
        "last_seen": "2026-05-21T09:38:04.354671+00:00",
        "ttl_seconds": -1.0
      }
    },
    {
      "type": "Feature",
      "geometry": {
        "type": "Point",
        "coordinates": [
          2.6077,
          10.9707
        ]
      },
      "properties": {
        "obj_id": "chair_502",
        "class_name": "chair",
        "class_id": 56,
        "mobility": "static",
        "confidence": 0.63,
        "observation_count": 17,
        "best_score": 0.391,
        "first_seen": "2026-05-21T09:38:21.172011+00:00",
        "last_seen": "2026-06-02T08:17:02.842888+00:00",
        "ttl_seconds": -1.0
      }
    },
    {
      "type": "Feature",
      "geometry": {
        "type": "Point",
        "coordinates": [
          3.7232,
          -1.6608
        ]
      },
      "properties": {
        "obj_id": "bench_503",
        "class_name": "bench",
        "class_id": 13,
        "mobility": "static",
        "confidence": 0.71,
        "observation_count": 330,
        "best_score": 12.808,
        "first_seen": "2026-05-21T09:40:16.129537+00:00",
        "last_seen": "2026-08-19T13:35:15.569147+00:00",
        "ttl_seconds": -1.0
      }
    },
    {
      "type": "Feature",
      "geometry": {
        "type": "Point",
        "coordinates": [
          3.1872,
          6.4878
        ]
      },
      "properties": {
        "obj_id": "potted plant_504",
        "class_name": "potted plant",
        "class_id": 58,
        "mobility": "static",
        "confidence": 0.643,
        "observation_count": 8,
        "best_score": 2.148,
        "first_seen": "2026-05-21T09:46:07.443770+00:00",
        "last_seen": "2026-06-02T08:16:34.352101+00:00",
        "ttl_seconds": -1.0
      }
    },
    {
      "type": "Feature",
      "geometry": {
        "type": "Point",
        "coordinates": [
          3.599,
          2.1768
        ]
      },
      "properties": {
        "obj_id": "potted plant_510",
        "class_name": "potted plant",
        "class_id": 58,
        "mobility": "static",
        "confidence": 0.656,
        "observation_count": 4,
        "best_score": 1.145,
        "first_seen": "2026-05-21T09:52:21.292400+00:00",
        "last_seen": "2026-05-21T09:52:21.293630+00:00",
        "ttl_seconds": -1.0
      }
    },
    {
      "type": "Feature",
      "geometry": {
        "type": "Point",
        "coordinates": [
          8.3925,
          3.2314
        ]
      },
      "properties": {
        "obj_id": "potted plant_521",
        "class_name": "potted plant",
        "class_id": 58,
        "mobility": "static",
        "confidence": 0.625,
        "observation_count": 56,
        "best_score": 0.407,
        "first_seen": "2026-05-21T09:55:14.608635+00:00",
        "last_seen": "2026-05-21T09:55:19.402946+00:00",
        "ttl_seconds": -1.0
      }
    },
    {
      "type": "Feature",
      "geometry": {
        "type": "Point",
        "coordinates": [
          -1.3363,
          0.7361
        ]
      },
      "properties": {
        "obj_id": "bench_522",
        "class_name": "bench",
        "class_id": 13,
        "mobility": "static",
        "confidence": 0.761,
        "observation_count": 44,
        "best_score": 7.757,
        "first_seen": "2026-05-21T10:03:09.288086+00:00",
        "last_seen": "2026-08-19T14:08:04.350296+00:00",
        "ttl_seconds": -1.0
      }
    },
    {
      "type": "Feature",
      "geometry": {
        "type": "Point",
        "coordinates": [
          4.8417,
          2.9093
        ]
      },
      "properties": {
        "obj_id": "chair_538",
        "class_name": "chair",
        "class_id": 56,
        "mobility": "static",
        "confidence": 0.557,
        "observation_count": 4,
        "best_score": 0.862,
        "first_seen": "2026-05-21T10:15:45.618837+00:00",
        "last_seen": "2026-05-21T10:15:45.628217+00:00",
        "ttl_seconds": -1.0
      }
    },
    {
      "type": "Feature",
      "geometry": {
        "type": "Point",
        "coordinates": [
          4.919,
          5.619
        ]
      },
      "properties": {
        "obj_id": "chair_540",
        "class_name": "chair",
        "class_id": 56,
        "mobility": "static",
        "confidence": 0.751,
        "observation_count": 40,
        "best_score": 3.39,
        "first_seen": "2026-05-21T10:17:40.281165+00:00",
        "last_seen": "2026-05-21T10:17:41.881543+00:00",
        "ttl_seconds": -1.0
      }
    },
    {
      "type": "Feature",
      "geometry": {
        "type": "Point",
        "coordinates": [
          6.0354,
          5.9572
        ]
      },
      "properties": {
        "obj_id": "chair_564",
        "class_name": "chair",
        "class_id": 56,
        "mobility": "static",
        "confidence": 0.842,
        "observation_count": 346,
        "best_score": 22.676,
        "first_seen": "2026-05-21T10:44:25.462809+00:00",
        "last_seen": "2026-05-21T10:55:41.422825+00:00",
        "ttl_seconds": -1.0
      }
    },
    {
      "type": "Feature",
      "geometry": {
        "type": "Point",
        "coordinates": [
          6.5084,
          -2.0569
        ]
      },
      "properties": {
        "obj_id": "dining table_581",
        "class_name": "dining table",
        "class_id": 60,
        "mobility": "static",
        "confidence": 0.575,
        "observation_count": 4,
        "best_score": 32.401,
        "first_seen": "2026-05-21T10:55:28.831479+00:00",
        "last_seen": "2026-05-21T10:55:28.833460+00:00",
        "ttl_seconds": -1.0
      }
    },
    {
      "type": "Feature",
      "geometry": {
        "type": "Point",
        "coordinates": [
          5.7849,
          5.2015
        ]
      },
      "properties": {
        "obj_id": "chair_591",
        "class_name": "chair",
        "class_id": 56,
        "mobility": "static",
        "confidence": 0.532,
        "observation_count": 1,
        "best_score": 0.629,
        "first_seen": "2026-05-21T10:55:40.235165+00:00",
        "last_seen": "2026-05-21T10:55:40.235165+00:00",
        "ttl_seconds": -1.0
      }
    },
    {
      "type": "Feature",
      "geometry": {
        "type": "Point",
        "coordinates": [
          4.3755,
          -0.8234
        ]
      },
      "properties": {
        "obj_id": "backpack_608",
        "class_name": "backpack",
        "class_id": 24,
        "mobility": "static",
        "confidence": 0.542,
        "observation_count": 2,
        "best_score": 0.393,
        "first_seen": "2026-05-21T10:57:55.845004+00:00",
        "last_seen": "2026-05-21T10:57:55.847008+00:00",
        "ttl_seconds": -1.0
      }
    },
    {
      "type": "Feature",
      "geometry": {
        "type": "Point",
        "coordinates": [
          2.8537,
          0.3348
        ]
      },
      "properties": {
        "obj_id": "chair_659",
        "class_name": "chair",
        "class_id": 56,
        "mobility": "static",
        "confidence": 0.752,
        "observation_count": 5150,
        "best_score": 8.82,
        "first_seen": "2026-03-24T09:23:52.356481+00:00",
        "last_seen": "2026-07-03T09:54:52.554568+00:00",
        "ttl_seconds": -1.0
      }
    },
    {
      "type": "Feature",
      "geometry": {
        "type": "Point",
        "coordinates": [
          -0.8914,
          -1.2701
        ]
      },
      "properties": {
        "obj_id": "chair_664",
        "class_name": "chair",
        "class_id": 56,
        "mobility": "static",
        "confidence": 0.5,
        "observation_count": 1,
        "best_score": 0.286,
        "first_seen": "2026-03-24T09:26:35.849629+00:00",
        "last_seen": "2026-03-24T09:26:35.849629+00:00",
        "ttl_seconds": -1.0
      }
    },
    {
      "type": "Feature",
      "geometry": {
        "type": "Point",
        "coordinates": [
          2.0228,
          1.6874
        ]
      },
      "properties": {
        "obj_id": "chair_665",
        "class_name": "chair",
        "class_id": 56,
        "mobility": "static",
        "confidence": 0.872,
        "observation_count": 1824,
        "best_score": 8.642,
        "first_seen": "2026-03-24T09:26:36.659183+00:00",
        "last_seen": "2026-07-03T10:12:10.007681+00:00",
        "ttl_seconds": -1.0
      }
    },
    {
      "type": "Feature",
      "geometry": {
        "type": "Point",
        "coordinates": [
          0.0072,
          0.1516
        ]
      },
      "properties": {
        "obj_id": "chair_687",
        "class_name": "chair",
        "class_id": 56,
        "mobility": "static",
        "confidence": 0.642,
        "observation_count": 32,
        "best_score": 2.231,
        "first_seen": "2026-03-24T09:35:34.387237+00:00",
        "last_seen": "2026-07-02T12:02:39.598379+00:00",
        "ttl_seconds": -1.0
      }
    },
    {
      "type": "Feature",
      "geometry": {
        "type": "Point",
        "coordinates": [
          1.5449,
          1.5561
        ]
      },
      "properties": {
        "obj_id": "chair_696",
        "class_name": "chair",
        "class_id": 56,
        "mobility": "static",
        "confidence": 0.855,
        "observation_count": 1107,
        "best_score": 6.699,
        "first_seen": "2026-03-24T09:47:25.182971+00:00",
        "last_seen": "2026-07-03T10:12:44.417160+00:00",
        "ttl_seconds": -1.0
      }
    },
    {
      "type": "Feature",
      "geometry": {
        "type": "Point",
        "coordinates": [
          -0.0237,
          5.1692
        ]
      },
      "properties": {
        "obj_id": "tv_710",
        "class_name": "tv",
        "class_id": 62,
        "mobility": "static",
        "confidence": 0.552,
        "observation_count": 2,
        "best_score": 3.663,
        "first_seen": "2026-03-24T09:53:55.069539+00:00",
        "last_seen": "2026-03-24T09:53:55.070593+00:00",
        "ttl_seconds": -1.0
      }
    },
    {
      "type": "Feature",
      "geometry": {
        "type": "Point",
        "coordinates": [
          -0.0234,
          5.6893
        ]
      },
      "properties": {
        "obj_id": "tv_711",
        "class_name": "tv",
        "class_id": 62,
        "mobility": "static",
        "confidence": 0.647,
        "observation_count": 4,
        "best_score": 5.594,
        "first_seen": "2026-03-24T09:53:55.879486+00:00",
        "last_seen": "2026-03-24T09:53:55.880737+00:00",
        "ttl_seconds": -1.0
      }
    },
    {
      "type": "Feature",
      "geometry": {
        "type": "Point",
        "coordinates": [
          3.805,
          -0.7684
        ]
      },
      "properties": {
        "obj_id": "chair_723",
        "class_name": "chair",
        "class_id": 56,
        "mobility": "static",
        "confidence": 0.691,
        "observation_count": 70,
        "best_score": 5.84,
        "first_seen": "2026-03-24T09:55:36.486832+00:00",
        "last_seen": "2026-06-24T14:30:40.787178+00:00",
        "ttl_seconds": -1.0
      }
    },
    {
      "type": "Feature",
      "geometry": {
        "type": "Point",
        "coordinates": [
          1.9128,
          3.5852
        ]
      },
      "properties": {
        "obj_id": "chair_731",
        "class_name": "chair",
        "class_id": 56,
        "mobility": "static",
        "confidence": 0.723,
        "observation_count": 39,
        "best_score": 7.698,
        "first_seen": "2026-03-24T10:00:39.559071+00:00",
        "last_seen": "2026-06-26T09:17:44.234502+00:00",
        "ttl_seconds": -1.0
      }
    },
    {
      "type": "Feature",
      "geometry": {
        "type": "Point",
        "coordinates": [
          3.1538,
          -0.4722
        ]
      },
      "properties": {
        "obj_id": "chair_747",
        "class_name": "chair",
        "class_id": 56,
        "mobility": "static",
        "confidence": 0.642,
        "observation_count": 31,
        "best_score": 4.262,
        "first_seen": "2026-03-24T10:06:26.449962+00:00",
        "last_seen": "2026-06-26T08:57:25.735985+00:00",
        "ttl_seconds": -1.0
      }
    },
    {
      "type": "Feature",
      "geometry": {
        "type": "Point",
        "coordinates": [
          2.8476,
          1.0427
        ]
      },
      "properties": {
        "obj_id": "chair_777",
        "class_name": "chair",
        "class_id": 56,
        "mobility": "static",
        "confidence": 0.669,
        "observation_count": 92,
        "best_score": 11.98,
        "first_seen": "2026-03-24T10:18:13.911302+00:00",
        "last_seen": "2026-07-03T10:12:23.278392+00:00",
        "ttl_seconds": -1.0
      }
    },
    {
      "type": "Feature",
      "geometry": {
        "type": "Point",
        "coordinates": [
          2.2271,
          2.3527
        ]
      },
      "properties": {
        "obj_id": "chair_788",
        "class_name": "chair",
        "class_id": 56,
        "mobility": "static",
        "confidence": 0.604,
        "observation_count": 9,
        "best_score": 3.057,
        "first_seen": "2026-03-24T10:19:08.953418+00:00",
        "last_seen": "2026-03-24T10:21:31.942790+00:00",
        "ttl_seconds": -1.0
      }
    },
    {
      "type": "Feature",
      "geometry": {
        "type": "Point",
        "coordinates": [
          2.1869,
          4.8116
        ]
      },
      "properties": {
        "obj_id": "chair_797",
        "class_name": "chair",
        "class_id": 56,
        "mobility": "static",
        "confidence": 0.732,
        "observation_count": 182,
        "best_score": 7.693,
        "first_seen": "2026-03-24T10:19:25.790063+00:00",
        "last_seen": "2026-07-02T12:05:09.222024+00:00",
        "ttl_seconds": -1.0
      }
    },
    {
      "type": "Feature",
      "geometry": {
        "type": "Point",
        "coordinates": [
          1.8393,
          0.2588
        ]
      },
      "properties": {
        "obj_id": "tv_798",
        "class_name": "tv",
        "class_id": 62,
        "mobility": "static",
        "confidence": 0.557,
        "observation_count": 6,
        "best_score": 0.83,
        "first_seen": "2026-03-24T10:19:27.790031+00:00",
        "last_seen": "2026-03-24T10:19:28.197496+00:00",
        "ttl_seconds": -1.0
      }
    },
    {
      "type": "Feature",
      "geometry": {
        "type": "Point",
        "coordinates": [
          1.2774,
          -1.0378
        ]
      },
      "properties": {
        "obj_id": "suitcase_825",
        "class_name": "suitcase",
        "class_id": 28,
        "mobility": "static",
        "confidence": 0.539,
        "observation_count": 5,
        "best_score": 1.941,
        "first_seen": "2026-03-24T10:23:37.381431+00:00",
        "last_seen": "2026-03-24T10:33:36.735358+00:00",
        "ttl_seconds": -1.0
      }
    },
    {
      "type": "Feature",
      "geometry": {
        "type": "Point",
        "coordinates": [
          1.3679,
          -0.4654
        ]
      },
      "properties": {
        "obj_id": "suitcase_826",
        "class_name": "suitcase",
        "class_id": 28,
        "mobility": "static",
        "confidence": 0.542,
        "observation_count": 5,
        "best_score": 2.109,
        "first_seen": "2026-03-24T10:23:38.548875+00:00",
        "last_seen": "2026-03-24T10:24:03.888346+00:00",
        "ttl_seconds": -1.0
      }
    },
    {
      "type": "Feature",
      "geometry": {
        "type": "Point",
        "coordinates": [
          1.5439,
          1.0961
        ]
      },
      "properties": {
        "obj_id": "suitcase_850",
        "class_name": "suitcase",
        "class_id": 28,
        "mobility": "static",
        "confidence": 0.579,
        "observation_count": 2,
        "best_score": 3.412,
        "first_seen": "2026-03-24T10:33:42.377700+00:00",
        "last_seen": "2026-03-24T10:33:42.378750+00:00",
        "ttl_seconds": -1.0
      }
    },
    {
      "type": "Feature",
      "geometry": {
        "type": "Point",
        "coordinates": [
          0.8457,
          -0.8494
        ]
      },
      "properties": {
        "obj_id": "bench_856",
        "class_name": "bench",
        "class_id": 13,
        "mobility": "static",
        "confidence": 0.733,
        "observation_count": 584,
        "best_score": 2.667,
        "first_seen": "2026-03-24T10:33:56.854001+00:00",
        "last_seen": "2026-03-24T10:39:59.125536+00:00",
        "ttl_seconds": -1.0
      }
    },
    {
      "type": "Feature",
      "geometry": {
        "type": "Point",
        "coordinates": [
          2.4552,
          4.2191
        ]
      },
      "properties": {
        "obj_id": "refrigerator_861",
        "class_name": "refrigerator",
        "class_id": 72,
        "mobility": "static",
        "confidence": 0.685,
        "observation_count": 6,
        "best_score": 61.912,
        "first_seen": "2026-06-02T08:08:46.175471+00:00",
        "last_seen": "2026-06-02T08:08:46.176625+00:00",
        "ttl_seconds": -1.0
      }
    },
    {
      "type": "Feature",
      "geometry": {
        "type": "Point",
        "coordinates": [
          8.0831,
          6.8067
        ]
      },
      "properties": {
        "obj_id": "potted plant_864",
        "class_name": "potted plant",
        "class_id": 58,
        "mobility": "static",
        "confidence": 0.882,
        "observation_count": 96,
        "best_score": 6.797,
        "first_seen": "2026-06-02T08:15:24.815713+00:00",
        "last_seen": "2026-06-22T15:17:04.467517+00:00",
        "ttl_seconds": -1.0
      }
    },
    {
      "type": "Feature",
      "geometry": {
        "type": "Point",
        "coordinates": [
          3.2573,
          11.8051
        ]
      },
      "properties": {
        "obj_id": "chair_869",
        "class_name": "chair",
        "class_id": 56,
        "mobility": "static",
        "confidence": 0.545,
        "observation_count": 3,
        "best_score": 0.776,
        "first_seen": "2026-06-02T08:17:27.047095+00:00",
        "last_seen": "2026-06-02T08:17:27.049131+00:00",
        "ttl_seconds": -1.0
      }
    },
    {
      "type": "Feature",
      "geometry": {
        "type": "Point",
        "coordinates": [
          1.4144,
          9.0653
        ]
      },
      "properties": {
        "obj_id": "suitcase_870",
        "class_name": "suitcase",
        "class_id": 28,
        "mobility": "static",
        "confidence": 0.578,
        "observation_count": 3,
        "best_score": 1.346,
        "first_seen": "2026-06-02T08:17:27.391047+00:00",
        "last_seen": "2026-06-02T08:17:27.395538+00:00",
        "ttl_seconds": -1.0
      }
    },
    {
      "type": "Feature",
      "geometry": {
        "type": "Point",
        "coordinates": [
          2.5386,
          10.051
        ]
      },
      "properties": {
        "obj_id": "chair_871",
        "class_name": "chair",
        "class_id": 56,
        "mobility": "static",
        "confidence": 0.591,
        "observation_count": 6,
        "best_score": 1.021,
        "first_seen": "2026-06-02T08:17:28.584915+00:00",
        "last_seen": "2026-06-02T08:17:28.586559+00:00",
        "ttl_seconds": -1.0
      }
    },
    {
      "type": "Feature",
      "geometry": {
        "type": "Point",
        "coordinates": [
          2.4328,
          9.1751
        ]
      },
      "properties": {
        "obj_id": "chair_872",
        "class_name": "chair",
        "class_id": 56,
        "mobility": "static",
        "confidence": 0.714,
        "observation_count": 15,
        "best_score": 2.025,
        "first_seen": "2026-06-02T08:17:28.920588+00:00",
        "last_seen": "2026-06-02T08:17:33.320179+00:00",
        "ttl_seconds": -1.0
      }
    },
    {
      "type": "Feature",
      "geometry": {
        "type": "Point",
        "coordinates": [
          1.1329,
          8.0488
        ]
      },
      "properties": {
        "obj_id": "chair_873",
        "class_name": "chair",
        "class_id": 56,
        "mobility": "static",
        "confidence": 0.656,
        "observation_count": 6,
        "best_score": 1.551,
        "first_seen": "2026-06-02T08:17:28.921628+00:00",
        "last_seen": "2026-06-02T08:17:28.923036+00:00",
        "ttl_seconds": -1.0
      }
    },
    {
      "type": "Feature",
      "geometry": {
        "type": "Point",
        "coordinates": [
          1.4003,
          7.5372
        ]
      },
      "properties": {
        "obj_id": "chair_874",
        "class_name": "chair",
        "class_id": 56,
        "mobility": "static",
        "confidence": 0.724,
        "observation_count": 9,
        "best_score": 2.059,
        "first_seen": "2026-06-02T08:17:29.323190+00:00",
        "last_seen": "2026-06-02T08:17:29.328159+00:00",
        "ttl_seconds": -1.0
      }
    },
    {
      "type": "Feature",
      "geometry": {
        "type": "Point",
        "coordinates": [
          2.7235,
          7.6714
        ]
      },
      "properties": {
        "obj_id": "chair_876",
        "class_name": "chair",
        "class_id": 56,
        "mobility": "static",
        "confidence": 0.531,
        "observation_count": 1,
        "best_score": 2.598,
        "first_seen": "2026-06-02T08:17:29.327201+00:00",
        "last_seen": "2026-06-02T08:17:29.327201+00:00",
        "ttl_seconds": -1.0
      }
    },
    {
      "type": "Feature",
      "geometry": {
        "type": "Point",
        "coordinates": [
          3.3525,
          7.6128
        ]
      },
      "properties": {
        "obj_id": "chair_877",
        "class_name": "chair",
        "class_id": 56,
        "mobility": "static",
        "confidence": 0.773,
        "observation_count": 10,
        "best_score": 2.598,
        "first_seen": "2026-06-02T08:17:30.159478+00:00",
        "last_seen": "2026-06-02T08:17:30.164985+00:00",
        "ttl_seconds": -1.0
      }
    },
    {
      "type": "Feature",
      "geometry": {
        "type": "Point",
        "coordinates": [
          3.9467,
          9.974
        ]
      },
      "properties": {
        "obj_id": "laptop_878",
        "class_name": "laptop",
        "class_id": 63,
        "mobility": "static",
        "confidence": 0.563,
        "observation_count": 2,
        "best_score": 1.585,
        "first_seen": "2026-06-02T08:17:31.311723+00:00",
        "last_seen": "2026-06-02T08:17:31.312646+00:00",
        "ttl_seconds": -1.0
      }
    },
    {
      "type": "Feature",
      "geometry": {
        "type": "Point",
        "coordinates": [
          1.8376,
          9.8345
        ]
      },
      "properties": {
        "obj_id": "chair_879",
        "class_name": "chair",
        "class_id": 56,
        "mobility": "static",
        "confidence": 0.788,
        "observation_count": 8,
        "best_score": 1.891,
        "first_seen": "2026-06-02T08:17:32.532974+00:00",
        "last_seen": "2026-06-02T08:17:32.536608+00:00",
        "ttl_seconds": -1.0
      }
    },
    {
      "type": "Feature",
      "geometry": {
        "type": "Point",
        "coordinates": [
          2.0174,
          8.8502
        ]
      },
      "properties": {
        "obj_id": "chair_882",
        "class_name": "chair",
        "class_id": 56,
        "mobility": "static",
        "confidence": 0.733,
        "observation_count": 8,
        "best_score": 1.832,
        "first_seen": "2026-06-02T08:17:33.738826+00:00",
        "last_seen": "2026-06-02T08:17:33.740667+00:00",
        "ttl_seconds": -1.0
      }
    },
    {
      "type": "Feature",
      "geometry": {
        "type": "Point",
        "coordinates": [
          1.8913,
          7.8594
        ]
      },
      "properties": {
        "obj_id": "suitcase_890",
        "class_name": "suitcase",
        "class_id": 28,
        "mobility": "static",
        "confidence": 0.65,
        "observation_count": 4,
        "best_score": 15.485,
        "first_seen": "2026-06-03T13:48:37.971639+00:00",
        "last_seen": "2026-06-03T13:48:37.972886+00:00",
        "ttl_seconds": -1.0
      }
    },
    {
      "type": "Feature",
      "geometry": {
        "type": "Point",
        "coordinates": [
          2.2121,
          8.4877
        ]
      },
      "properties": {
        "obj_id": "bed_895",
        "class_name": "bed",
        "class_id": 59,
        "mobility": "static",
        "confidence": 0.665,
        "observation_count": 130,
        "best_score": 9.779,
        "first_seen": "2026-06-03T13:51:48.870286+00:00",
        "last_seen": "2026-06-03T13:52:03.903670+00:00",
        "ttl_seconds": -1.0
      }
    },
    {
      "type": "Feature",
      "geometry": {
        "type": "Point",
        "coordinates": [
          1.9529,
          8.0493
        ]
      },
      "properties": {
        "obj_id": "refrigerator_916",
        "class_name": "refrigerator",
        "class_id": 72,
        "mobility": "static",
        "confidence": 0.581,
        "observation_count": 20,
        "best_score": 43.308,
        "first_seen": "2026-06-03T14:25:47.958073+00:00",
        "last_seen": "2026-06-03T14:28:48.759516+00:00",
        "ttl_seconds": -1.0
      }
    },
    {
      "type": "Feature",
      "geometry": {
        "type": "Point",
        "coordinates": [
          -0.5598,
          11.6721
        ]
      },
      "properties": {
        "obj_id": "toilet_944",
        "class_name": "toilet",
        "class_id": 61,
        "mobility": "static",
        "confidence": 0.546,
        "observation_count": 8,
        "best_score": 0.673,
        "first_seen": "2026-06-03T14:55:35.069971+00:00",
        "last_seen": "2026-06-03T14:55:39.471859+00:00",
        "ttl_seconds": -1.0
      }
    },
    {
      "type": "Feature",
      "geometry": {
        "type": "Point",
        "coordinates": [
          1.7734,
          2.4064
        ]
      },
      "properties": {
        "obj_id": "chair_946",
        "class_name": "chair",
        "class_id": 56,
        "mobility": "static",
        "confidence": 0.646,
        "observation_count": 35,
        "best_score": 3.941,
        "first_seen": "2026-06-04T11:27:30.652926+00:00",
        "last_seen": "2026-06-04T11:30:29.153564+00:00",
        "ttl_seconds": -1.0
      }
    },
    {
      "type": "Feature",
      "geometry": {
        "type": "Point",
        "coordinates": [
          1.8523,
          2.775
        ]
      },
      "properties": {
        "obj_id": "chair_947",
        "class_name": "chair",
        "class_id": 56,
        "mobility": "static",
        "confidence": 0.65,
        "observation_count": 470,
        "best_score": 4.573,
        "first_seen": "2026-06-04T11:27:32.259164+00:00",
        "last_seen": "2026-06-04T11:30:28.387820+00:00",
        "ttl_seconds": -1.0
      }
    },
    {
      "type": "Feature",
      "geometry": {
        "type": "Point",
        "coordinates": [
          2.2096,
          3.1641
        ]
      },
      "properties": {
        "obj_id": "suitcase_949",
        "class_name": "suitcase",
        "class_id": 28,
        "mobility": "static",
        "confidence": 0.958,
        "observation_count": 128,
        "best_score": 95.923,
        "first_seen": "2026-06-04T11:30:35.039071+00:00",
        "last_seen": "2026-06-04T11:39:14.252875+00:00",
        "ttl_seconds": -1.0
      }
    },
    {
      "type": "Feature",
      "geometry": {
        "type": "Point",
        "coordinates": [
          1.927,
          3.7644
        ]
      },
      "properties": {
        "obj_id": "suitcase_962",
        "class_name": "suitcase",
        "class_id": 28,
        "mobility": "static",
        "confidence": 0.537,
        "observation_count": 6,
        "best_score": 6.787,
        "first_seen": "2026-06-04T11:33:54.901946+00:00",
        "last_seen": "2026-06-04T11:33:54.903772+00:00",
        "ttl_seconds": -1.0
      }
    },
    {
      "type": "Feature",
      "geometry": {
        "type": "Point",
        "coordinates": [
          1.5246,
          2.4078
        ]
      },
      "properties": {
        "obj_id": "suitcase_970",
        "class_name": "suitcase",
        "class_id": 28,
        "mobility": "static",
        "confidence": 0.516,
        "observation_count": 4,
        "best_score": 2.615,
        "first_seen": "2026-06-04T11:34:07.731332+00:00",
        "last_seen": "2026-06-04T11:36:21.498948+00:00",
        "ttl_seconds": -1.0
      }
    },
    {
      "type": "Feature",
      "geometry": {
        "type": "Point",
        "coordinates": [
          3.8493,
          -0.234
        ]
      },
      "properties": {
        "obj_id": "suitcase_985",
        "class_name": "suitcase",
        "class_id": 28,
        "mobility": "static",
        "confidence": 0.521,
        "observation_count": 2,
        "best_score": 2.184,
        "first_seen": "2026-06-04T11:39:49.678677+00:00",
        "last_seen": "2026-06-04T11:39:49.679608+00:00",
        "ttl_seconds": -1.0
      }
    },
    {
      "type": "Feature",
      "geometry": {
        "type": "Point",
        "coordinates": [
          2.417,
          2.4602
        ]
      },
      "properties": {
        "obj_id": "suitcase_986",
        "class_name": "suitcase",
        "class_id": 28,
        "mobility": "static",
        "confidence": 0.642,
        "observation_count": 21,
        "best_score": 11.052,
        "first_seen": "2026-06-04T11:39:51.174263+00:00",
        "last_seen": "2026-06-04T11:40:07.275732+00:00",
        "ttl_seconds": -1.0
      }
    },
    {
      "type": "Feature",
      "geometry": {
        "type": "Point",
        "coordinates": [
          2.5676,
          1.4226
        ]
      },
      "properties": {
        "obj_id": "suitcase_987",
        "class_name": "suitcase",
        "class_id": 28,
        "mobility": "static",
        "confidence": 0.523,
        "observation_count": 5,
        "best_score": 2.106,
        "first_seen": "2026-06-04T11:40:03.473300+00:00",
        "last_seen": "2026-06-04T11:40:15.811315+00:00",
        "ttl_seconds": -1.0
      }
    },
    {
      "type": "Feature",
      "geometry": {
        "type": "Point",
        "coordinates": [
          0.9899,
          3.3512
        ]
      },
      "properties": {
        "obj_id": "suitcase_988",
        "class_name": "suitcase",
        "class_id": 28,
        "mobility": "static",
        "confidence": 0.548,
        "observation_count": 5,
        "best_score": 1.925,
        "first_seen": "2026-06-04T11:40:20.019327+00:00",
        "last_seen": "2026-06-04T11:40:20.377435+00:00",
        "ttl_seconds": -1.0
      }
    },
    {
      "type": "Feature",
      "geometry": {
        "type": "Point",
        "coordinates": [
          0.053,
          1.7373
        ]
      },
      "properties": {
        "obj_id": "suitcase_996",
        "class_name": "suitcase",
        "class_id": 28,
        "mobility": "static",
        "confidence": 0.635,
        "observation_count": 120,
        "best_score": 2.34,
        "first_seen": "2026-06-04T11:40:30.080467+00:00",
        "last_seen": "2026-06-04T11:40:39.517708+00:00",
        "ttl_seconds": -1.0
      }
    },
    {
      "type": "Feature",
      "geometry": {
        "type": "Point",
        "coordinates": [
          0.1398,
          4.4453
        ]
      },
      "properties": {
        "obj_id": "suitcase_1027",
        "class_name": "suitcase",
        "class_id": 28,
        "mobility": "static",
        "confidence": 0.555,
        "observation_count": 10,
        "best_score": 3.227,
        "first_seen": "2026-06-04T11:58:20.961752+00:00",
        "last_seen": "2026-06-04T12:02:21.761616+00:00",
        "ttl_seconds": -1.0
      }
    },
    {
      "type": "Feature",
      "geometry": {
        "type": "Point",
        "coordinates": [
          0.4132,
          1.0885
        ]
      },
      "properties": {
        "obj_id": "backpack_1076",
        "class_name": "backpack",
        "class_id": 24,
        "mobility": "static",
        "confidence": 0.566,
        "observation_count": 2,
        "best_score": 0.442,
        "first_seen": "2026-06-04T12:12:19.322707+00:00",
        "last_seen": "2026-06-04T12:12:19.324168+00:00",
        "ttl_seconds": -1.0
      }
    },
    {
      "type": "Feature",
      "geometry": {
        "type": "Point",
        "coordinates": [
          0.5795,
          3.6428
        ]
      },
      "properties": {
        "obj_id": "chair_1101",
        "class_name": "chair",
        "class_id": 56,
        "mobility": "static",
        "confidence": 0.695,
        "observation_count": 18,
        "best_score": 9.354,
        "first_seen": "2026-06-04T12:28:52.948263+00:00",
        "last_seen": "2026-06-26T12:08:56.703039+00:00",
        "ttl_seconds": -1.0
      }
    },
    {
      "type": "Feature",
      "geometry": {
        "type": "Point",
        "coordinates": [
          -2.5102,
          7.8298
        ]
      },
      "properties": {
        "obj_id": "chair_1102",
        "class_name": "chair",
        "class_id": 56,
        "mobility": "static",
        "confidence": 0.79,
        "observation_count": 49,
        "best_score": 4.472,
        "first_seen": "2026-06-04T12:29:04.243574+00:00",
        "last_seen": "2026-06-04T12:29:06.249677+00:00",
        "ttl_seconds": -1.0
      }
    },
    {
      "type": "Feature",
      "geometry": {
        "type": "Point",
        "coordinates": [
          -2.7394,
          7.1402
        ]
      },
      "properties": {
        "obj_id": "chair_1104",
        "class_name": "chair",
        "class_id": 56,
        "mobility": "static",
        "confidence": 0.787,
        "observation_count": 9,
        "best_score": 4.214,
        "first_seen": "2026-06-04T12:29:06.641415+00:00",
        "last_seen": "2026-06-04T12:29:06.643248+00:00",
        "ttl_seconds": -1.0
      }
    },
    {
      "type": "Feature",
      "geometry": {
        "type": "Point",
        "coordinates": [
          -2.3113,
          5.8866
        ]
      },
      "properties": {
        "obj_id": "chair_1105",
        "class_name": "chair",
        "class_id": 56,
        "mobility": "static",
        "confidence": 0.812,
        "observation_count": 3060,
        "best_score": 4.764,
        "first_seen": "2026-06-04T12:29:07.043560+00:00",
        "last_seen": "2026-03-24T09:29:21.284249+00:00",
        "ttl_seconds": -1.0
      }
    },
    {
      "type": "Feature",
      "geometry": {
        "type": "Point",
        "coordinates": [
          2.2649,
          4.2028
        ]
      },
      "properties": {
        "obj_id": "sink_1107",
        "class_name": "sink",
        "class_id": 71,
        "mobility": "static",
        "confidence": 0.656,
        "observation_count": 15565,
        "best_score": 56.728,
        "first_seen": "2026-06-11T09:36:05.036389+00:00",
        "last_seen": "2026-06-11T10:24:52.018577+00:00",
        "ttl_seconds": -1.0
      }
    },
    {
      "type": "Feature",
      "geometry": {
        "type": "Point",
        "coordinates": [
          8.8567,
          7.1696
        ]
      },
      "properties": {
        "obj_id": "potted plant_1109",
        "class_name": "potted plant",
        "class_id": 58,
        "mobility": "static",
        "confidence": 0.713,
        "observation_count": 2,
        "best_score": 1.309,
        "first_seen": "2026-06-22T15:17:04.866149+00:00",
        "last_seen": "2026-06-22T15:17:04.868053+00:00",
        "ttl_seconds": -1.0
      }
    },
    {
      "type": "Feature",
      "geometry": {
        "type": "Point",
        "coordinates": [
          8.2385,
          2.1651
        ]
      },
      "properties": {
        "obj_id": "chair_1110",
        "class_name": "chair",
        "class_id": 56,
        "mobility": "static",
        "confidence": 0.859,
        "observation_count": 52,
        "best_score": 3.405,
        "first_seen": "2026-06-24T13:44:37.061104+00:00",
        "last_seen": "2026-07-02T12:04:19.561086+00:00",
        "ttl_seconds": -1.0
      }
    },
    {
      "type": "Feature",
      "geometry": {
        "type": "Point",
        "coordinates": [
          6.0702,
          1.9319
        ]
      },
      "properties": {
        "obj_id": "chair_1111",
        "class_name": "chair",
        "class_id": 56,
        "mobility": "static",
        "confidence": 0.798,
        "observation_count": 4025,
        "best_score": 15.942,
        "first_seen": "2026-06-24T13:55:58.187385+00:00",
        "last_seen": "2026-07-03T09:28:54.146078+00:00",
        "ttl_seconds": -1.0
      }
    },
    {
      "type": "Feature",
      "geometry": {
        "type": "Point",
        "coordinates": [
          9.3868,
          1.1814
        ]
      },
      "properties": {
        "obj_id": "tv_1112",
        "class_name": "tv",
        "class_id": 62,
        "mobility": "static",
        "confidence": 0.539,
        "observation_count": 3,
        "best_score": 15.373,
        "first_seen": "2026-06-24T13:59:46.508260+00:00",
        "last_seen": "2026-06-24T13:59:46.509377+00:00",
        "ttl_seconds": -1.0
      }
    },
    {
      "type": "Feature",
      "geometry": {
        "type": "Point",
        "coordinates": [
          2.6998,
          1.4386
        ]
      },
      "properties": {
        "obj_id": "chair_1114",
        "class_name": "chair",
        "class_id": 56,
        "mobility": "static",
        "confidence": 0.86,
        "observation_count": 519,
        "best_score": 11.448,
        "first_seen": "2026-06-24T14:00:51.680650+00:00",
        "last_seen": "2026-07-03T10:12:44.082901+00:00",
        "ttl_seconds": -1.0
      }
    },
    {
      "type": "Feature",
      "geometry": {
        "type": "Point",
        "coordinates": [
          -0.1782,
          0.4175
        ]
      },
      "properties": {
        "obj_id": "chair_1115",
        "class_name": "chair",
        "class_id": 56,
        "mobility": "static",
        "confidence": 0.874,
        "observation_count": 5676,
        "best_score": 3.652,
        "first_seen": "2026-06-24T14:00:52.024495+00:00",
        "last_seen": "2026-07-02T15:02:13.156752+00:00",
        "ttl_seconds": -1.0
      }
    },
    {
      "type": "Feature",
      "geometry": {
        "type": "Point",
        "coordinates": [
          0.7759,
          1.4646
        ]
      },
      "properties": {
        "obj_id": "chair_1116",
        "class_name": "chair",
        "class_id": 56,
        "mobility": "static",
        "confidence": 0.854,
        "observation_count": 188,
        "best_score": 3.656,
        "first_seen": "2026-06-24T14:00:52.026731+00:00",
        "last_seen": "2026-07-03T10:12:57.040014+00:00",
        "ttl_seconds": -1.0
      }
    },
    {
      "type": "Feature",
      "geometry": {
        "type": "Point",
        "coordinates": [
          3.644,
          3.6891
        ]
      },
      "properties": {
        "obj_id": "chair_1121",
        "class_name": "chair",
        "class_id": 56,
        "mobility": "static",
        "confidence": 0.824,
        "observation_count": 53,
        "best_score": 2.203,
        "first_seen": "2026-06-24T14:04:37.280293+00:00",
        "last_seen": "2026-07-02T12:05:43.729428+00:00",
        "ttl_seconds": -1.0
      }
    },
    {
      "type": "Feature",
      "geometry": {
        "type": "Point",
        "coordinates": [
          4.3345,
          1.91
        ]
      },
      "properties": {
        "obj_id": "chair_1122",
        "class_name": "chair",
        "class_id": 56,
        "mobility": "static",
        "confidence": 0.717,
        "observation_count": 88,
        "best_score": 13.003,
        "first_seen": "2026-06-24T14:04:43.157999+00:00",
        "last_seen": "2026-07-02T11:55:38.530139+00:00",
        "ttl_seconds": -1.0
      }
    },
    {
      "type": "Feature",
      "geometry": {
        "type": "Point",
        "coordinates": [
          5.9794,
          1.8705
        ]
      },
      "properties": {
        "obj_id": "chair_1124",
        "class_name": "chair",
        "class_id": 56,
        "mobility": "static",
        "confidence": 0.678,
        "observation_count": 383,
        "best_score": 6.088,
        "first_seen": "2026-06-24T14:04:45.443644+00:00",
        "last_seen": "2026-07-03T09:14:11.674173+00:00",
        "ttl_seconds": -1.0
      }
    },
    {
      "type": "Feature",
      "geometry": {
        "type": "Point",
        "coordinates": [
          1.926,
          0.8074
        ]
      },
      "properties": {
        "obj_id": "chair_1127",
        "class_name": "chair",
        "class_id": 56,
        "mobility": "static",
        "confidence": 0.744,
        "observation_count": 400,
        "best_score": 5.962,
        "first_seen": "2026-06-24T14:08:29.718943+00:00",
        "last_seen": "2026-07-03T10:07:21.465327+00:00",
        "ttl_seconds": -1.0
      }
    },
    {
      "type": "Feature",
      "geometry": {
        "type": "Point",
        "coordinates": [
          0.3709,
          0.4819
        ]
      },
      "properties": {
        "obj_id": "chair_1128",
        "class_name": "chair",
        "class_id": 56,
        "mobility": "static",
        "confidence": 0.854,
        "observation_count": 409,
        "best_score": 4.027,
        "first_seen": "2026-06-24T14:08:30.464539+00:00",
        "last_seen": "2026-07-02T15:01:57.226245+00:00",
        "ttl_seconds": -1.0
      }
    },
    {
      "type": "Feature",
      "geometry": {
        "type": "Point",
        "coordinates": [
          1.6728,
          0.2106
        ]
      },
      "properties": {
        "obj_id": "chair_1129",
        "class_name": "chair",
        "class_id": 56,
        "mobility": "static",
        "confidence": 0.843,
        "observation_count": 37,
        "best_score": 6.567,
        "first_seen": "2026-06-24T14:08:45.976711+00:00",
        "last_seen": "2026-06-30T14:10:12.622145+00:00",
        "ttl_seconds": -1.0
      }
    },
    {
      "type": "Feature",
      "geometry": {
        "type": "Point",
        "coordinates": [
          1.0538,
          0.8423
        ]
      },
      "properties": {
        "obj_id": "chair_1130",
        "class_name": "chair",
        "class_id": 56,
        "mobility": "static",
        "confidence": 0.711,
        "observation_count": 1292,
        "best_score": 4.469,
        "first_seen": "2026-06-24T14:08:45.977925+00:00",
        "last_seen": "2026-07-03T10:12:29.356975+00:00",
        "ttl_seconds": -1.0
      }
    },
    {
      "type": "Feature",
      "geometry": {
        "type": "Point",
        "coordinates": [
          9.0156,
          1.8652
        ]
      },
      "properties": {
        "obj_id": "chair_1131",
        "class_name": "chair",
        "class_id": 56,
        "mobility": "static",
        "confidence": 0.666,
        "observation_count": 53,
        "best_score": 2.056,
        "first_seen": "2026-06-24T14:15:49.802747+00:00",
        "last_seen": "2026-07-02T11:28:12.732784+00:00",
        "ttl_seconds": -1.0
      }
    },
    {
      "type": "Feature",
      "geometry": {
        "type": "Point",
        "coordinates": [
          6.3178,
          1.0602
        ]
      },
      "properties": {
        "obj_id": "chair_1132",
        "class_name": "chair",
        "class_id": 56,
        "mobility": "static",
        "confidence": 0.574,
        "observation_count": 7,
        "best_score": 3.915,
        "first_seen": "2026-06-24T14:15:50.597251+00:00",
        "last_seen": "2026-06-24T14:15:51.337849+00:00",
        "ttl_seconds": -1.0
      }
    },
    {
      "type": "Feature",
      "geometry": {
        "type": "Point",
        "coordinates": [
          8.6254,
          1.9773
        ]
      },
      "properties": {
        "obj_id": "chair_1133",
        "class_name": "chair",
        "class_id": 56,
        "mobility": "static",
        "confidence": 0.865,
        "observation_count": 375,
        "best_score": 30.898,
        "first_seen": "2026-06-24T14:15:51.336260+00:00",
        "last_seen": "2026-07-02T12:01:43.326264+00:00",
        "ttl_seconds": -1.0
      }
    },
    {
      "type": "Feature",
      "geometry": {
        "type": "Point",
        "coordinates": [
          3.7567,
          0.9763
        ]
      },
      "properties": {
        "obj_id": "bed_1134",
        "class_name": "bed",
        "class_id": 59,
        "mobility": "static",
        "confidence": 0.62,
        "observation_count": 5,
        "best_score": 90.434,
        "first_seen": "2026-06-24T14:16:23.504793+00:00",
        "last_seen": "2026-06-24T14:16:23.506466+00:00",
        "ttl_seconds": -1.0
      }
    },
    {
      "type": "Feature",
      "geometry": {
        "type": "Point",
        "coordinates": [
          8.7688,
          -2.9548
        ]
      },
      "properties": {
        "obj_id": "chair_1136",
        "class_name": "chair",
        "class_id": 56,
        "mobility": "static",
        "confidence": 0.817,
        "observation_count": 128,
        "best_score": 1.817,
        "first_seen": "2026-06-24T14:16:27.259660+00:00",
        "last_seen": "2026-06-30T14:25:26.053740+00:00",
        "ttl_seconds": -1.0
      }
    },
    {
      "type": "Feature",
      "geometry": {
        "type": "Point",
        "coordinates": [
          6.9453,
          -1.6889
        ]
      },
      "properties": {
        "obj_id": "chair_1137",
        "class_name": "chair",
        "class_id": 56,
        "mobility": "static",
        "confidence": 0.758,
        "observation_count": 129,
        "best_score": 3.174,
        "first_seen": "2026-06-24T14:16:28.074013+00:00",
        "last_seen": "2026-06-30T13:24:07.751661+00:00",
        "ttl_seconds": -1.0
      }
    },
    {
      "type": "Feature",
      "geometry": {
        "type": "Point",
        "coordinates": [
          6.6623,
          -0.5399
        ]
      },
      "properties": {
        "obj_id": "chair_1138",
        "class_name": "chair",
        "class_id": 56,
        "mobility": "static",
        "confidence": 0.768,
        "observation_count": 137,
        "best_score": 6.785,
        "first_seen": "2026-06-24T14:16:32.177066+00:00",
        "last_seen": "2026-07-03T09:13:40.075248+00:00",
        "ttl_seconds": -1.0
      }
    },
    {
      "type": "Feature",
      "geometry": {
        "type": "Point",
        "coordinates": [
          6.2396,
          -0.4554
        ]
      },
      "properties": {
        "obj_id": "chair_1139",
        "class_name": "chair",
        "class_id": 56,
        "mobility": "static",
        "confidence": 0.665,
        "observation_count": 49,
        "best_score": 4.322,
        "first_seen": "2026-06-24T14:16:34.439672+00:00",
        "last_seen": "2026-06-26T09:20:46.554806+00:00",
        "ttl_seconds": -1.0
      }
    },
    {
      "type": "Feature",
      "geometry": {
        "type": "Point",
        "coordinates": [
          7.6522,
          -2.509
        ]
      },
      "properties": {
        "obj_id": "chair_1140",
        "class_name": "chair",
        "class_id": 56,
        "mobility": "static",
        "confidence": 0.616,
        "observation_count": 21,
        "best_score": 2.631,
        "first_seen": "2026-06-24T14:16:38.439704+00:00",
        "last_seen": "2026-06-30T12:59:43.736500+00:00",
        "ttl_seconds": -1.0
      }
    },
    {
      "type": "Feature",
      "geometry": {
        "type": "Point",
        "coordinates": [
          9.5154,
          3.0726
        ]
      },
      "properties": {
        "obj_id": "chair_1145",
        "class_name": "chair",
        "class_id": 56,
        "mobility": "static",
        "confidence": 0.789,
        "observation_count": 854,
        "best_score": 4.972,
        "first_seen": "2026-06-24T14:18:16.528353+00:00",
        "last_seen": "2026-07-03T09:42:34.892813+00:00",
        "ttl_seconds": -1.0
      }
    },
    {
      "type": "Feature",
      "geometry": {
        "type": "Point",
        "coordinates": [
          8.9257,
          2.8858
        ]
      },
      "properties": {
        "obj_id": "chair_1148",
        "class_name": "chair",
        "class_id": 56,
        "mobility": "static",
        "confidence": 0.877,
        "observation_count": 322,
        "best_score": 4.069,
        "first_seen": "2026-06-24T14:20:31.376975+00:00",
        "last_seen": "2026-07-03T09:50:00.743539+00:00",
        "ttl_seconds": -1.0
      }
    },
    {
      "type": "Feature",
      "geometry": {
        "type": "Point",
        "coordinates": [
          9.567,
          2.6815
        ]
      },
      "properties": {
        "obj_id": "chair_1151",
        "class_name": "chair",
        "class_id": 56,
        "mobility": "static",
        "confidence": 0.875,
        "observation_count": 848,
        "best_score": 4.336,
        "first_seen": "2026-06-24T14:22:14.274724+00:00",
        "last_seen": "2026-07-03T09:17:31.644466+00:00",
        "ttl_seconds": -1.0
      }
    },
    {
      "type": "Feature",
      "geometry": {
        "type": "Point",
        "coordinates": [
          8.3218,
          2.6062
        ]
      },
      "properties": {
        "obj_id": "chair_1154",
        "class_name": "chair",
        "class_id": 56,
        "mobility": "static",
        "confidence": 0.79,
        "observation_count": 197,
        "best_score": 3.975,
        "first_seen": "2026-06-24T14:28:23.279399+00:00",
        "last_seen": "2026-07-03T09:46:55.228281+00:00",
        "ttl_seconds": -1.0
      }
    },
    {
      "type": "Feature",
      "geometry": {
        "type": "Point",
        "coordinates": [
          9.0117,
          -3.7892
        ]
      },
      "properties": {
        "obj_id": "chair_1157",
        "class_name": "chair",
        "class_id": 56,
        "mobility": "static",
        "confidence": 0.709,
        "observation_count": 56,
        "best_score": 1.381,
        "first_seen": "2026-06-24T14:30:22.502259+00:00",
        "last_seen": "2026-06-30T12:59:40.987917+00:00",
        "ttl_seconds": -1.0
      }
    },
    {
      "type": "Feature",
      "geometry": {
        "type": "Point",
        "coordinates": [
          4.4284,
          -5.1798
        ]
      },
      "properties": {
        "obj_id": "chair_1159",
        "class_name": "chair",
        "class_id": 56,
        "mobility": "static",
        "confidence": 0.639,
        "observation_count": 220,
        "best_score": 1.476,
        "first_seen": "2026-06-24T14:30:26.362529+00:00",
        "last_seen": "2026-06-30T08:11:36.744071+00:00",
        "ttl_seconds": -1.0
      }
    },
    {
      "type": "Feature",
      "geometry": {
        "type": "Point",
        "coordinates": [
          4.3673,
          -6.2541
        ]
      },
      "properties": {
        "obj_id": "chair_1160",
        "class_name": "chair",
        "class_id": 56,
        "mobility": "static",
        "confidence": 0.723,
        "observation_count": 30,
        "best_score": 0.634,
        "first_seen": "2026-06-24T14:30:27.485801+00:00",
        "last_seen": "2026-06-30T08:09:48.866611+00:00",
        "ttl_seconds": -1.0
      }
    },
    {
      "type": "Feature",
      "geometry": {
        "type": "Point",
        "coordinates": [
          2.3942,
          -5.8606
        ]
      },
      "properties": {
        "obj_id": "chair_1161",
        "class_name": "chair",
        "class_id": 56,
        "mobility": "static",
        "confidence": 0.575,
        "observation_count": 18,
        "best_score": 0.667,
        "first_seen": "2026-06-24T14:30:38.119521+00:00",
        "last_seen": "2026-06-30T12:59:36.855992+00:00",
        "ttl_seconds": -1.0
      }
    },
    {
      "type": "Feature",
      "geometry": {
        "type": "Point",
        "coordinates": [
          3.3497,
          -5.0792
        ]
      },
      "properties": {
        "obj_id": "chair_1162",
        "class_name": "chair",
        "class_id": 56,
        "mobility": "static",
        "confidence": 0.834,
        "observation_count": 154,
        "best_score": 1.007,
        "first_seen": "2026-06-24T14:30:38.123097+00:00",
        "last_seen": "2026-06-30T13:34:12.689978+00:00",
        "ttl_seconds": -1.0
      }
    },
    {
      "type": "Feature",
      "geometry": {
        "type": "Point",
        "coordinates": [
          2.6917,
          -6.4273
        ]
      },
      "properties": {
        "obj_id": "chair_1163",
        "class_name": "chair",
        "class_id": 56,
        "mobility": "static",
        "confidence": 0.795,
        "observation_count": 120,
        "best_score": 0.729,
        "first_seen": "2026-06-24T14:30:40.018620+00:00",
        "last_seen": "2026-06-30T13:34:21.130099+00:00",
        "ttl_seconds": -1.0
      }
    },
    {
      "type": "Feature",
      "geometry": {
        "type": "Point",
        "coordinates": [
          4.3694,
          -5.6757
        ]
      },
      "properties": {
        "obj_id": "chair_1166",
        "class_name": "chair",
        "class_id": 56,
        "mobility": "static",
        "confidence": 0.72,
        "observation_count": 32,
        "best_score": 1.21,
        "first_seen": "2026-06-24T14:30:44.771014+00:00",
        "last_seen": "2026-06-30T08:26:22.630973+00:00",
        "ttl_seconds": -1.0
      }
    },
    {
      "type": "Feature",
      "geometry": {
        "type": "Point",
        "coordinates": [
          1.3039,
          -4.2258
        ]
      },
      "properties": {
        "obj_id": "chair_1167",
        "class_name": "chair",
        "class_id": 56,
        "mobility": "static",
        "confidence": 0.659,
        "observation_count": 25,
        "best_score": 0.468,
        "first_seen": "2026-06-24T14:30:45.142676+00:00",
        "last_seen": "2026-06-24T14:30:47.710100+00:00",
        "ttl_seconds": -1.0
      }
    },
    {
      "type": "Feature",
      "geometry": {
        "type": "Point",
        "coordinates": [
          2.9295,
          -4.3024
        ]
      },
      "properties": {
        "obj_id": "chair_1168",
        "class_name": "chair",
        "class_id": 56,
        "mobility": "static",
        "confidence": 0.511,
        "observation_count": 2,
        "best_score": 0.751,
        "first_seen": "2026-06-24T14:30:48.110090+00:00",
        "last_seen": "2026-06-24T14:30:48.111147+00:00",
        "ttl_seconds": -1.0
      }
    },
    {
      "type": "Feature",
      "geometry": {
        "type": "Point",
        "coordinates": [
          0.8126,
          0.9998
        ]
      },
      "properties": {
        "obj_id": "dining table_1169",
        "class_name": "dining table",
        "class_id": 60,
        "mobility": "static",
        "confidence": 0.533,
        "observation_count": 4,
        "best_score": 5.001,
        "first_seen": "2026-06-24T14:30:58.410421+00:00",
        "last_seen": "2026-06-30T12:44:33.453425+00:00",
        "ttl_seconds": -1.0
      }
    },
    {
      "type": "Feature",
      "geometry": {
        "type": "Point",
        "coordinates": [
          6.0788,
          4.1253
        ]
      },
      "properties": {
        "obj_id": "chair_1179",
        "class_name": "chair",
        "class_id": 56,
        "mobility": "static",
        "confidence": 0.717,
        "observation_count": 29,
        "best_score": 3.851,
        "first_seen": "2026-06-26T08:57:39.920399+00:00",
        "last_seen": "2026-06-30T09:00:14.445749+00:00",
        "ttl_seconds": -1.0
      }
    },
    {
      "type": "Feature",
      "geometry": {
        "type": "Point",
        "coordinates": [
          8.1118,
          3.1991
        ]
      },
      "properties": {
        "obj_id": "chair_1180",
        "class_name": "chair",
        "class_id": 56,
        "mobility": "static",
        "confidence": 0.85,
        "observation_count": 1896,
        "best_score": 3.788,
        "first_seen": "2026-06-26T08:57:40.352469+00:00",
        "last_seen": "2026-07-03T09:28:53.745507+00:00",
        "ttl_seconds": -1.0
      }
    },
    {
      "type": "Feature",
      "geometry": {
        "type": "Point",
        "coordinates": [
          6.5413,
          3.0189
        ]
      },
      "properties": {
        "obj_id": "chair_1181",
        "class_name": "chair",
        "class_id": 56,
        "mobility": "static",
        "confidence": 0.808,
        "observation_count": 168,
        "best_score": 4.199,
        "first_seen": "2026-06-26T08:57:41.459432+00:00",
        "last_seen": "2026-06-30T13:02:02.691878+00:00",
        "ttl_seconds": -1.0
      }
    },
    {
      "type": "Feature",
      "geometry": {
        "type": "Point",
        "coordinates": [
          6.2783,
          3.3738
        ]
      },
      "properties": {
        "obj_id": "chair_1182",
        "class_name": "chair",
        "class_id": 56,
        "mobility": "static",
        "confidence": 0.807,
        "observation_count": 91,
        "best_score": 3.764,
        "first_seen": "2026-06-26T08:57:49.177545+00:00",
        "last_seen": "2026-06-26T09:12:09.848802+00:00",
        "ttl_seconds": -1.0
      }
    },
    {
      "type": "Feature",
      "geometry": {
        "type": "Point",
        "coordinates": [
          6.4983,
          1.8853
        ]
      },
      "properties": {
        "obj_id": "chair_1183",
        "class_name": "chair",
        "class_id": 56,
        "mobility": "static",
        "confidence": 0.755,
        "observation_count": 1374,
        "best_score": 14.564,
        "first_seen": "2026-06-26T08:57:54.179241+00:00",
        "last_seen": "2026-07-02T12:11:38.977822+00:00",
        "ttl_seconds": -1.0
      }
    },
    {
      "type": "Feature",
      "geometry": {
        "type": "Point",
        "coordinates": [
          7.1321,
          4.1227
        ]
      },
      "properties": {
        "obj_id": "chair_1184",
        "class_name": "chair",
        "class_id": 56,
        "mobility": "static",
        "confidence": 0.815,
        "observation_count": 86,
        "best_score": 3.831,
        "first_seen": "2026-06-26T08:57:55.997863+00:00",
        "last_seen": "2026-07-02T12:05:52.816996+00:00",
        "ttl_seconds": -1.0
      }
    },
    {
      "type": "Feature",
      "geometry": {
        "type": "Point",
        "coordinates": [
          7.0554,
          2.8959
        ]
      },
      "properties": {
        "obj_id": "chair_1185",
        "class_name": "chair",
        "class_id": 56,
        "mobility": "static",
        "confidence": 0.729,
        "observation_count": 31,
        "best_score": 4.427,
        "first_seen": "2026-06-26T08:58:00.832426+00:00",
        "last_seen": "2026-07-02T12:10:42.051435+00:00",
        "ttl_seconds": -1.0
      }
    },
    {
      "type": "Feature",
      "geometry": {
        "type": "Point",
        "coordinates": [
          8.7721,
          3.608
        ]
      },
      "properties": {
        "obj_id": "chair_1186",
        "class_name": "chair",
        "class_id": 56,
        "mobility": "static",
        "confidence": 0.833,
        "observation_count": 741,
        "best_score": 2.421,
        "first_seen": "2026-06-26T08:58:02.365056+00:00",
        "last_seen": "2026-07-03T09:28:54.479474+00:00",
        "ttl_seconds": -1.0
      }
    },
    {
      "type": "Feature",
      "geometry": {
        "type": "Point",
        "coordinates": [
          8.6794,
          0.7639
        ]
      },
      "properties": {
        "obj_id": "dining table_1201",
        "class_name": "dining table",
        "class_id": 60,
        "mobility": "static",
        "confidence": 0.62,
        "observation_count": 44,
        "best_score": 28.084,
        "first_seen": "2026-06-26T09:04:02.057970+00:00",
        "last_seen": "2026-06-26T11:56:04.342004+00:00",
        "ttl_seconds": -1.0
      }
    },
    {
      "type": "Feature",
      "geometry": {
        "type": "Point",
        "coordinates": [
          9.1789,
          0.453
        ]
      },
      "properties": {
        "obj_id": "dining table_1202",
        "class_name": "dining table",
        "class_id": 60,
        "mobility": "static",
        "confidence": 0.665,
        "observation_count": 111,
        "best_score": 19.417,
        "first_seen": "2026-06-26T09:04:05.801971+00:00",
        "last_seen": "2026-06-30T14:25:23.312031+00:00",
        "ttl_seconds": -1.0
      }
    },
    {
      "type": "Feature",
      "geometry": {
        "type": "Point",
        "coordinates": [
          9.3562,
          1.0343
        ]
      },
      "properties": {
        "obj_id": "dining table_1204",
        "class_name": "dining table",
        "class_id": 60,
        "mobility": "static",
        "confidence": 0.691,
        "observation_count": 125,
        "best_score": 18.561,
        "first_seen": "2026-06-26T09:09:00.688130+00:00",
        "last_seen": "2026-06-26T12:05:42.070024+00:00",
        "ttl_seconds": -1.0
      }
    },
    {
      "type": "Feature",
      "geometry": {
        "type": "Point",
        "coordinates": [
          7.486,
          4.0648
        ]
      },
      "properties": {
        "obj_id": "chair_1208",
        "class_name": "chair",
        "class_id": 56,
        "mobility": "static",
        "confidence": 0.758,
        "observation_count": 35,
        "best_score": 1.936,
        "first_seen": "2026-06-26T09:11:42.182130+00:00",
        "last_seen": "2026-07-02T12:05:53.257267+00:00",
        "ttl_seconds": -1.0
      }
    },
    {
      "type": "Feature",
      "geometry": {
        "type": "Point",
        "coordinates": [
          7.4296,
          2.7443
        ]
      },
      "properties": {
        "obj_id": "chair_1209",
        "class_name": "chair",
        "class_id": 56,
        "mobility": "static",
        "confidence": 0.826,
        "observation_count": 332,
        "best_score": 9.518,
        "first_seen": "2026-06-26T09:11:45.249947+00:00",
        "last_seen": "2026-07-03T09:28:43.547881+00:00",
        "ttl_seconds": -1.0
      }
    },
    {
      "type": "Feature",
      "geometry": {
        "type": "Point",
        "coordinates": [
          5.5651,
          3.7746
        ]
      },
      "properties": {
        "obj_id": "chair_1210",
        "class_name": "chair",
        "class_id": 56,
        "mobility": "static",
        "confidence": 0.747,
        "observation_count": 28,
        "best_score": 3.91,
        "first_seen": "2026-06-26T09:12:18.331589+00:00",
        "last_seen": "2026-06-26T12:05:23.134201+00:00",
        "ttl_seconds": -1.0
      }
    },
    {
      "type": "Feature",
      "geometry": {
        "type": "Point",
        "coordinates": [
          7.6578,
          1.7268
        ]
      },
      "properties": {
        "obj_id": "suitcase_1211",
        "class_name": "suitcase",
        "class_id": 28,
        "mobility": "static",
        "confidence": 0.857,
        "observation_count": 18,
        "best_score": 19.848,
        "first_seen": "2026-06-26T09:12:24.836316+00:00",
        "last_seen": "2026-06-26T09:12:25.173550+00:00",
        "ttl_seconds": -1.0
      }
    },
    {
      "type": "Feature",
      "geometry": {
        "type": "Point",
        "coordinates": [
          2.9818,
          1.7178
        ]
      },
      "properties": {
        "obj_id": "suitcase_1217",
        "class_name": "suitcase",
        "class_id": 28,
        "mobility": "static",
        "confidence": 0.562,
        "observation_count": 2,
        "best_score": 1.718,
        "first_seen": "2026-06-26T09:12:36.953938+00:00",
        "last_seen": "2026-06-26T09:12:36.954909+00:00",
        "ttl_seconds": -1.0
      }
    },
    {
      "type": "Feature",
      "geometry": {
        "type": "Point",
        "coordinates": [
          3.1779,
          3.3089
        ]
      },
      "properties": {
        "obj_id": "chair_1218",
        "class_name": "chair",
        "class_id": 56,
        "mobility": "static",
        "confidence": 0.685,
        "observation_count": 7,
        "best_score": 0.865,
        "first_seen": "2026-06-26T09:12:39.160185+00:00",
        "last_seen": "2026-06-26T12:06:34.067249+00:00",
        "ttl_seconds": -1.0
      }
    },
    {
      "type": "Feature",
      "geometry": {
        "type": "Point",
        "coordinates": [
          4.5742,
          0.9828
        ]
      },
      "properties": {
        "obj_id": "suitcase_1220",
        "class_name": "suitcase",
        "class_id": 28,
        "mobility": "static",
        "confidence": 0.501,
        "observation_count": 1,
        "best_score": 1.423,
        "first_seen": "2026-06-26T09:14:42.361123+00:00",
        "last_seen": "2026-06-26T09:14:42.361123+00:00",
        "ttl_seconds": -1.0
      }
    },
    {
      "type": "Feature",
      "geometry": {
        "type": "Point",
        "coordinates": [
          2.9053,
          0.9132
        ]
      },
      "properties": {
        "obj_id": "suitcase_1221",
        "class_name": "suitcase",
        "class_id": 28,
        "mobility": "static",
        "confidence": 0.521,
        "observation_count": 3,
        "best_score": 0.919,
        "first_seen": "2026-06-26T09:14:57.961697+00:00",
        "last_seen": "2026-06-26T09:14:59.496352+00:00",
        "ttl_seconds": -1.0
      }
    },
    {
      "type": "Feature",
      "geometry": {
        "type": "Point",
        "coordinates": [
          4.6301,
          1.6831
        ]
      },
      "properties": {
        "obj_id": "suitcase_1234",
        "class_name": "suitcase",
        "class_id": 28,
        "mobility": "static",
        "confidence": 0.717,
        "observation_count": 10,
        "best_score": 2.936,
        "first_seen": "2026-06-26T09:17:38.211860+00:00",
        "last_seen": "2026-06-26T09:17:38.216534+00:00",
        "ttl_seconds": -1.0
      }
    },
    {
      "type": "Feature",
      "geometry": {
        "type": "Point",
        "coordinates": [
          7.1109,
          1.0991
        ]
      },
      "properties": {
        "obj_id": "chair_1235",
        "class_name": "chair",
        "class_id": 56,
        "mobility": "static",
        "confidence": 0.879,
        "observation_count": 18977,
        "best_score": 13.944,
        "first_seen": "2026-06-26T09:17:38.216660+00:00",
        "last_seen": "2026-07-02T11:39:36.922295+00:00",
        "ttl_seconds": -1.0
      }
    },
    {
      "type": "Feature",
      "geometry": {
        "type": "Point",
        "coordinates": [
          3.8541,
          1.9741
        ]
      },
      "properties": {
        "obj_id": "suitcase_1237",
        "class_name": "suitcase",
        "class_id": 28,
        "mobility": "static",
        "confidence": 0.562,
        "observation_count": 3,
        "best_score": 2.037,
        "first_seen": "2026-06-26T09:17:38.549121+00:00",
        "last_seen": "2026-06-26T09:17:38.551067+00:00",
        "ttl_seconds": -1.0
      }
    },
    {
      "type": "Feature",
      "geometry": {
        "type": "Point",
        "coordinates": [
          10.9482,
          -3.2688
        ]
      },
      "properties": {
        "obj_id": "chair_1245",
        "class_name": "chair",
        "class_id": 56,
        "mobility": "static",
        "confidence": 0.599,
        "observation_count": 7,
        "best_score": 1.374,
        "first_seen": "2026-06-26T09:18:23.757811+00:00",
        "last_seen": "2026-06-26T09:18:23.761388+00:00",
        "ttl_seconds": -1.0
      }
    },
    {
      "type": "Feature",
      "geometry": {
        "type": "Point",
        "coordinates": [
          12.0883,
          -4.7015
        ]
      },
      "properties": {
        "obj_id": "chair_1246",
        "class_name": "chair",
        "class_id": 56,
        "mobility": "static",
        "confidence": 0.773,
        "observation_count": 5,
        "best_score": 1.097,
        "first_seen": "2026-06-26T09:18:24.100867+00:00",
        "last_seen": "2026-06-26T09:18:24.105375+00:00",
        "ttl_seconds": -1.0
      }
    },
    {
      "type": "Feature",
      "geometry": {
        "type": "Point",
        "coordinates": [
          11.4134,
          -3.9472
        ]
      },
      "properties": {
        "obj_id": "chair_1247",
        "class_name": "chair",
        "class_id": 56,
        "mobility": "static",
        "confidence": 0.755,
        "observation_count": 3,
        "best_score": 1.357,
        "first_seen": "2026-06-26T09:18:24.103075+00:00",
        "last_seen": "2026-06-26T09:18:24.104942+00:00",
        "ttl_seconds": -1.0
      }
    },
    {
      "type": "Feature",
      "geometry": {
        "type": "Point",
        "coordinates": [
          13.1431,
          -4.1448
        ]
      },
      "properties": {
        "obj_id": "chair_1248",
        "class_name": "chair",
        "class_id": 56,
        "mobility": "static",
        "confidence": 0.59,
        "observation_count": 2,
        "best_score": 0.617,
        "first_seen": "2026-06-26T09:18:24.897409+00:00",
        "last_seen": "2026-06-26T09:18:24.898807+00:00",
        "ttl_seconds": -1.0
      }
    },
    {
      "type": "Feature",
      "geometry": {
        "type": "Point",
        "coordinates": [
          9.5903,
          -0.9543
        ]
      },
      "properties": {
        "obj_id": "chair_1249",
        "class_name": "chair",
        "class_id": 56,
        "mobility": "static",
        "confidence": 0.616,
        "observation_count": 5,
        "best_score": 2.039,
        "first_seen": "2026-06-26T09:18:25.323140+00:00",
        "last_seen": "2026-06-26T09:18:25.324693+00:00",
        "ttl_seconds": -1.0
      }
    },
    {
      "type": "Feature",
      "geometry": {
        "type": "Point",
        "coordinates": [
          3.8317,
          1.0511
        ]
      },
      "properties": {
        "obj_id": "laptop_1255",
        "class_name": "laptop",
        "class_id": 63,
        "mobility": "static",
        "confidence": 0.601,
        "observation_count": 2,
        "best_score": 2.357,
        "first_seen": "2026-06-26T09:18:29.913568+00:00",
        "last_seen": "2026-06-26T09:18:29.915036+00:00",
        "ttl_seconds": -1.0
      }
    },
    {
      "type": "Feature",
      "geometry": {
        "type": "Point",
        "coordinates": [
          2.4207,
          3.3515
        ]
      },
      "properties": {
        "obj_id": "chair_1276",
        "class_name": "chair",
        "class_id": 56,
        "mobility": "static",
        "confidence": 0.567,
        "observation_count": 2,
        "best_score": 0.97,
        "first_seen": "2026-06-26T09:19:44.147017+00:00",
        "last_seen": "2026-06-26T09:19:44.148489+00:00",
        "ttl_seconds": -1.0
      }
    },
    {
      "type": "Feature",
      "geometry": {
        "type": "Point",
        "coordinates": [
          2.7438,
          -6.1787
        ]
      },
      "properties": {
        "obj_id": "chair_1278",
        "class_name": "chair",
        "class_id": 56,
        "mobility": "static",
        "confidence": 0.827,
        "observation_count": 554,
        "best_score": 0.66,
        "first_seen": "2026-06-26T09:20:40.005614+00:00",
        "last_seen": "2026-06-30T13:34:17.154373+00:00",
        "ttl_seconds": -1.0
      }
    },
    {
      "type": "Feature",
      "geometry": {
        "type": "Point",
        "coordinates": [
          5.6373,
          -5.4031
        ]
      },
      "properties": {
        "obj_id": "chair_1279",
        "class_name": "chair",
        "class_id": 56,
        "mobility": "static",
        "confidence": 0.702,
        "observation_count": 15,
        "best_score": 0.222,
        "first_seen": "2026-06-26T09:20:40.009832+00:00",
        "last_seen": "2026-06-30T08:06:52.353437+00:00",
        "ttl_seconds": -1.0
      }
    },
    {
      "type": "Feature",
      "geometry": {
        "type": "Point",
        "coordinates": [
          7.3067,
          -3.5799
        ]
      },
      "properties": {
        "obj_id": "chair_1280",
        "class_name": "chair",
        "class_id": 56,
        "mobility": "static",
        "confidence": 0.804,
        "observation_count": 94,
        "best_score": 2.002,
        "first_seen": "2026-06-26T09:20:41.535632+00:00",
        "last_seen": "2026-06-30T12:59:09.223941+00:00",
        "ttl_seconds": -1.0
      }
    },
    {
      "type": "Feature",
      "geometry": {
        "type": "Point",
        "coordinates": [
          8.7243,
          -4.7281
        ]
      },
      "properties": {
        "obj_id": "chair_1281",
        "class_name": "chair",
        "class_id": 56,
        "mobility": "static",
        "confidence": 0.75,
        "observation_count": 59,
        "best_score": 1.015,
        "first_seen": "2026-06-26T09:20:43.084784+00:00",
        "last_seen": "2026-06-30T12:59:14.042955+00:00",
        "ttl_seconds": -1.0
      }
    },
    {
      "type": "Feature",
      "geometry": {
        "type": "Point",
        "coordinates": [
          9.4512,
          -4.9987
        ]
      },
      "properties": {
        "obj_id": "chair_1282",
        "class_name": "chair",
        "class_id": 56,
        "mobility": "static",
        "confidence": 0.707,
        "observation_count": 9,
        "best_score": 0.636,
        "first_seen": "2026-06-26T09:20:47.382384+00:00",
        "last_seen": "2026-06-26T09:20:47.387747+00:00",
        "ttl_seconds": -1.0
      }
    },
    {
      "type": "Feature",
      "geometry": {
        "type": "Point",
        "coordinates": [
          8.2841,
          -4.2168
        ]
      },
      "properties": {
        "obj_id": "chair_1283",
        "class_name": "chair",
        "class_id": 56,
        "mobility": "static",
        "confidence": 0.8,
        "observation_count": 28,
        "best_score": 1.594,
        "first_seen": "2026-06-26T09:20:47.746114+00:00",
        "last_seen": "2026-06-30T14:20:11.203927+00:00",
        "ttl_seconds": -1.0
      }
    },
    {
      "type": "Feature",
      "geometry": {
        "type": "Point",
        "coordinates": [
          9.3112,
          1.5705
        ]
      },
      "properties": {
        "obj_id": "laptop_1289",
        "class_name": "laptop",
        "class_id": 63,
        "mobility": "static",
        "confidence": 0.821,
        "observation_count": 83,
        "best_score": 74.159,
        "first_seen": "2026-06-26T09:22:55.090014+00:00",
        "last_seen": "2026-06-30T13:15:12.854514+00:00",
        "ttl_seconds": -1.0
      }
    },
    {
      "type": "Feature",
      "geometry": {
        "type": "Point",
        "coordinates": [
          7.5398,
          1.0882
        ]
      },
      "properties": {
        "obj_id": "parking meter_1293",
        "class_name": "parking meter",
        "class_id": 12,
        "mobility": "static",
        "confidence": 0.64,
        "observation_count": 3,
        "best_score": 80.832,
        "first_seen": "2026-06-26T11:56:06.283847+00:00",
        "last_seen": "2026-06-26T11:56:06.285067+00:00",
        "ttl_seconds": -1.0
      }
    },
    {
      "type": "Feature",
      "geometry": {
        "type": "Point",
        "coordinates": [
          7.1053,
          -1.2371
        ]
      },
      "properties": {
        "obj_id": "chair_1296",
        "class_name": "chair",
        "class_id": 56,
        "mobility": "static",
        "confidence": 0.687,
        "observation_count": 35,
        "best_score": 3.55,
        "first_seen": "2026-06-26T11:57:09.303477+00:00",
        "last_seen": "2026-06-30T12:59:42.562680+00:00",
        "ttl_seconds": -1.0
      }
    },
    {
      "type": "Feature",
      "geometry": {
        "type": "Point",
        "coordinates": [
          6.9823,
          -6.7713
        ]
      },
      "properties": {
        "obj_id": "chair_1297",
        "class_name": "chair",
        "class_id": 56,
        "mobility": "static",
        "confidence": 0.717,
        "observation_count": 63,
        "best_score": 1.082,
        "first_seen": "2026-06-26T11:57:10.058083+00:00",
        "last_seen": "2026-06-30T12:56:16.011364+00:00",
        "ttl_seconds": -1.0
      }
    },
    {
      "type": "Feature",
      "geometry": {
        "type": "Point",
        "coordinates": [
          7.3991,
          -4.1015
        ]
      },
      "properties": {
        "obj_id": "chair_1298",
        "class_name": "chair",
        "class_id": 56,
        "mobility": "static",
        "confidence": 0.74,
        "observation_count": 17,
        "best_score": 1.804,
        "first_seen": "2026-06-26T11:57:17.239192+00:00",
        "last_seen": "2026-06-26T12:07:26.689057+00:00",
        "ttl_seconds": -1.0
      }
    },
    {
      "type": "Feature",
      "geometry": {
        "type": "Point",
        "coordinates": [
          7.1531,
          -5.7279
        ]
      },
      "properties": {
        "obj_id": "chair_1299",
        "class_name": "chair",
        "class_id": 56,
        "mobility": "static",
        "confidence": 0.738,
        "observation_count": 9,
        "best_score": 0.815,
        "first_seen": "2026-06-26T11:57:17.635506+00:00",
        "last_seen": "2026-06-26T12:07:13.201392+00:00",
        "ttl_seconds": -1.0
      }
    },
    {
      "type": "Feature",
      "geometry": {
        "type": "Point",
        "coordinates": [
          3.4072,
          -0.0667
        ]
      },
      "properties": {
        "obj_id": "chair_1304",
        "class_name": "chair",
        "class_id": 56,
        "mobility": "static",
        "confidence": 0.601,
        "observation_count": 5,
        "best_score": 1.183,
        "first_seen": "2026-06-26T11:58:57.965452+00:00",
        "last_seen": "2026-06-30T12:56:53.881096+00:00",
        "ttl_seconds": -1.0
      }
    },
    {
      "type": "Feature",
      "geometry": {
        "type": "Point",
        "coordinates": [
          4.1185,
          0.1626
        ]
      },
      "properties": {
        "obj_id": "chair_1307",
        "class_name": "chair",
        "class_id": 56,
        "mobility": "static",
        "confidence": 0.641,
        "observation_count": 27,
        "best_score": 4.057,
        "first_seen": "2026-06-26T11:59:00.206488+00:00",
        "last_seen": "2026-06-30T12:56:57.773783+00:00",
        "ttl_seconds": -1.0
      }
    },
    {
      "type": "Feature",
      "geometry": {
        "type": "Point",
        "coordinates": [
          5.9886,
          -0.0425
        ]
      },
      "properties": {
        "obj_id": "chair_1312",
        "class_name": "chair",
        "class_id": 56,
        "mobility": "static",
        "confidence": 0.771,
        "observation_count": 45,
        "best_score": 2.932,
        "first_seen": "2026-06-26T11:59:12.209834+00:00",
        "last_seen": "2026-06-30T12:58:04.600238+00:00",
        "ttl_seconds": -1.0
      }
    },
    {
      "type": "Feature",
      "geometry": {
        "type": "Point",
        "coordinates": [
          -0.108,
          0.7465
        ]
      },
      "properties": {
        "obj_id": "dining table_1313",
        "class_name": "dining table",
        "class_id": 60,
        "mobility": "static",
        "confidence": 0.617,
        "observation_count": 80,
        "best_score": 2.665,
        "first_seen": "2026-06-26T11:59:15.939435+00:00",
        "last_seen": "2026-06-30T12:46:58.258459+00:00",
        "ttl_seconds": -1.0
      }
    },
    {
      "type": "Feature",
      "geometry": {
        "type": "Point",
        "coordinates": [
          -0.0762,
          1.7534
        ]
      },
      "properties": {
        "obj_id": "chair_1315",
        "class_name": "chair",
        "class_id": 56,
        "mobility": "static",
        "confidence": 0.83,
        "observation_count": 6699,
        "best_score": 3.777,
        "first_seen": "2026-06-26T11:59:21.888624+00:00",
        "last_seen": "2026-07-03T10:12:45.526061+00:00",
        "ttl_seconds": -1.0
      }
    },
    {
      "type": "Feature",
      "geometry": {
        "type": "Point",
        "coordinates": [
          3.6336,
          0.9777
        ]
      },
      "properties": {
        "obj_id": "dining table_1316",
        "class_name": "dining table",
        "class_id": 60,
        "mobility": "static",
        "confidence": 0.534,
        "observation_count": 66,
        "best_score": 15.337,
        "first_seen": "2026-06-26T12:03:25.063055+00:00",
        "last_seen": "2026-07-02T12:13:08.166252+00:00",
        "ttl_seconds": -1.0
      }
    },
    {
      "type": "Feature",
      "geometry": {
        "type": "Point",
        "coordinates": [
          1.0764,
          0.552
        ]
      },
      "properties": {
        "obj_id": "dining table_1317",
        "class_name": "dining table",
        "class_id": 60,
        "mobility": "static",
        "confidence": 0.536,
        "observation_count": 94,
        "best_score": 4.159,
        "first_seen": "2026-06-26T12:03:25.763504+00:00",
        "last_seen": "2026-07-03T10:12:29.040049+00:00",
        "ttl_seconds": -1.0
      }
    },
    {
      "type": "Feature",
      "geometry": {
        "type": "Point",
        "coordinates": [
          2.1408,
          0.6263
        ]
      },
      "properties": {
        "obj_id": "dining table_1318",
        "class_name": "dining table",
        "class_id": 60,
        "mobility": "static",
        "confidence": 0.589,
        "observation_count": 42,
        "best_score": 6.99,
        "first_seen": "2026-06-26T12:03:28.789616+00:00",
        "last_seen": "2026-07-02T12:00:23.226863+00:00",
        "ttl_seconds": -1.0
      }
    },
    {
      "type": "Feature",
      "geometry": {
        "type": "Point",
        "coordinates": [
          0.0154,
          0.126
        ]
      },
      "properties": {
        "obj_id": "dining table_1319",
        "class_name": "dining table",
        "class_id": 60,
        "mobility": "static",
        "confidence": 0.561,
        "observation_count": 109,
        "best_score": 3.338,
        "first_seen": "2026-06-26T12:03:29.193011+00:00",
        "last_seen": "2026-07-02T12:00:28.975803+00:00",
        "ttl_seconds": -1.0
      }
    },
    {
      "type": "Feature",
      "geometry": {
        "type": "Point",
        "coordinates": [
          7.1398,
          -6.8391
        ]
      },
      "properties": {
        "obj_id": "chair_1331",
        "class_name": "chair",
        "class_id": 56,
        "mobility": "static",
        "confidence": 0.669,
        "observation_count": 45,
        "best_score": 0.817,
        "first_seen": "2026-06-26T12:07:11.299588+00:00",
        "last_seen": "2026-06-30T12:55:35.164056+00:00",
        "ttl_seconds": -1.0
      }
    },
    {
      "type": "Feature",
      "geometry": {
        "type": "Point",
        "coordinates": [
          6.699,
          -4.475
        ]
      },
      "properties": {
        "obj_id": "chair_1332",
        "class_name": "chair",
        "class_id": 56,
        "mobility": "static",
        "confidence": 0.675,
        "observation_count": 119,
        "best_score": 0.933,
        "first_seen": "2026-06-26T12:07:12.831085+00:00",
        "last_seen": "2026-06-30T12:56:12.145099+00:00",
        "ttl_seconds": -1.0
      }
    },
    {
      "type": "Feature",
      "geometry": {
        "type": "Point",
        "coordinates": [
          7.3869,
          -2.8107
        ]
      },
      "properties": {
        "obj_id": "chair_1334",
        "class_name": "chair",
        "class_id": 56,
        "mobility": "static",
        "confidence": 0.637,
        "observation_count": 21,
        "best_score": 1.988,
        "first_seen": "2026-06-26T12:07:16.196523+00:00",
        "last_seen": "2026-06-30T08:26:13.024480+00:00",
        "ttl_seconds": -1.0
      }
    },
    {
      "type": "Feature",
      "geometry": {
        "type": "Point",
        "coordinates": [
          5.6766,
          -6.3549
        ]
      },
      "properties": {
        "obj_id": "chair_1335",
        "class_name": "chair",
        "class_id": 56,
        "mobility": "static",
        "confidence": 0.733,
        "observation_count": 74,
        "best_score": 0.564,
        "first_seen": "2026-06-26T12:07:18.402760+00:00",
        "last_seen": "2026-06-30T08:26:13.426978+00:00",
        "ttl_seconds": -1.0
      }
    },
    {
      "type": "Feature",
      "geometry": {
        "type": "Point",
        "coordinates": [
          6.3455,
          -5.5842
        ]
      },
      "properties": {
        "obj_id": "chair_1336",
        "class_name": "chair",
        "class_id": 56,
        "mobility": "static",
        "confidence": 0.673,
        "observation_count": 33,
        "best_score": 0.731,
        "first_seen": "2026-06-26T12:07:28.535821+00:00",
        "last_seen": "2026-06-30T13:24:12.783601+00:00",
        "ttl_seconds": -1.0
      }
    },
    {
      "type": "Feature",
      "geometry": {
        "type": "Point",
        "coordinates": [
          7.4064,
          0.1094
        ]
      },
      "properties": {
        "obj_id": "chair_1337",
        "class_name": "chair",
        "class_id": 56,
        "mobility": "static",
        "confidence": 0.756,
        "observation_count": 53,
        "best_score": 28.059,
        "first_seen": "2026-06-26T12:07:42.898276+00:00",
        "last_seen": "2026-07-02T11:39:24.496677+00:00",
        "ttl_seconds": -1.0
      }
    },
    {
      "type": "Feature",
      "geometry": {
        "type": "Point",
        "coordinates": [
          7.6065,
          -6.1926
        ]
      },
      "properties": {
        "obj_id": "chair_1338",
        "class_name": "chair",
        "class_id": 56,
        "mobility": "static",
        "confidence": 0.73,
        "observation_count": 14,
        "best_score": 0.545,
        "first_seen": "2026-06-26T12:07:43.641714+00:00",
        "last_seen": "2026-06-30T13:24:12.396931+00:00",
        "ttl_seconds": -1.0
      }
    },
    {
      "type": "Feature",
      "geometry": {
        "type": "Point",
        "coordinates": [
          8.1225,
          -6.6558
        ]
      },
      "properties": {
        "obj_id": "chair_1339",
        "class_name": "chair",
        "class_id": 56,
        "mobility": "static",
        "confidence": 0.838,
        "observation_count": 105,
        "best_score": 1.505,
        "first_seen": "2026-06-26T12:07:45.187976+00:00",
        "last_seen": "2026-06-30T13:21:28.657210+00:00",
        "ttl_seconds": -1.0
      }
    },
    {
      "type": "Feature",
      "geometry": {
        "type": "Point",
        "coordinates": [
          7.5352,
          -1.8957
        ]
      },
      "properties": {
        "obj_id": "chair_1340",
        "class_name": "chair",
        "class_id": 56,
        "mobility": "static",
        "confidence": 0.723,
        "observation_count": 46,
        "best_score": 3.517,
        "first_seen": "2026-06-26T12:08:36.153970+00:00",
        "last_seen": "2026-06-30T13:24:08.503764+00:00",
        "ttl_seconds": -1.0
      }
    },
    {
      "type": "Feature",
      "geometry": {
        "type": "Point",
        "coordinates": [
          8.1843,
          -3.2106
        ]
      },
      "properties": {
        "obj_id": "chair_1342",
        "class_name": "chair",
        "class_id": 56,
        "mobility": "static",
        "confidence": 0.738,
        "observation_count": 20,
        "best_score": 2.496,
        "first_seen": "2026-06-26T12:08:43.007159+00:00",
        "last_seen": "2026-06-30T12:59:02.691648+00:00",
        "ttl_seconds": -1.0
      }
    },
    {
      "type": "Feature",
      "geometry": {
        "type": "Point",
        "coordinates": [
          0.6964,
          0.2365
        ]
      },
      "properties": {
        "obj_id": "chair_1344",
        "class_name": "chair",
        "class_id": 56,
        "mobility": "static",
        "confidence": 0.626,
        "observation_count": 5,
        "best_score": 0.672,
        "first_seen": "2026-06-26T12:09:09.510700+00:00",
        "last_seen": "2026-06-26T12:09:09.512786+00:00",
        "ttl_seconds": -1.0
      }
    },
    {
      "type": "Feature",
      "geometry": {
        "type": "Point",
        "coordinates": [
          -0.0241,
          2.2004
        ]
      },
      "properties": {
        "obj_id": "chair_1348",
        "class_name": "chair",
        "class_id": 56,
        "mobility": "static",
        "confidence": 0.787,
        "observation_count": 31,
        "best_score": 1.671,
        "first_seen": "2026-06-26T12:14:44.125042+00:00",
        "last_seen": "2026-06-30T08:27:59.710663+00:00",
        "ttl_seconds": -1.0
      }
    },
    {
      "type": "Feature",
      "geometry": {
        "type": "Point",
        "coordinates": [
          8.3617,
          -5.6473
        ]
      },
      "properties": {
        "obj_id": "chair_1350",
        "class_name": "chair",
        "class_id": 56,
        "mobility": "static",
        "confidence": 0.585,
        "observation_count": 13,
        "best_score": 0.306,
        "first_seen": "2026-06-26T12:15:20.644827+00:00",
        "last_seen": "2026-06-26T12:15:22.212343+00:00",
        "ttl_seconds": -1.0
      }
    },
    {
      "type": "Feature",
      "geometry": {
        "type": "Point",
        "coordinates": [
          8.7147,
          -4.5309
        ]
      },
      "properties": {
        "obj_id": "chair_1351",
        "class_name": "chair",
        "class_id": 56,
        "mobility": "static",
        "confidence": 0.806,
        "observation_count": 221,
        "best_score": 1.475,
        "first_seen": "2026-06-26T12:15:20.996530+00:00",
        "last_seen": "2026-06-30T12:59:15.186217+00:00",
        "ttl_seconds": -1.0
      }
    },
    {
      "type": "Feature",
      "geometry": {
        "type": "Point",
        "coordinates": [
          1.6921,
          1.0869
        ]
      },
      "properties": {
        "obj_id": "dining table_1352",
        "class_name": "dining table",
        "class_id": 60,
        "mobility": "static",
        "confidence": 0.569,
        "observation_count": 5,
        "best_score": 4.462,
        "first_seen": "2026-06-30T08:06:37.868029+00:00",
        "last_seen": "2026-06-30T12:46:13.904848+00:00",
        "ttl_seconds": -1.0
      }
    },
    {
      "type": "Feature",
      "geometry": {
        "type": "Point",
        "coordinates": [
          5.5122,
          -4.6723
        ]
      },
      "properties": {
        "obj_id": "chair_1353",
        "class_name": "chair",
        "class_id": 56,
        "mobility": "static",
        "confidence": 0.725,
        "observation_count": 81,
        "best_score": 0.638,
        "first_seen": "2026-06-30T08:06:49.001469+00:00",
        "last_seen": "2026-06-30T12:55:22.073187+00:00",
        "ttl_seconds": -1.0
      }
    },
    {
      "type": "Feature",
      "geometry": {
        "type": "Point",
        "coordinates": [
          5.7394,
          -5.9449
        ]
      },
      "properties": {
        "obj_id": "chair_1354",
        "class_name": "chair",
        "class_id": 56,
        "mobility": "static",
        "confidence": 0.714,
        "observation_count": 13,
        "best_score": 0.311,
        "first_seen": "2026-06-30T08:06:49.335583+00:00",
        "last_seen": "2026-06-30T08:06:51.142779+00:00",
        "ttl_seconds": -1.0
      }
    },
    {
      "type": "Feature",
      "geometry": {
        "type": "Point",
        "coordinates": [
          4.684,
          -6.566
        ]
      },
      "properties": {
        "obj_id": "chair_1355",
        "class_name": "chair",
        "class_id": 56,
        "mobility": "static",
        "confidence": 0.59,
        "observation_count": 26,
        "best_score": 0.712,
        "first_seen": "2026-06-30T08:06:49.337523+00:00",
        "last_seen": "2026-06-30T12:59:17.612848+00:00",
        "ttl_seconds": -1.0
      }
    },
    {
      "type": "Feature",
      "geometry": {
        "type": "Point",
        "coordinates": [
          4.4448,
          -4.642
        ]
      },
      "properties": {
        "obj_id": "chair_1356",
        "class_name": "chair",
        "class_id": 56,
        "mobility": "static",
        "confidence": 0.585,
        "observation_count": 1453,
        "best_score": 1.169,
        "first_seen": "2026-06-30T08:06:52.789149+00:00",
        "last_seen": "2026-06-30T08:11:36.367046+00:00",
        "ttl_seconds": -1.0
      }
    },
    {
      "type": "Feature",
      "geometry": {
        "type": "Point",
        "coordinates": [
          4.4123,
          -3.7982
        ]
      },
      "properties": {
        "obj_id": "chair_1357",
        "class_name": "chair",
        "class_id": 56,
        "mobility": "static",
        "confidence": 0.537,
        "observation_count": 2,
        "best_score": 1.252,
        "first_seen": "2026-06-30T08:06:53.980552+00:00",
        "last_seen": "2026-06-30T08:10:55.461226+00:00",
        "ttl_seconds": -1.0
      }
    },
    {
      "type": "Feature",
      "geometry": {
        "type": "Point",
        "coordinates": [
          4.5621,
          -0.5812
        ]
      },
      "properties": {
        "obj_id": "chair_1358",
        "class_name": "chair",
        "class_id": 56,
        "mobility": "static",
        "confidence": 0.563,
        "observation_count": 4,
        "best_score": 3.566,
        "first_seen": "2026-06-30T08:07:00.636466+00:00",
        "last_seen": "2026-06-30T08:09:52.794658+00:00",
        "ttl_seconds": -1.0
      }
    },
    {
      "type": "Feature",
      "geometry": {
        "type": "Point",
        "coordinates": [
          6.209,
          -3.2612
        ]
      },
      "properties": {
        "obj_id": "chair_1359",
        "class_name": "chair",
        "class_id": 56,
        "mobility": "static",
        "confidence": 0.603,
        "observation_count": 7,
        "best_score": 1.46,
        "first_seen": "2026-06-30T08:11:53.935796+00:00",
        "last_seen": "2026-06-30T13:24:11.997127+00:00",
        "ttl_seconds": -1.0
      }
    },
    {
      "type": "Feature",
      "geometry": {
        "type": "Point",
        "coordinates": [
          9.4161,
          0.8813
        ]
      },
      "properties": {
        "obj_id": "bench_1360",
        "class_name": "bench",
        "class_id": 13,
        "mobility": "static",
        "confidence": 0.527,
        "observation_count": 1,
        "best_score": 4.101,
        "first_seen": "2026-06-30T08:11:57.763938+00:00",
        "last_seen": "2026-06-30T08:11:57.763938+00:00",
        "ttl_seconds": -1.0
      }
    },
    {
      "type": "Feature",
      "geometry": {
        "type": "Point",
        "coordinates": [
          6.1863,
          -6.4556
        ]
      },
      "properties": {
        "obj_id": "chair_1361",
        "class_name": "chair",
        "class_id": 56,
        "mobility": "static",
        "confidence": 0.731,
        "observation_count": 67,
        "best_score": 0.814,
        "first_seen": "2026-06-30T08:26:12.290272+00:00",
        "last_seen": "2026-06-30T13:34:20.102363+00:00",
        "ttl_seconds": -1.0
      }
    },
    {
      "type": "Feature",
      "geometry": {
        "type": "Point",
        "coordinates": [
          6.6879,
          -2.965
        ]
      },
      "properties": {
        "obj_id": "chair_1362",
        "class_name": "chair",
        "class_id": 56,
        "mobility": "static",
        "confidence": 0.694,
        "observation_count": 20,
        "best_score": 2.312,
        "first_seen": "2026-06-30T08:26:23.727844+00:00",
        "last_seen": "2026-06-30T12:59:40.986954+00:00",
        "ttl_seconds": -1.0
      }
    },
    {
      "type": "Feature",
      "geometry": {
        "type": "Point",
        "coordinates": [
          5.2217,
          -3.6954
        ]
      },
      "properties": {
        "obj_id": "chair_1364",
        "class_name": "chair",
        "class_id": 56,
        "mobility": "static",
        "confidence": 0.58,
        "observation_count": 2,
        "best_score": 1.321,
        "first_seen": "2026-06-30T08:26:25.197041+00:00",
        "last_seen": "2026-06-30T08:26:25.198312+00:00",
        "ttl_seconds": -1.0
      }
    },
    {
      "type": "Feature",
      "geometry": {
        "type": "Point",
        "coordinates": [
          8.4237,
          0.4112
        ]
      },
      "properties": {
        "obj_id": "chair_1365",
        "class_name": "chair",
        "class_id": 56,
        "mobility": "static",
        "confidence": 0.816,
        "observation_count": 134,
        "best_score": 57.464,
        "first_seen": "2026-06-30T08:26:27.062748+00:00",
        "last_seen": "2026-07-02T11:39:12.500704+00:00",
        "ttl_seconds": -1.0
      }
    },
    {
      "type": "Feature",
      "geometry": {
        "type": "Point",
        "coordinates": [
          8.7566,
          0.2493
        ]
      },
      "properties": {
        "obj_id": "suitcase_1366",
        "class_name": "suitcase",
        "class_id": 28,
        "mobility": "static",
        "confidence": 0.564,
        "observation_count": 6,
        "best_score": 22.02,
        "first_seen": "2026-06-30T08:26:27.467590+00:00",
        "last_seen": "2026-06-30T08:26:27.468661+00:00",
        "ttl_seconds": -1.0
      }
    },
    {
      "type": "Feature",
      "geometry": {
        "type": "Point",
        "coordinates": [
          5.2213,
          -5.648
        ]
      },
      "properties": {
        "obj_id": "chair_1367",
        "class_name": "chair",
        "class_id": 56,
        "mobility": "static",
        "confidence": 0.749,
        "observation_count": 25,
        "best_score": 0.617,
        "first_seen": "2026-06-30T08:26:27.844973+00:00",
        "last_seen": "2026-06-30T12:55:56.372933+00:00",
        "ttl_seconds": -1.0
      }
    },
    {
      "type": "Feature",
      "geometry": {
        "type": "Point",
        "coordinates": [
          8.7786,
          0.3384
        ]
      },
      "properties": {
        "obj_id": "backpack_1368",
        "class_name": "backpack",
        "class_id": 24,
        "mobility": "static",
        "confidence": 0.595,
        "observation_count": 9,
        "best_score": 41.911,
        "first_seen": "2026-06-30T08:26:27.849852+00:00",
        "last_seen": "2026-06-30T08:26:27.851383+00:00",
        "ttl_seconds": -1.0
      }
    },
    {
      "type": "Feature",
      "geometry": {
        "type": "Point",
        "coordinates": [
          4.9948,
          -6.105
        ]
      },
      "properties": {
        "obj_id": "chair_1369",
        "class_name": "chair",
        "class_id": 56,
        "mobility": "static",
        "confidence": 0.785,
        "observation_count": 24,
        "best_score": 0.604,
        "first_seen": "2026-06-30T08:26:28.182271+00:00",
        "last_seen": "2026-06-30T12:55:44.736059+00:00",
        "ttl_seconds": -1.0
      }
    },
    {
      "type": "Feature",
      "geometry": {
        "type": "Point",
        "coordinates": [
          -0.3238,
          -3.6896
        ]
      },
      "properties": {
        "obj_id": "chair_1371",
        "class_name": "chair",
        "class_id": 56,
        "mobility": "static",
        "confidence": 0.661,
        "observation_count": 12,
        "best_score": 0.249,
        "first_seen": "2026-06-30T08:27:18.873021+00:00",
        "last_seen": "2026-06-30T08:27:19.205441+00:00",
        "ttl_seconds": -1.0
      }
    },
    {
      "type": "Feature",
      "geometry": {
        "type": "Point",
        "coordinates": [
          1.48,
          0.7453
        ]
      },
      "properties": {
        "obj_id": "chair_1372",
        "class_name": "chair",
        "class_id": 56,
        "mobility": "static",
        "confidence": 0.706,
        "observation_count": 225,
        "best_score": 4.992,
        "first_seen": "2026-06-30T08:28:11.397052+00:00",
        "last_seen": "2026-07-03T10:10:37.771239+00:00",
        "ttl_seconds": -1.0
      }
    },
    {
      "type": "Feature",
      "geometry": {
        "type": "Point",
        "coordinates": [
          6.3463,
          0.3831
        ]
      },
      "properties": {
        "obj_id": "chair_1373",
        "class_name": "chair",
        "class_id": 56,
        "mobility": "static",
        "confidence": 0.777,
        "observation_count": 117,
        "best_score": 12.786,
        "first_seen": "2026-06-30T12:41:34.010233+00:00",
        "last_seen": "2026-07-02T14:57:30.757398+00:00",
        "ttl_seconds": -1.0
      }
    },
    {
      "type": "Feature",
      "geometry": {
        "type": "Point",
        "coordinates": [
          3.8243,
          -5.6205
        ]
      },
      "properties": {
        "obj_id": "chair_1383",
        "class_name": "chair",
        "class_id": 56,
        "mobility": "static",
        "confidence": 0.533,
        "observation_count": 1,
        "best_score": 0.554,
        "first_seen": "2026-06-30T12:55:22.468880+00:00",
        "last_seen": "2026-06-30T12:55:22.468880+00:00",
        "ttl_seconds": -1.0
      }
    },
    {
      "type": "Feature",
      "geometry": {
        "type": "Point",
        "coordinates": [
          7.6592,
          -4.6081
        ]
      },
      "properties": {
        "obj_id": "chair_1384",
        "class_name": "chair",
        "class_id": 56,
        "mobility": "static",
        "confidence": 0.656,
        "observation_count": 11,
        "best_score": 0.724,
        "first_seen": "2026-06-30T12:55:42.402895+00:00",
        "last_seen": "2026-06-30T13:21:30.664237+00:00",
        "ttl_seconds": -1.0
      }
    },
    {
      "type": "Feature",
      "geometry": {
        "type": "Point",
        "coordinates": [
          5.3472,
          -0.5753
        ]
      },
      "properties": {
        "obj_id": "chair_1392",
        "class_name": "chair",
        "class_id": 56,
        "mobility": "static",
        "confidence": 0.742,
        "observation_count": 243,
        "best_score": 2.457,
        "first_seen": "2026-06-30T12:57:44.838790+00:00",
        "last_seen": "2026-06-30T12:59:36.446274+00:00",
        "ttl_seconds": -1.0
      }
    },
    {
      "type": "Feature",
      "geometry": {
        "type": "Point",
        "coordinates": [
          3.7924,
          -3.6508
        ]
      },
      "properties": {
        "obj_id": "chair_1393",
        "class_name": "chair",
        "class_id": 56,
        "mobility": "static",
        "confidence": 0.51,
        "observation_count": 1,
        "best_score": 0.293,
        "first_seen": "2026-06-30T12:58:26.669689+00:00",
        "last_seen": "2026-06-30T12:58:26.669689+00:00",
        "ttl_seconds": -1.0
      }
    },
    {
      "type": "Feature",
      "geometry": {
        "type": "Point",
        "coordinates": [
          9.0324,
          -1.9001
        ]
      },
      "properties": {
        "obj_id": "chair_1394",
        "class_name": "chair",
        "class_id": 56,
        "mobility": "static",
        "confidence": 0.82,
        "observation_count": 113,
        "best_score": 4.29,
        "first_seen": "2026-06-30T12:59:01.220682+00:00",
        "last_seen": "2026-07-02T14:57:27.677395+00:00",
        "ttl_seconds": -1.0
      }
    },
    {
      "type": "Feature",
      "geometry": {
        "type": "Point",
        "coordinates": [
          7.538,
          -5.238
        ]
      },
      "properties": {
        "obj_id": "chair_1395",
        "class_name": "chair",
        "class_id": 56,
        "mobility": "static",
        "confidence": 0.706,
        "observation_count": 11,
        "best_score": 0.682,
        "first_seen": "2026-06-30T12:59:12.132931+00:00",
        "last_seen": "2026-06-30T13:24:13.490910+00:00",
        "ttl_seconds": -1.0
      }
    },
    {
      "type": "Feature",
      "geometry": {
        "type": "Point",
        "coordinates": [
          3.9434,
          -3.9528
        ]
      },
      "properties": {
        "obj_id": "chair_1396",
        "class_name": "chair",
        "class_id": 56,
        "mobility": "static",
        "confidence": 0.846,
        "observation_count": 837,
        "best_score": 1.368,
        "first_seen": "2026-06-30T12:59:18.480171+00:00",
        "last_seen": "2026-06-30T13:34:20.101645+00:00",
        "ttl_seconds": -1.0
      }
    },
    {
      "type": "Feature",
      "geometry": {
        "type": "Point",
        "coordinates": [
          2.4234,
          -4.4527
        ]
      },
      "properties": {
        "obj_id": "chair_1397",
        "class_name": "chair",
        "class_id": 56,
        "mobility": "static",
        "confidence": 0.672,
        "observation_count": 21,
        "best_score": 0.752,
        "first_seen": "2026-06-30T12:59:29.542422+00:00",
        "last_seen": "2026-06-30T12:59:34.109773+00:00",
        "ttl_seconds": -1.0
      }
    },
    {
      "type": "Feature",
      "geometry": {
        "type": "Point",
        "coordinates": [
          1.7325,
          -5.4062
        ]
      },
      "properties": {
        "obj_id": "chair_1398",
        "class_name": "chair",
        "class_id": 56,
        "mobility": "static",
        "confidence": 0.745,
        "observation_count": 6,
        "best_score": 0.475,
        "first_seen": "2026-06-30T12:59:36.851919+00:00",
        "last_seen": "2026-06-30T12:59:36.855840+00:00",
        "ttl_seconds": -1.0
      }
    },
    {
      "type": "Feature",
      "geometry": {
        "type": "Point",
        "coordinates": [
          6.5477,
          -2.0765
        ]
      },
      "properties": {
        "obj_id": "chair_1399",
        "class_name": "chair",
        "class_id": 56,
        "mobility": "static",
        "confidence": 0.573,
        "observation_count": 3,
        "best_score": 0.628,
        "first_seen": "2026-06-30T12:59:39.038484+00:00",
        "last_seen": "2026-06-30T12:59:39.040477+00:00",
        "ttl_seconds": -1.0
      }
    },
    {
      "type": "Feature",
      "geometry": {
        "type": "Point",
        "coordinates": [
          9.3806,
          -1.4064
        ]
      },
      "properties": {
        "obj_id": "chair_1400",
        "class_name": "chair",
        "class_id": 56,
        "mobility": "static",
        "confidence": 0.731,
        "observation_count": 32,
        "best_score": 3.191,
        "first_seen": "2026-06-30T12:59:42.142035+00:00",
        "last_seen": "2026-06-30T12:59:54.140812+00:00",
        "ttl_seconds": -1.0
      }
    },
    {
      "type": "Feature",
      "geometry": {
        "type": "Point",
        "coordinates": [
          9.7431,
          -3.0403
        ]
      },
      "properties": {
        "obj_id": "chair_1401",
        "class_name": "chair",
        "class_id": 56,
        "mobility": "static",
        "confidence": 0.564,
        "observation_count": 9,
        "best_score": 1.271,
        "first_seen": "2026-06-30T12:59:46.495595+00:00",
        "last_seen": "2026-06-30T12:59:47.978963+00:00",
        "ttl_seconds": -1.0
      }
    },
    {
      "type": "Feature",
      "geometry": {
        "type": "Point",
        "coordinates": [
          8.244,
          3.9312
        ]
      },
      "properties": {
        "obj_id": "chair_1402",
        "class_name": "chair",
        "class_id": 56,
        "mobility": "static",
        "confidence": 0.617,
        "observation_count": 7,
        "best_score": 2.482,
        "first_seen": "2026-06-30T13:00:14.940169+00:00",
        "last_seen": "2026-07-02T12:05:53.257614+00:00",
        "ttl_seconds": -1.0
      }
    },
    {
      "type": "Feature",
      "geometry": {
        "type": "Point",
        "coordinates": [
          7.1036,
          4.4996
        ]
      },
      "properties": {
        "obj_id": "chair_1403",
        "class_name": "chair",
        "class_id": 56,
        "mobility": "static",
        "confidence": 0.841,
        "observation_count": 17,
        "best_score": 0.86,
        "first_seen": "2026-06-30T13:00:19.054860+00:00",
        "last_seen": "2026-06-30T13:00:19.737548+00:00",
        "ttl_seconds": -1.0
      }
    },
    {
      "type": "Feature",
      "geometry": {
        "type": "Point",
        "coordinates": [
          8.8777,
          3.4739
        ]
      },
      "properties": {
        "obj_id": "chair_1404",
        "class_name": "chair",
        "class_id": 56,
        "mobility": "static",
        "confidence": 0.764,
        "observation_count": 1144,
        "best_score": 4.782,
        "first_seen": "2026-06-30T13:00:27.177664+00:00",
        "last_seen": "2026-07-03T09:26:06.408074+00:00",
        "ttl_seconds": -1.0
      }
    },
    {
      "type": "Feature",
      "geometry": {
        "type": "Point",
        "coordinates": [
          8.7156,
          -6.1031
        ]
      },
      "properties": {
        "obj_id": "chair_1406",
        "class_name": "chair",
        "class_id": 56,
        "mobility": "static",
        "confidence": 0.539,
        "observation_count": 2,
        "best_score": 0.271,
        "first_seen": "2026-06-30T13:21:31.060085+00:00",
        "last_seen": "2026-06-30T13:21:31.061154+00:00",
        "ttl_seconds": -1.0
      }
    },
    {
      "type": "Feature",
      "geometry": {
        "type": "Point",
        "coordinates": [
          8.2994,
          -1.4192
        ]
      },
      "properties": {
        "obj_id": "chair_1407",
        "class_name": "chair",
        "class_id": 56,
        "mobility": "static",
        "confidence": 0.794,
        "observation_count": 24,
        "best_score": 2.167,
        "first_seen": "2026-06-30T13:24:09.692495+00:00",
        "last_seen": "2026-07-02T14:57:15.962860+00:00",
        "ttl_seconds": -1.0
      }
    },
    {
      "type": "Feature",
      "geometry": {
        "type": "Point",
        "coordinates": [
          6.0702,
          -2.1036
        ]
      },
      "properties": {
        "obj_id": "bench_1408",
        "class_name": "bench",
        "class_id": 13,
        "mobility": "static",
        "confidence": 0.615,
        "observation_count": 6,
        "best_score": 2.038,
        "first_seen": "2026-06-30T13:24:10.092591+00:00",
        "last_seen": "2026-06-30T13:24:10.094117+00:00",
        "ttl_seconds": -1.0
      }
    },
    {
      "type": "Feature",
      "geometry": {
        "type": "Point",
        "coordinates": [
          3.6014,
          -4.6224
        ]
      },
      "properties": {
        "obj_id": "chair_1409",
        "class_name": "chair",
        "class_id": 56,
        "mobility": "static",
        "confidence": 0.822,
        "observation_count": 510,
        "best_score": 1.199,
        "first_seen": "2026-06-30T13:24:16.092737+00:00",
        "last_seen": "2026-06-30T13:34:17.493425+00:00",
        "ttl_seconds": -1.0
      }
    },
    {
      "type": "Feature",
      "geometry": {
        "type": "Point",
        "coordinates": [
          5.5154,
          -1.1488
        ]
      },
      "properties": {
        "obj_id": "chair_1410",
        "class_name": "chair",
        "class_id": 56,
        "mobility": "static",
        "confidence": 0.854,
        "observation_count": 891,
        "best_score": 7.002,
        "first_seen": "2026-06-30T13:24:16.818929+00:00",
        "last_seen": "2026-06-30T13:34:16.795344+00:00",
        "ttl_seconds": -1.0
      }
    },
    {
      "type": "Feature",
      "geometry": {
        "type": "Point",
        "coordinates": [
          5.0323,
          -2.0255
        ]
      },
      "properties": {
        "obj_id": "chair_1411",
        "class_name": "chair",
        "class_id": 56,
        "mobility": "static",
        "confidence": 0.835,
        "observation_count": 698,
        "best_score": 3.365,
        "first_seen": "2026-06-30T13:24:26.225202+00:00",
        "last_seen": "2026-06-30T13:34:18.252574+00:00",
        "ttl_seconds": -1.0
      }
    },
    {
      "type": "Feature",
      "geometry": {
        "type": "Point",
        "coordinates": [
          3.1558,
          -5.4311
        ]
      },
      "properties": {
        "obj_id": "chair_1412",
        "class_name": "chair",
        "class_id": 56,
        "mobility": "static",
        "confidence": 0.732,
        "observation_count": 14,
        "best_score": 0.499,
        "first_seen": "2026-06-30T13:32:00.025561+00:00",
        "last_seen": "2026-06-30T13:33:56.557784+00:00",
        "ttl_seconds": -1.0
      }
    },
    {
      "type": "Feature",
      "geometry": {
        "type": "Point",
        "coordinates": [
          3.3026,
          -6.6684
        ]
      },
      "properties": {
        "obj_id": "chair_1416",
        "class_name": "chair",
        "class_id": 56,
        "mobility": "static",
        "confidence": 0.503,
        "observation_count": 1,
        "best_score": 0.326,
        "first_seen": "2026-06-30T14:10:35.900255+00:00",
        "last_seen": "2026-06-30T14:10:35.900255+00:00",
        "ttl_seconds": -1.0
      }
    },
    {
      "type": "Feature",
      "geometry": {
        "type": "Point",
        "coordinates": [
          4.946,
          0.2857
        ]
      },
      "properties": {
        "obj_id": "tv_1422",
        "class_name": "tv",
        "class_id": 62,
        "mobility": "static",
        "confidence": 0.532,
        "observation_count": 1,
        "best_score": 0.461,
        "first_seen": "2026-06-30T14:11:52.636653+00:00",
        "last_seen": "2026-06-30T14:11:52.636653+00:00",
        "ttl_seconds": -1.0
      }
    },
    {
      "type": "Feature",
      "geometry": {
        "type": "Point",
        "coordinates": [
          3.9862,
          1.0851
        ]
      },
      "properties": {
        "obj_id": "backpack_1425",
        "class_name": "backpack",
        "class_id": 24,
        "mobility": "static",
        "confidence": 0.522,
        "observation_count": 8,
        "best_score": 67.758,
        "first_seen": "2026-06-30T14:16:08.469766+00:00",
        "last_seen": "2026-06-30T14:16:55.798613+00:00",
        "ttl_seconds": -1.0
      }
    },
    {
      "type": "Feature",
      "geometry": {
        "type": "Point",
        "coordinates": [
          9.1754,
          2.5576
        ]
      },
      "properties": {
        "obj_id": "chair_1427",
        "class_name": "chair",
        "class_id": 56,
        "mobility": "static",
        "confidence": 0.765,
        "observation_count": 208,
        "best_score": 4.057,
        "first_seen": "2026-06-30T14:20:18.943891+00:00",
        "last_seen": "2026-07-02T12:05:58.490105+00:00",
        "ttl_seconds": -1.0
      }
    },
    {
      "type": "Feature",
      "geometry": {
        "type": "Point",
        "coordinates": [
          5.8615,
          1.3637
        ]
      },
      "properties": {
        "obj_id": "chair_1428",
        "class_name": "chair",
        "class_id": 56,
        "mobility": "static",
        "confidence": 0.656,
        "observation_count": 142,
        "best_score": 1.905,
        "first_seen": "2026-06-30T14:21:18.431507+00:00",
        "last_seen": "2026-06-30T14:22:39.784217+00:00",
        "ttl_seconds": -1.0
      }
    },
    {
      "type": "Feature",
      "geometry": {
        "type": "Point",
        "coordinates": [
          5.0784,
          1.1894
        ]
      },
      "properties": {
        "obj_id": "chair_1429",
        "class_name": "chair",
        "class_id": 56,
        "mobility": "static",
        "confidence": 0.619,
        "observation_count": 16,
        "best_score": 1.908,
        "first_seen": "2026-06-30T14:21:19.572520+00:00",
        "last_seen": "2026-06-30T14:22:39.058635+00:00",
        "ttl_seconds": -1.0
      }
    },
    {
      "type": "Feature",
      "geometry": {
        "type": "Point",
        "coordinates": [
          9.3766,
          1.2095
        ]
      },
      "properties": {
        "obj_id": "chair_1430",
        "class_name": "chair",
        "class_id": 56,
        "mobility": "static",
        "confidence": 0.656,
        "observation_count": 27,
        "best_score": 1.993,
        "first_seen": "2026-06-30T14:22:40.223367+00:00",
        "last_seen": "2026-07-02T11:39:12.501353+00:00",
        "ttl_seconds": -1.0
      }
    },
    {
      "type": "Feature",
      "geometry": {
        "type": "Point",
        "coordinates": [
          8.8576,
          1.4856
        ]
      },
      "properties": {
        "obj_id": "chair_1431",
        "class_name": "chair",
        "class_id": 56,
        "mobility": "static",
        "confidence": 0.749,
        "observation_count": 35,
        "best_score": 3.146,
        "first_seen": "2026-06-30T14:22:40.557189+00:00",
        "last_seen": "2026-07-02T11:39:09.574236+00:00",
        "ttl_seconds": -1.0
      }
    },
    {
      "type": "Feature",
      "geometry": {
        "type": "Point",
        "coordinates": [
          8.6564,
          -0.8403
        ]
      },
      "properties": {
        "obj_id": "chair_1432",
        "class_name": "chair",
        "class_id": 56,
        "mobility": "static",
        "confidence": 0.791,
        "observation_count": 124,
        "best_score": 6.373,
        "first_seen": "2026-07-02T11:28:10.930735+00:00",
        "last_seen": "2026-07-02T11:39:27.076208+00:00",
        "ttl_seconds": -1.0
      }
    },
    {
      "type": "Feature",
      "geometry": {
        "type": "Point",
        "coordinates": [
          9.1244,
          -0.2567
        ]
      },
      "properties": {
        "obj_id": "chair_1433",
        "class_name": "chair",
        "class_id": 56,
        "mobility": "static",
        "confidence": 0.807,
        "observation_count": 53,
        "best_score": 5.596,
        "first_seen": "2026-07-02T11:28:19.539784+00:00",
        "last_seen": "2026-07-02T11:39:14.764870+00:00",
        "ttl_seconds": -1.0
      }
    },
    {
      "type": "Feature",
      "geometry": {
        "type": "Point",
        "coordinates": [
          7.5398,
          1.2211
        ]
      },
      "properties": {
        "obj_id": "chair_1436",
        "class_name": "chair",
        "class_id": 56,
        "mobility": "static",
        "confidence": 0.629,
        "observation_count": 11,
        "best_score": 7.854,
        "first_seen": "2026-07-02T11:39:08.389135+00:00",
        "last_seen": "2026-07-02T11:39:37.323019+00:00",
        "ttl_seconds": -1.0
      }
    },
    {
      "type": "Feature",
      "geometry": {
        "type": "Point",
        "coordinates": [
          7.1499,
          2.0461
        ]
      },
      "properties": {
        "obj_id": "chair_1437",
        "class_name": "chair",
        "class_id": 56,
        "mobility": "static",
        "confidence": 0.793,
        "observation_count": 26163,
        "best_score": 6.452,
        "first_seen": "2026-07-02T11:51:01.070825+00:00",
        "last_seen": "2026-07-03T09:53:20.533254+00:00",
        "ttl_seconds": -1.0
      }
    },
    {
      "type": "Feature",
      "geometry": {
        "type": "Point",
        "coordinates": [
          1.5732,
          0.5825
        ]
      },
      "properties": {
        "obj_id": "dining table_1442",
        "class_name": "dining table",
        "class_id": 60,
        "mobility": "static",
        "confidence": 0.529,
        "observation_count": 6,
        "best_score": 5.628,
        "first_seen": "2026-07-02T11:57:38.711935+00:00",
        "last_seen": "2026-07-03T10:12:23.278592+00:00",
        "ttl_seconds": -1.0
      }
    },
    {
      "type": "Feature",
      "geometry": {
        "type": "Point",
        "coordinates": [
          5.4079,
          2.8851
        ]
      },
      "properties": {
        "obj_id": "chair_1446",
        "class_name": "chair",
        "class_id": 56,
        "mobility": "static",
        "confidence": 0.764,
        "observation_count": 18,
        "best_score": 1.758,
        "first_seen": "2026-07-02T12:02:26.640918+00:00",
        "last_seen": "2026-07-03T09:54:40.335817+00:00",
        "ttl_seconds": -1.0
      }
    },
    {
      "type": "Feature",
      "geometry": {
        "type": "Point",
        "coordinates": [
          2.8213,
          0.9983
        ]
      },
      "properties": {
        "obj_id": "dining table_1449",
        "class_name": "dining table",
        "class_id": 60,
        "mobility": "static",
        "confidence": 0.518,
        "observation_count": 1,
        "best_score": 7.446,
        "first_seen": "2026-07-02T12:02:34.274896+00:00",
        "last_seen": "2026-07-02T12:02:34.274896+00:00",
        "ttl_seconds": -1.0
      }
    },
    {
      "type": "Feature",
      "geometry": {
        "type": "Point",
        "coordinates": [
          7.5792,
          3.3869
        ]
      },
      "properties": {
        "obj_id": "chair_1451",
        "class_name": "chair",
        "class_id": 56,
        "mobility": "static",
        "confidence": 0.785,
        "observation_count": 30,
        "best_score": 3.212,
        "first_seen": "2026-07-02T12:04:09.162951+00:00",
        "last_seen": "2026-07-02T12:11:25.793051+00:00",
        "ttl_seconds": -1.0
      }
    },
    {
      "type": "Feature",
      "geometry": {
        "type": "Point",
        "coordinates": [
          4.9479,
          2.0933
        ]
      },
      "properties": {
        "obj_id": "chair_1453",
        "class_name": "chair",
        "class_id": 56,
        "mobility": "static",
        "confidence": 0.561,
        "observation_count": 8,
        "best_score": 8.263,
        "first_seen": "2026-07-02T12:05:15.007041+00:00",
        "last_seen": "2026-07-02T12:05:38.217716+00:00",
        "ttl_seconds": -1.0
      }
    },
    {
      "type": "Feature",
      "geometry": {
        "type": "Point",
        "coordinates": [
          4.3684,
          2.6319
        ]
      },
      "properties": {
        "obj_id": "chair_1456",
        "class_name": "chair",
        "class_id": 56,
        "mobility": "static",
        "confidence": 0.506,
        "observation_count": 1,
        "best_score": 2.645,
        "first_seen": "2026-07-02T12:05:40.117339+00:00",
        "last_seen": "2026-07-02T12:05:40.117339+00:00",
        "ttl_seconds": -1.0
      }
    },
    {
      "type": "Feature",
      "geometry": {
        "type": "Point",
        "coordinates": [
          6.5575,
          3.8677
        ]
      },
      "properties": {
        "obj_id": "chair_1459",
        "class_name": "chair",
        "class_id": 56,
        "mobility": "static",
        "confidence": 0.502,
        "observation_count": 2,
        "best_score": 1.997,
        "first_seen": "2026-07-02T12:12:58.160004+00:00",
        "last_seen": "2026-07-02T12:12:58.161387+00:00",
        "ttl_seconds": -1.0
      }
    },
    {
      "type": "Feature",
      "geometry": {
        "type": "Point",
        "coordinates": [
          7.0051,
          -0.1935
        ]
      },
      "properties": {
        "obj_id": "chair_1462",
        "class_name": "chair",
        "class_id": 56,
        "mobility": "static",
        "confidence": 0.618,
        "observation_count": 16,
        "best_score": 1.568,
        "first_seen": "2026-07-02T14:57:25.256693+00:00",
        "last_seen": "2026-07-02T14:57:29.968070+00:00",
        "ttl_seconds": -1.0
      }
    },
    {
      "type": "Feature",
      "geometry": {
        "type": "Point",
        "coordinates": [
          -0.2307,
          0.9674
        ]
      },
      "properties": {
        "obj_id": "chair_1468",
        "class_name": "chair",
        "class_id": 56,
        "mobility": "static",
        "confidence": 0.59,
        "observation_count": 6,
        "best_score": 0.621,
        "first_seen": "2026-07-02T14:58:35.300313+00:00",
        "last_seen": "2026-07-02T14:58:35.305942+00:00",
        "ttl_seconds": -1.0
      }
    },
    {
      "type": "Feature",
      "geometry": {
        "type": "Point",
        "coordinates": [
          -3.2245,
          0.9071
        ]
      },
      "properties": {
        "obj_id": "chair_1485",
        "class_name": "chair",
        "class_id": 56,
        "mobility": "static",
        "confidence": 0.757,
        "observation_count": 2262,
        "best_score": 1.896,
        "first_seen": "2026-03-24T09:20:42.474007+00:00",
        "last_seen": "2026-03-24T09:22:54.285917+00:00",
        "ttl_seconds": -1.0
      }
    },
    {
      "type": "Feature",
      "geometry": {
        "type": "Point",
        "coordinates": [
          -4.2723,
          7.6889
        ]
      },
      "properties": {
        "obj_id": "chair_1487",
        "class_name": "chair",
        "class_id": 56,
        "mobility": "static",
        "confidence": 0.735,
        "observation_count": 36,
        "best_score": 1.356,
        "first_seen": "2026-03-24T09:22:58.134507+00:00",
        "last_seen": "2026-03-24T09:23:05.417799+00:00",
        "ttl_seconds": -1.0
      }
    },
    {
      "type": "Feature",
      "geometry": {
        "type": "Point",
        "coordinates": [
          -4.2425,
          9.7436
        ]
      },
      "properties": {
        "obj_id": "chair_1488",
        "class_name": "chair",
        "class_id": 56,
        "mobility": "static",
        "confidence": 0.532,
        "observation_count": 2,
        "best_score": 0.314,
        "first_seen": "2026-03-24T09:23:02.014672+00:00",
        "last_seen": "2026-03-24T09:23:02.016028+00:00",
        "ttl_seconds": -1.0
      }
    },
    {
      "type": "Feature",
      "geometry": {
        "type": "Point",
        "coordinates": [
          -3.8932,
          8.6798
        ]
      },
      "properties": {
        "obj_id": "chair_1489",
        "class_name": "chair",
        "class_id": 56,
        "mobility": "static",
        "confidence": 0.686,
        "observation_count": 40,
        "best_score": 2.97,
        "first_seen": "2026-03-24T09:23:02.364020+00:00",
        "last_seen": "2026-03-24T09:27:39.433067+00:00",
        "ttl_seconds": -1.0
      }
    },
    {
      "type": "Feature",
      "geometry": {
        "type": "Point",
        "coordinates": [
          -4.6139,
          8.0913
        ]
      },
      "properties": {
        "obj_id": "chair_1490",
        "class_name": "chair",
        "class_id": 56,
        "mobility": "static",
        "confidence": 0.523,
        "observation_count": 1,
        "best_score": 1.137,
        "first_seen": "2026-03-24T09:23:03.877233+00:00",
        "last_seen": "2026-03-24T09:23:03.877233+00:00",
        "ttl_seconds": -1.0
      }
    },
    {
      "type": "Feature",
      "geometry": {
        "type": "Point",
        "coordinates": [
          -4.0029,
          6.6173
        ]
      },
      "properties": {
        "obj_id": "chair_1496",
        "class_name": "chair",
        "class_id": 56,
        "mobility": "static",
        "confidence": 0.58,
        "observation_count": 5,
        "best_score": 3.293,
        "first_seen": "2026-03-24T09:23:37.500157+00:00",
        "last_seen": "2026-03-24T09:23:37.502026+00:00",
        "ttl_seconds": -1.0
      }
    },
    {
      "type": "Feature",
      "geometry": {
        "type": "Point",
        "coordinates": [
          -4.1947,
          5.228
        ]
      },
      "properties": {
        "obj_id": "chair_1497",
        "class_name": "chair",
        "class_id": 56,
        "mobility": "static",
        "confidence": 0.762,
        "observation_count": 33,
        "best_score": 2.304,
        "first_seen": "2026-03-24T09:23:37.907357+00:00",
        "last_seen": "2026-03-24T09:23:40.208764+00:00",
        "ttl_seconds": -1.0
      }
    },
    {
      "type": "Feature",
      "geometry": {
        "type": "Point",
        "coordinates": [
          -3.6217,
          3.241
        ]
      },
      "properties": {
        "obj_id": "chair_1498",
        "class_name": "chair",
        "class_id": 56,
        "mobility": "static",
        "confidence": 0.644,
        "observation_count": 38,
        "best_score": 3.876,
        "first_seen": "2026-03-24T09:23:42.078144+00:00",
        "last_seen": "2026-03-24T09:28:26.061706+00:00",
        "ttl_seconds": -1.0
      }
    },
    {
      "type": "Feature",
      "geometry": {
        "type": "Point",
        "coordinates": [
          -3.7038,
          3.2308
        ]
      },
      "properties": {
        "obj_id": "laptop_1499",
        "class_name": "laptop",
        "class_id": 63,
        "mobility": "static",
        "confidence": 0.562,
        "observation_count": 5,
        "best_score": 6.448,
        "first_seen": "2026-03-24T09:23:44.602421+00:00",
        "last_seen": "2026-03-24T09:28:24.098282+00:00",
        "ttl_seconds": -1.0
      }
    },
    {
      "type": "Feature",
      "geometry": {
        "type": "Point",
        "coordinates": [
          -3.9432,
          2.3938
        ]
      },
      "properties": {
        "obj_id": "chair_1501",
        "class_name": "chair",
        "class_id": 56,
        "mobility": "static",
        "confidence": 0.501,
        "observation_count": 1,
        "best_score": 1.916,
        "first_seen": "2026-03-24T09:23:52.594944+00:00",
        "last_seen": "2026-03-24T09:23:52.594944+00:00",
        "ttl_seconds": -1.0
      }
    },
    {
      "type": "Feature",
      "geometry": {
        "type": "Point",
        "coordinates": [
          -2.0508,
          7.3024
        ]
      },
      "properties": {
        "obj_id": "chair_1503",
        "class_name": "chair",
        "class_id": 56,
        "mobility": "static",
        "confidence": 0.757,
        "observation_count": 9,
        "best_score": 0.574,
        "first_seen": "2026-03-24T09:27:05.731009+00:00",
        "last_seen": "2026-03-24T09:27:06.102059+00:00",
        "ttl_seconds": -1.0
      }
    },
    {
      "type": "Feature",
      "geometry": {
        "type": "Point",
        "coordinates": [
          -1.5469,
          6.8829
        ]
      },
      "properties": {
        "obj_id": "chair_1504",
        "class_name": "chair",
        "class_id": 56,
        "mobility": "static",
        "confidence": 0.672,
        "observation_count": 23,
        "best_score": 1.031,
        "first_seen": "2026-03-24T09:27:05.737383+00:00",
        "last_seen": "2026-03-24T09:27:10.803449+00:00",
        "ttl_seconds": -1.0
      }
    },
    {
      "type": "Feature",
      "geometry": {
        "type": "Point",
        "coordinates": [
          -1.765,
          7.6224
        ]
      },
      "properties": {
        "obj_id": "chair_1505",
        "class_name": "chair",
        "class_id": 56,
        "mobility": "static",
        "confidence": 0.761,
        "observation_count": 49,
        "best_score": 1.798,
        "first_seen": "2026-03-24T09:27:06.518457+00:00",
        "last_seen": "2026-03-24T09:27:09.291752+00:00",
        "ttl_seconds": -1.0
      }
    },
    {
      "type": "Feature",
      "geometry": {
        "type": "Point",
        "coordinates": [
          -2.0207,
          8.5756
        ]
      },
      "properties": {
        "obj_id": "chair_1506",
        "class_name": "chair",
        "class_id": 56,
        "mobility": "static",
        "confidence": 0.794,
        "observation_count": 56,
        "best_score": 1.119,
        "first_seen": "2026-03-24T09:27:07.331485+00:00",
        "last_seen": "2026-03-24T09:27:09.612577+00:00",
        "ttl_seconds": -1.0
      }
    },
    {
      "type": "Feature",
      "geometry": {
        "type": "Point",
        "coordinates": [
          -1.9945,
          9.8666
        ]
      },
      "properties": {
        "obj_id": "chair_1507",
        "class_name": "chair",
        "class_id": 56,
        "mobility": "static",
        "confidence": 0.536,
        "observation_count": 3,
        "best_score": 0.365,
        "first_seen": "2026-03-24T09:27:07.336792+00:00",
        "last_seen": "2026-03-24T09:27:07.340240+00:00",
        "ttl_seconds": -1.0
      }
    },
    {
      "type": "Feature",
      "geometry": {
        "type": "Point",
        "coordinates": [
          -1.7364,
          11.2086
        ]
      },
      "properties": {
        "obj_id": "chair_1509",
        "class_name": "chair",
        "class_id": 56,
        "mobility": "static",
        "confidence": 0.598,
        "observation_count": 9,
        "best_score": 0.517,
        "first_seen": "2026-03-24T09:27:08.531023+00:00",
        "last_seen": "2026-03-24T09:27:09.293489+00:00",
        "ttl_seconds": -1.0
      }
    },
    {
      "type": "Feature",
      "geometry": {
        "type": "Point",
        "coordinates": [
          -4.2624,
          5.8349
        ]
      },
      "properties": {
        "obj_id": "chair_1513",
        "class_name": "chair",
        "class_id": 56,
        "mobility": "static",
        "confidence": 0.861,
        "observation_count": 10,
        "best_score": 0.802,
        "first_seen": "2026-03-24T09:27:12.417471+00:00",
        "last_seen": "2026-03-24T09:27:12.423094+00:00",
        "ttl_seconds": -1.0
      }
    },
    {
      "type": "Feature",
      "geometry": {
        "type": "Point",
        "coordinates": [
          -7.4539,
          2.3279
        ]
      },
      "properties": {
        "obj_id": "chair_1515",
        "class_name": "chair",
        "class_id": 56,
        "mobility": "static",
        "confidence": 0.757,
        "observation_count": 3,
        "best_score": 0.341,
        "first_seen": "2026-03-24T09:27:15.136012+00:00",
        "last_seen": "2026-03-24T09:27:16.228225+00:00",
        "ttl_seconds": -1.0
      }
    },
    {
      "type": "Feature",
      "geometry": {
        "type": "Point",
        "coordinates": [
          -3.0763,
          2.8672
        ]
      },
      "properties": {
        "obj_id": "chair_1516",
        "class_name": "chair",
        "class_id": 56,
        "mobility": "static",
        "confidence": 0.823,
        "observation_count": 25,
        "best_score": 4.507,
        "first_seen": "2026-03-24T09:27:15.139551+00:00",
        "last_seen": "2026-03-24T09:27:16.228007+00:00",
        "ttl_seconds": -1.0
      }
    },
    {
      "type": "Feature",
      "geometry": {
        "type": "Point",
        "coordinates": [
          -5.8005,
          -0.3805
        ]
      },
      "properties": {
        "obj_id": "sink_1521",
        "class_name": "sink",
        "class_id": 71,
        "mobility": "static",
        "confidence": 0.703,
        "observation_count": 11,
        "best_score": 6.82,
        "first_seen": "2026-03-24T09:27:28.552231+00:00",
        "last_seen": "2026-03-24T09:27:28.973431+00:00",
        "ttl_seconds": -1.0
      }
    },
    {
      "type": "Feature",
      "geometry": {
        "type": "Point",
        "coordinates": [
          -9.9603,
          9.6614
        ]
      },
      "properties": {
        "obj_id": "chair_1523",
        "class_name": "chair",
        "class_id": 56,
        "mobility": "static",
        "confidence": 0.59,
        "observation_count": 5,
        "best_score": 0.361,
        "first_seen": "2026-03-24T09:27:35.317341+00:00",
        "last_seen": "2026-03-24T09:27:35.319615+00:00",
        "ttl_seconds": -1.0
      }
    },
    {
      "type": "Feature",
      "geometry": {
        "type": "Point",
        "coordinates": [
          -5.5016,
          15.1132
        ]
      },
      "properties": {
        "obj_id": "suitcase_1534",
        "class_name": "suitcase",
        "class_id": 28,
        "mobility": "static",
        "confidence": 0.526,
        "observation_count": 2,
        "best_score": 0.819,
        "first_seen": "2026-03-24T09:28:04.270033+00:00",
        "last_seen": "2026-03-24T09:28:04.271585+00:00",
        "ttl_seconds": -1.0
      }
    },
    {
      "type": "Feature",
      "geometry": {
        "type": "Point",
        "coordinates": [
          -9.2349,
          13.6537
        ]
      },
      "properties": {
        "obj_id": "bench_1540",
        "class_name": "bench",
        "class_id": 13,
        "mobility": "static",
        "confidence": 0.624,
        "observation_count": 8,
        "best_score": 1.737,
        "first_seen": "2026-03-24T09:28:07.370999+00:00",
        "last_seen": "2026-03-24T09:28:07.795320+00:00",
        "ttl_seconds": -1.0
      }
    },
    {
      "type": "Feature",
      "geometry": {
        "type": "Point",
        "coordinates": [
          -4.5867,
          6.2482
        ]
      },
      "properties": {
        "obj_id": "chair_1541",
        "class_name": "chair",
        "class_id": 56,
        "mobility": "static",
        "confidence": 0.687,
        "observation_count": 13,
        "best_score": 2.005,
        "first_seen": "2026-03-24T09:28:10.871009+00:00",
        "last_seen": "2026-03-24T09:28:11.231521+00:00",
        "ttl_seconds": -1.0
      }
    },
    {
      "type": "Feature",
      "geometry": {
        "type": "Point",
        "coordinates": [
          -4.8443,
          5.046
        ]
      },
      "properties": {
        "obj_id": "chair_1542",
        "class_name": "chair",
        "class_id": 56,
        "mobility": "static",
        "confidence": 0.526,
        "observation_count": 4,
        "best_score": 0.811,
        "first_seen": "2026-03-24T09:28:10.874668+00:00",
        "last_seen": "2026-03-24T09:28:10.876368+00:00",
        "ttl_seconds": -1.0
      }
    },
    {
      "type": "Feature",
      "geometry": {
        "type": "Point",
        "coordinates": [
          -2.8424,
          3.6176
        ]
      },
      "properties": {
        "obj_id": "chair_1549",
        "class_name": "chair",
        "class_id": 56,
        "mobility": "static",
        "confidence": 0.771,
        "observation_count": 129,
        "best_score": 1.443,
        "first_seen": "2026-03-24T09:28:20.433318+00:00",
        "last_seen": "2026-03-24T09:28:27.583031+00:00",
        "ttl_seconds": -1.0
      }
    },
    {
      "type": "Feature",
      "geometry": {
        "type": "Point",
        "coordinates": [
          4.1796,
          14.2024
        ]
      },
      "properties": {
        "obj_id": "tv_1562",
        "class_name": "tv",
        "class_id": 62,
        "mobility": "static",
        "confidence": 0.79,
        "observation_count": 27,
        "best_score": 1.922,
        "first_seen": "2026-03-24T09:28:59.197834+00:00",
        "last_seen": "2026-03-24T09:29:00.309599+00:00",
        "ttl_seconds": -1.0
      }
    },
    {
      "type": "Feature",
      "geometry": {
        "type": "Point",
        "coordinates": [
          -0.0228,
          -3.6692
        ]
      },
      "properties": {
        "obj_id": "bench_1575",
        "class_name": "bench",
        "class_id": 13,
        "mobility": "static",
        "confidence": 0.583,
        "observation_count": 5,
        "best_score": 0.951,
        "first_seen": "2026-03-24T09:29:13.258824+00:00",
        "last_seen": "2026-03-24T09:29:13.263187+00:00",
        "ttl_seconds": -1.0
      }
    },
    {
      "type": "Feature",
      "geometry": {
        "type": "Point",
        "coordinates": [
          -0.6011,
          -3.3939
        ]
      },
      "properties": {
        "obj_id": "bench_1576",
        "class_name": "bench",
        "class_id": 13,
        "mobility": "static",
        "confidence": 0.515,
        "observation_count": 2,
        "best_score": 0.889,
        "first_seen": "2026-03-24T09:29:13.997921+00:00",
        "last_seen": "2026-03-24T09:29:14.344704+00:00",
        "ttl_seconds": -1.0
      }
    },
    {
      "type": "Feature",
      "geometry": {
        "type": "Point",
        "coordinates": [
          1.3614,
          4.6681
        ]
      },
      "properties": {
        "obj_id": "chair_1583",
        "class_name": "chair",
        "class_id": 56,
        "mobility": "static",
        "confidence": 0.659,
        "observation_count": 9,
        "best_score": 10.311,
        "first_seen": "2026-03-24T09:29:21.279477+00:00",
        "last_seen": "2026-03-24T09:29:21.282635+00:00",
        "ttl_seconds": -1.0
      }
    },
    {
      "type": "Feature",
      "geometry": {
        "type": "Point",
        "coordinates": [
          -1.5674,
          -3.0293
        ]
      },
      "properties": {
        "obj_id": "bench_1590",
        "class_name": "bench",
        "class_id": 13,
        "mobility": "static",
        "confidence": 0.688,
        "observation_count": 26,
        "best_score": 2.884,
        "first_seen": "2026-03-24T09:29:25.982009+00:00",
        "last_seen": "2026-03-24T09:29:50.899245+00:00",
        "ttl_seconds": -1.0
      }
    },
    {
      "type": "Feature",
      "geometry": {
        "type": "Point",
        "coordinates": [
          -3.6899,
          -3.4763
        ]
      },
      "properties": {
        "obj_id": "chair_1593",
        "class_name": "chair",
        "class_id": 56,
        "mobility": "static",
        "confidence": 0.609,
        "observation_count": 12,
        "best_score": 0.418,
        "first_seen": "2026-03-24T09:29:30.557756+00:00",
        "last_seen": "2026-03-24T09:29:55.134937+00:00",
        "ttl_seconds": -1.0
      }
    },
    {
      "type": "Feature",
      "geometry": {
        "type": "Point",
        "coordinates": [
          -3.0128,
          -2.8915
        ]
      },
      "properties": {
        "obj_id": "chair_1608",
        "class_name": "chair",
        "class_id": 56,
        "mobility": "static",
        "confidence": 0.774,
        "observation_count": 59,
        "best_score": 0.951,
        "first_seen": "2026-03-24T09:29:50.482617+00:00",
        "last_seen": "2026-03-24T09:29:54.800167+00:00",
        "ttl_seconds": -1.0
      }
    },
    {
      "type": "Feature",
      "geometry": {
        "type": "Point",
        "coordinates": [
          -3.6289,
          -2.485
        ]
      },
      "properties": {
        "obj_id": "chair_1611",
        "class_name": "chair",
        "class_id": 56,
        "mobility": "static",
        "confidence": 0.521,
        "observation_count": 1,
        "best_score": 0.379,
        "first_seen": "2026-03-24T09:29:50.898263+00:00",
        "last_seen": "2026-03-24T09:29:50.898263+00:00",
        "ttl_seconds": -1.0
      }
    },
    {
      "type": "Feature",
      "geometry": {
        "type": "Point",
        "coordinates": [
          -2.2815,
          -2.8046
        ]
      },
      "properties": {
        "obj_id": "chair_1620",
        "class_name": "chair",
        "class_id": 56,
        "mobility": "static",
        "confidence": 0.811,
        "observation_count": 115,
        "best_score": 3.066,
        "first_seen": "2026-03-24T09:30:05.935579+00:00",
        "last_seen": "2026-03-24T09:32:38.500275+00:00",
        "ttl_seconds": -1.0
      }
    },
    {
      "type": "Feature",
      "geometry": {
        "type": "Point",
        "coordinates": [
          1.2838,
          -3.6012
        ]
      },
      "properties": {
        "obj_id": "potted plant_1621",
        "class_name": "potted plant",
        "class_id": 58,
        "mobility": "static",
        "confidence": 0.545,
        "observation_count": 3,
        "best_score": 0.476,
        "first_seen": "2026-03-24T09:30:06.703404+00:00",
        "last_seen": "2026-03-24T09:30:06.704762+00:00",
        "ttl_seconds": -1.0
      }
    },
    {
      "type": "Feature",
      "geometry": {
        "type": "Point",
        "coordinates": [
          -1.8784,
          -3.0352
        ]
      },
      "properties": {
        "obj_id": "chair_1625",
        "class_name": "chair",
        "class_id": 56,
        "mobility": "static",
        "confidence": 0.779,
        "observation_count": 24,
        "best_score": 0.919,
        "first_seen": "2026-03-24T09:30:10.863361+00:00",
        "last_seen": "2026-03-24T09:30:11.615907+00:00",
        "ttl_seconds": -1.0
      }
    },
    {
      "type": "Feature",
      "geometry": {
        "type": "Point",
        "coordinates": [
          -10.0134,
          3.299
        ]
      },
      "properties": {
        "obj_id": "bench_1640",
        "class_name": "bench",
        "class_id": 13,
        "mobility": "static",
        "confidence": 0.712,
        "observation_count": 11,
        "best_score": 2.687,
        "first_seen": "2026-03-24T09:30:32.506077+00:00",
        "last_seen": "2026-03-24T09:30:32.909462+00:00",
        "ttl_seconds": -1.0
      }
    },
    {
      "type": "Feature",
      "geometry": {
        "type": "Point",
        "coordinates": [
          -4.3904,
          1.9097
        ]
      },
      "properties": {
        "obj_id": "chair_1641",
        "class_name": "chair",
        "class_id": 56,
        "mobility": "static",
        "confidence": 0.682,
        "observation_count": 7,
        "best_score": 8.268,
        "first_seen": "2026-03-24T09:30:36.301881+00:00",
        "last_seen": "2026-03-24T09:30:36.305538+00:00",
        "ttl_seconds": -1.0
      }
    },
    {
      "type": "Feature",
      "geometry": {
        "type": "Point",
        "coordinates": [
          0.4181,
          3.7904
        ]
      },
      "properties": {
        "obj_id": "tv_1653",
        "class_name": "tv",
        "class_id": 62,
        "mobility": "static",
        "confidence": 0.621,
        "observation_count": 7,
        "best_score": 3.104,
        "first_seen": "2026-03-24T09:31:44.408537+00:00",
        "last_seen": "2026-03-24T09:31:44.410949+00:00",
        "ttl_seconds": -1.0
      }
    },
    {
      "type": "Feature",
      "geometry": {
        "type": "Point",
        "coordinates": [
          -1.6597,
          5.9901
        ]
      },
      "properties": {
        "obj_id": "bench_1654",
        "class_name": "bench",
        "class_id": 13,
        "mobility": "static",
        "confidence": 0.537,
        "observation_count": 1,
        "best_score": 5.26,
        "first_seen": "2026-03-24T09:31:48.768473+00:00",
        "last_seen": "2026-03-24T09:31:48.768473+00:00",
        "ttl_seconds": -1.0
      }
    },
    {
      "type": "Feature",
      "geometry": {
        "type": "Point",
        "coordinates": [
          9.0863,
          -0.9064
        ]
      },
      "properties": {
        "obj_id": "bench_1681",
        "class_name": "bench",
        "class_id": 13,
        "mobility": "static",
        "confidence": 0.677,
        "observation_count": 912,
        "best_score": 4.05,
        "first_seen": "2026-08-17T08:32:12.570015+00:00",
        "last_seen": "2026-08-19T13:56:57.213488+00:00",
        "ttl_seconds": -1.0
      }
    },
    {
      "type": "Feature",
      "geometry": {
        "type": "Point",
        "coordinates": [
          1.6707,
          3.9375
        ]
      },
      "properties": {
        "obj_id": "bench_1682",
        "class_name": "bench",
        "class_id": 13,
        "mobility": "static",
        "confidence": 0.583,
        "observation_count": 12,
        "best_score": 3.151,
        "first_seen": "2026-08-17T08:35:12.761109+00:00",
        "last_seen": "2026-08-17T08:35:27.877138+00:00",
        "ttl_seconds": -1.0
      }
    },
    {
      "type": "Feature",
      "geometry": {
        "type": "Point",
        "coordinates": [
          5.8896,
          -1.0434
        ]
      },
      "properties": {
        "obj_id": "bench_1683",
        "class_name": "bench",
        "class_id": 13,
        "mobility": "static",
        "confidence": 0.55,
        "observation_count": 6,
        "best_score": 3.095,
        "first_seen": "2026-08-17T08:35:41.256836+00:00",
        "last_seen": "2026-08-17T08:37:21.908225+00:00",
        "ttl_seconds": -1.0
      }
    },
    {
      "type": "Feature",
      "geometry": {
        "type": "Point",
        "coordinates": [
          8.6715,
          6.5922
        ]
      },
      "properties": {
        "obj_id": "potted plant_1684",
        "class_name": "potted plant",
        "class_id": 58,
        "mobility": "static",
        "confidence": 0.67,
        "observation_count": 10,
        "best_score": 0.692,
        "first_seen": "2026-08-17T08:38:46.198483+00:00",
        "last_seen": "2026-08-17T08:38:46.557702+00:00",
        "ttl_seconds": -1.0
      }
    },
    {
      "type": "Feature",
      "geometry": {
        "type": "Point",
        "coordinates": [
          7.5429,
          6.0617
        ]
      },
      "properties": {
        "obj_id": "potted plant_1685",
        "class_name": "potted plant",
        "class_id": 58,
        "mobility": "static",
        "confidence": 0.745,
        "observation_count": 232,
        "best_score": 1.22,
        "first_seen": "2026-08-17T08:38:47.762940+00:00",
        "last_seen": "2026-08-17T08:39:01.017019+00:00",
        "ttl_seconds": -1.0
      }
    },
    {
      "type": "Feature",
      "geometry": {
        "type": "Point",
        "coordinates": [
          7.4548,
          -2.3
        ]
      },
      "properties": {
        "obj_id": "potted plant_1731",
        "class_name": "potted plant",
        "class_id": 58,
        "mobility": "static",
        "confidence": 0.614,
        "observation_count": 334,
        "best_score": 1.702,
        "first_seen": "2026-08-19T10:55:36.714186+00:00",
        "last_seen": "2026-08-19T14:08:45.935932+00:00",
        "ttl_seconds": -1.0
      }
    },
    {
      "type": "Feature",
      "geometry": {
        "type": "Point",
        "coordinates": [
          -1.0596,
          6.2081
        ]
      },
      "properties": {
        "obj_id": "bed_1732",
        "class_name": "bed",
        "class_id": 59,
        "mobility": "static",
        "confidence": 0.507,
        "observation_count": 2,
        "best_score": 17.295,
        "first_seen": "2026-08-19T10:57:05.207759+00:00",
        "last_seen": "2026-08-19T10:57:05.209019+00:00",
        "ttl_seconds": -1.0
      }
    },
    {
      "type": "Feature",
      "geometry": {
        "type": "Point",
        "coordinates": [
          5.6353,
          -1.9445
        ]
      },
      "properties": {
        "obj_id": "potted plant_1735",
        "class_name": "potted plant",
        "class_id": 58,
        "mobility": "static",
        "confidence": 0.752,
        "observation_count": 43,
        "best_score": 1.732,
        "first_seen": "2026-08-19T13:21:36.999055+00:00",
        "last_seen": "2026-08-19T13:35:13.169915+00:00",
        "ttl_seconds": -1.0
      }
    },
    {
      "type": "Feature",
      "geometry": {
        "type": "Point",
        "coordinates": [
          6.8157,
          -2.929
        ]
      },
      "properties": {
        "obj_id": "potted plant_1736",
        "class_name": "potted plant",
        "class_id": 58,
        "mobility": "static",
        "confidence": 0.662,
        "observation_count": 18,
        "best_score": 1.136,
        "first_seen": "2026-08-19T13:21:39.972174+00:00",
        "last_seen": "2026-08-19T13:26:39.975470+00:00",
        "ttl_seconds": -1.0
      }
    },
    {
      "type": "Feature",
      "geometry": {
        "type": "Point",
        "coordinates": [
          9.3437,
          1.2527
        ]
      },
      "properties": {
        "obj_id": "parking meter_1741",
        "class_name": "parking meter",
        "class_id": 12,
        "mobility": "static",
        "confidence": 0.748,
        "observation_count": 14,
        "best_score": 1.191,
        "first_seen": "2026-08-19T13:31:41.956260+00:00",
        "last_seen": "2026-08-19T13:33:29.358912+00:00",
        "ttl_seconds": -1.0
      }
    },
    {
      "type": "Feature",
      "geometry": {
        "type": "Point",
        "coordinates": [
          7.4061,
          -1.7684
        ]
      },
      "properties": {
        "obj_id": "potted plant_1745",
        "class_name": "potted plant",
        "class_id": 58,
        "mobility": "static",
        "confidence": 0.699,
        "observation_count": 55,
        "best_score": 1.533,
        "first_seen": "2026-08-19T13:41:52.885799+00:00",
        "last_seen": "2026-08-19T14:04:52.752976+00:00",
        "ttl_seconds": -1.0
      }
    },
    {
      "type": "Feature",
      "geometry": {
        "type": "Point",
        "coordinates": [
          8.6929,
          -2.3928
        ]
      },
      "properties": {
        "obj_id": "potted plant_1746",
        "class_name": "potted plant",
        "class_id": 58,
        "mobility": "static",
        "confidence": 0.62,
        "observation_count": 6,
        "best_score": 0.634,
        "first_seen": "2026-08-19T13:56:57.212172+00:00",
        "last_seen": "2026-08-19T13:56:57.213393+00:00",
        "ttl_seconds": -1.0
      }
    },
    {
      "type": "Feature",
      "geometry": {
        "type": "Point",
        "coordinates": [
          8.5783,
          -1.7866
        ]
      },
      "properties": {
        "obj_id": "potted plant_1747",
        "class_name": "potted plant",
        "class_id": 58,
        "mobility": "static",
        "confidence": 0.593,
        "observation_count": 5,
        "best_score": 0.778,
        "first_seen": "2026-08-19T13:56:57.620533+00:00",
        "last_seen": "2026-08-19T13:56:57.622389+00:00",
        "ttl_seconds": -1.0
      }
    }
  ]
}