session,day,run_id,audit_file,platform_id,record_seq,timestamp_utc,audit_schema_version,navigator_version,experiment_id,experiment_phase,semantic_intent_id,repetition_index,instruction_text,resolution_method,resolution_step,node_id,node_name,expected_node_id,nav_outcome,arrival_ok,xy_error_m,distance_traveled_m,start_x_m,start_y_m,start_yaw_rad,end_x_m,end_y_m,end_yaw_rad,amcl_converged,amcl_covariance_trace,resolve_ms,vlm_ms,nav_total_s,reroute_count,confirmation_method,confirmed,confirmation_confidence,m3_promotion_triggered,m3_preferences_count,memory_digest_hash,digest_content_md5,image_start,image_finish
A,,20260422_125210,data/session_a/audits/audit_20260422_125210.jsonl,xplorer-c,1,2026-04-22T09:52:48+00:00,2.0,v4.7.4,,,,,go to a place to take a short break for personal needs,L3a_m3_preference,,0,toilet_m,,mission_complete,,0.189,6.591,2.3367,4.8955,-1.5801,0.5023,0.1894,-1.5497,,,0.07843971252441406,0.0,30.6,0,pose_based,True,HIGH,True,3,a18b610f06e9ded2e89f7d64bfc6357c,,data/session_a/20260422_125210/mission_1_toilet_m/start.jpg,data/session_a/20260422_125210/mission_1_toilet_m/finish.jpg
A,,20260422_125210,data/session_a/audits/audit_20260422_125210.jsonl,xplorer-c,2,2026-04-22T09:53:50+00:00,2.0,v4.7.4,,,,,go to cb204,L3a_deterministic,,5,cb204,,mission_complete,,0.176,6.162,0.5023,0.1894,-1.5497,2.2313,4.6266,1.5384,,,0.20456314086914062,0.0,53.14,0,vlm_landmark,True,HIGH,False,3,a18b610f06e9ded2e89f7d64bfc6357c,,data/session_a/20260422_125210/mission_2_cb204/start.jpg,data/session_a/20260422_125210/mission_2_cb204/finish.jpg
A,,20260422_125210,data/session_a/audits/audit_20260422_125210.jsonl,xplorer-c,3,2026-04-22T09:54:39+00:00,2.0,v4.7.4,,,,,go to a place to take a short break for personal needs,L3a_m3_preference,,0,toilet_m,,mission_complete,,0.163,6.496,2.2313,4.6266,1.5384,0.4779,0.1618,-1.614,,,0.07772445678710938,0.0,40.72,0,pose_based,True,HIGH,True,3,a18b610f06e9ded2e89f7d64bfc6357c,,data/session_a/20260422_125210/mission_3_toilet_m/start.jpg,data/session_a/20260422_125210/mission_3_toilet_m/finish.jpg
A,,20260422_125210,data/session_a/audits/audit_20260422_125210.jsonl,xplorer-c,4,2026-04-22T09:55:37+00:00,2.0,v4.7.4,,,,,go to cb204,L3a_deterministic,,5,cb204,,mission_complete,,0.192,6.533,0.4779,0.1618,-1.614,2.1825,4.6091,1.6243,,,0.07557868957519531,0.0,51.21,0,vlm_landmark,False,MEDIUM,False,3,a18b610f06e9ded2e89f7d64bfc6357c,,data/session_a/20260422_125210/mission_4_cb204/start.jpg,data/session_a/20260422_125210/mission_4_cb204/finish.jpg
A,,20260422_125210,data/session_a/audits/audit_20260422_125210.jsonl,xplorer-c,5,2026-04-22T09:56:19+00:00,2.0,v4.7.4,,,,,go to a place to take a short break for personal needs,L3a_m3_preference,,0,toilet_m,,mission_complete,,0.203,6.393,2.1825,4.6091,1.6243,0.5079,0.2025,-1.6168,,,0.06270408630371094,0.0,34.87,0,pose_based,True,HIGH,True,3,a18b610f06e9ded2e89f7d64bfc6357c,,data/session_a/20260422_125210/mission_5_toilet_m/start.jpg,data/session_a/20260422_125210/mission_5_toilet_m/finish.jpg
A,,20260422_125210,data/session_a/audits/audit_20260422_125210.jsonl,xplorer-c,6,2026-04-22T09:57:11+00:00,2.0,v4.7.4,,,,,go to cb204,L3a_deterministic,,5,cb204,,mission_complete,,0.224,6.342,0.5079,0.2025,-1.6168,2.1997,4.5757,1.5758,,,0.08320808410644531,0.0,44.02,0,vlm_landmark,True,HIGH,False,3,a18b610f06e9ded2e89f7d64bfc6357c,,data/session_a/20260422_125210/mission_6_cb204/start.jpg,data/session_a/20260422_125210/mission_6_cb204/finish.jpg
A,,20260422_125210,data/session_a/audits/audit_20260422_125210.jsonl,xplorer-c,7,2026-04-22T09:57:45+00:00,2.0,v4.7.4,,,,,go to a place to take a short break for personal needs,L3a_m3_preference,,0,toilet_m,,missed,,5.231,0.308,2.1997,4.5757,1.5758,2.2358,4.9351,1.0936,,,0.057697296142578125,0.0,29.81,0,,,,True,3,a18b610f06e9ded2e89f7d64bfc6357c,,data/session_a/20260422_125210/mission_7_toilet_m/start.jpg,
A,,20260422_125210,data/session_a/audits/audit_20260422_125210.jsonl,xplorer-c,8,2026-04-22T09:58:22+00:00,2.0,v4.7.4,,,,,go to a place to take a short break for personal needs,L3a_m3_preference,,0,toilet_m,,mission_complete,,0.165,6.933,2.2358,4.9351,1.0936,0.4828,0.1643,-1.4956,,,0.056743621826171875,0.0,36.08,0,pose_based,True,HIGH,True,3,a18b610f06e9ded2e89f7d64bfc6357c,,data/session_a/20260422_125210/mission_8_toilet_m/start.jpg,data/session_a/20260422_125210/mission_8_toilet_m/finish.jpg
A,,20260422_125210,data/session_a/audits/audit_20260422_125210.jsonl,xplorer-c,9,2026-04-22T09:59:09+00:00,2.0,v4.7.4,,,,,go to cb204,L3a_deterministic,,5,cb204,,mission_complete,,0.213,6.253,0.4828,0.1643,-1.4956,2.198,4.5874,1.5763,,,0.09751319885253906,0.0,42.95,0,vlm_landmark,False,MEDIUM,False,3,a18b610f06e9ded2e89f7d64bfc6357c,,data/session_a/20260422_125210/mission_9_cb204/start.jpg,data/session_a/20260422_125210/mission_9_cb204/finish.jpg
A,,20260422_125210,data/session_a/audits/audit_20260422_125210.jsonl,xplorer-c,10,2026-04-22T09:59:55+00:00,2.0,v4.7.4,,,,,go to a place to take a short break for personal needs,L3a_m3_preference,,0,toilet_m,,mission_complete,,0.192,6.519,2.198,4.5874,1.5763,0.5245,0.1901,-1.5445,,,0.05936622619628906,0.0,38.27,0,pose_based,True,HIGH,True,3,a18b610f06e9ded2e89f7d64bfc6357c,,data/session_a/20260422_125210/mission_10_toilet_m/start.jpg,data/session_a/20260422_125210/mission_10_toilet_m/finish.jpg
A,,20260422_125210,data/session_a/audits/audit_20260422_125210.jsonl,xplorer-c,11,2026-04-22T10:00:55+00:00,2.0,v4.7.4,,,,,go to cb204,L3a_deterministic,,5,cb204,,missed,,4.905,0.0,0.5245,0.1901,-1.5445,0.5245,0.1901,-1.5445,,,0.07367134094238281,0.0,55.67,0,,,,False,3,a18b610f06e9ded2e89f7d64bfc6357c,,data/session_a/20260422_125210/mission_11_cb204/start.jpg,
A,,20260422_130731,data/session_a/audits/audit_20260422_130731.jsonl,xplorer-c,1,2026-04-22T10:08:23+00:00,2.0,v4.7.4,,,,,go to cb204,L3a_deterministic,,5,cb204,,mission_complete,,0.179,6.241,0.5151,0.2113,-1.6332,2.2047,4.6213,1.5284,,,0.20956993103027344,0.0,41.32,0,vlm_landmark,False,MEDIUM,False,3,a18b610f06e9ded2e89f7d64bfc6357c,,data/session_a/20260422_130731/mission_1_cb204/start.jpg,data/session_a/20260422_130731/mission_1_cb204/finish.jpg
A,,20260422_130731,data/session_a/audits/audit_20260422_130731.jsonl,xplorer-c,2,2026-04-22T10:09:10+00:00,2.0,v4.7.4,,,,,"the washroom got on fire, help me find something to stop the fire",L3a_m3_preference,,8,cb202,,mission_complete,,0.17,5.147,2.2047,4.6213,1.5284,2.1932,0.1699,-1.5919,,,0.04553794860839844,0.0,33.68,0,vlm_landmark,False,MEDIUM,True,3,a18b610f06e9ded2e89f7d64bfc6357c,,data/session_a/20260422_130731/mission_2_cb202/start.jpg,data/session_a/20260422_130731/mission_2_cb202/finish.jpg
A,,20260422_130731,data/session_a/audits/audit_20260422_130731.jsonl,xplorer-c,3,2026-04-22T10:10:25+00:00,2.0,v4.7.4,,,,,go to cb204,L3a_deterministic,,5,cb204,,mission_complete,,0.149,5.248,2.1932,0.1699,-1.5919,2.2323,4.655,1.5271,,,0.10228157043457031,0.0,46.68,0,vlm_landmark,True,HIGH,False,3,a18b610f06e9ded2e89f7d64bfc6357c,,data/session_a/20260422_130731/mission_3_cb204/start.jpg,data/session_a/20260422_130731/mission_3_cb204/finish.jpg
A,,20260422_130731,data/session_a/audits/audit_20260422_130731.jsonl,xplorer-c,4,2026-04-22T10:11:11+00:00,2.0,v4.7.4,,,,,"the washroom got on fire, help me find something to stop the fire",L3a_m3_preference,,8,cb202,,mission_complete,,0.213,5.15,2.2323,4.655,1.5271,2.153,0.2074,-1.6108,,,0.052928924560546875,0.0,37.29,0,vlm_landmark,False,MEDIUM,True,3,a18b610f06e9ded2e89f7d64bfc6357c,,data/session_a/20260422_130731/mission_4_cb202/start.jpg,data/session_a/20260422_130731/mission_4_cb202/finish.jpg
A,,20260422_130731,data/session_a/audits/audit_20260422_130731.jsonl,xplorer-c,5,2026-04-22T10:12:18+00:00,2.0,v4.7.4,,,,,go to cb204,L3a_deterministic,,5,cb204,,mission_complete,,0.213,5.283,2.153,0.2074,-1.6108,2.1828,4.5879,1.6209,,,0.080108642578125,0.0,54.8,0,vlm_landmark,False,MEDIUM,False,3,a18b610f06e9ded2e89f7d64bfc6357c,,data/session_a/20260422_130731/mission_5_cb204/start.jpg,data/session_a/20260422_130731/mission_5_cb204/finish.jpg
A,,20260422_130731,data/session_a/audits/audit_20260422_130731.jsonl,xplorer-c,6,2026-04-22T10:12:56+00:00,2.0,v4.7.4,,,,,"the washroom got on fire, help me find something to stop the fire",L3a_m3_preference,,8,cb202,,mission_complete,,0.182,5.101,2.1828,4.5879,1.6209,2.1519,0.1757,-1.5871,,,0.05245208740234375,0.0,33.91,0,vlm_landmark,False,MEDIUM,True,3,a18b610f06e9ded2e89f7d64bfc6357c,,data/session_a/20260422_130731/mission_6_cb202/start.jpg,data/session_a/20260422_130731/mission_6_cb202/finish.jpg
A,,20260422_130731,data/session_a/audits/audit_20260422_130731.jsonl,xplorer-c,7,2026-04-22T10:13:43+00:00,2.0,v4.7.4,,,,,go to cb204,L3a_deterministic,,5,cb204,,mission_complete,,0.195,5.081,2.1519,0.1757,-1.5871,2.2208,4.6062,1.6045,,,0.07772445678710938,0.0,35.66,0,vlm_landmark,False,MEDIUM,False,3,a18b610f06e9ded2e89f7d64bfc6357c,,data/session_a/20260422_130731/mission_7_cb204/start.jpg,data/session_a/20260422_130731/mission_7_cb204/finish.jpg
A,,20260422_130731,data/session_a/audits/audit_20260422_130731.jsonl,xplorer-c,8,2026-04-22T10:14:25+00:00,2.0,v4.7.4,,,,,"the washroom got on fire, help me find something to stop the fire",L3a_m3_preference,,8,cb202,,mission_complete,,0.174,5.078,2.2208,4.6062,1.6045,2.1966,0.1742,-1.5268,,,0.047206878662109375,0.0,37.83,0,vlm_landmark,False,MEDIUM,True,3,a18b610f06e9ded2e89f7d64bfc6357c,,data/session_a/20260422_130731/mission_8_cb202/start.jpg,data/session_a/20260422_130731/mission_8_cb202/finish.jpg
A,,20260422_133920,data/session_a/audits/audit_20260422_133920.jsonl,xplorer-c,1,2026-04-22T10:39:42+00:00,2.0,v4.7.4,,,,,go to lab_cb204,L3a_deterministic,,5,cb204,,mission_complete,,0.167,0.0,2.35,4.7257,1.6148,2.35,4.7257,1.6148,,,0.21505355834960938,0.0,0.0,0,,,,False,3,a18b610f06e9ded2e89f7d64bfc6357c,,data/session_a/20260422_133920/mission_1_cb204/start.jpg,
A,,20260422_133920,data/session_a/audits/audit_20260422_133920.jsonl,xplorer-c,2,2026-04-22T10:40:44+00:00,2.0,v4.7.4,,,,,go to toilet m,L3a_deterministic,,0,toilet_m,,mission_complete,,0.144,6.513,2.35,4.7257,1.6148,0.5216,0.1423,-1.6079,,,0.08106231689453125,0.0,50.83,0,pose_based,True,HIGH,False,3,a18b610f06e9ded2e89f7d64bfc6357c,,data/session_a/20260422_133920/mission_2_toilet_m/start.jpg,data/session_a/20260422_133920/mission_2_toilet_m/finish.jpg
A,,20260422_133920,data/session_a/audits/audit_20260422_133920.jsonl,xplorer-c,3,2026-04-22T10:41:51+00:00,2.0,v4.7.4,,,,,go to lab_cb204,L3a_deterministic,,5,cb204,,mission_complete,,0.14,6.679,0.5216,0.1423,-1.6079,2.1651,4.6647,1.5301,,,0.07152557373046875,0.0,45.79,0,vlm_landmark,True,HIGH,False,3,a18b610f06e9ded2e89f7d64bfc6357c,,data/session_a/20260422_133920/mission_3_cb204/start.jpg,data/session_a/20260422_133920/mission_3_cb204/finish.jpg
A,,20260422_133920,data/session_a/audits/audit_20260422_133920.jsonl,xplorer-c,4,2026-04-22T10:42:53+00:00,2.0,v4.7.4,,,,,go to toilet m,L3a_deterministic,,0,toilet_m,,mission_complete,,0.144,6.641,2.1651,4.6647,1.5301,0.4978,0.1437,-1.5135,,,0.062465667724609375,0.0,51.34,0,pose_based,True,HIGH,False,3,a18b610f06e9ded2e89f7d64bfc6357c,,data/session_a/20260422_133920/mission_4_toilet_m/start.jpg,data/session_a/20260422_133920/mission_4_toilet_m/finish.jpg
A,,20260422_133920,data/session_a/audits/audit_20260422_133920.jsonl,xplorer-c,5,2026-04-22T10:43:43+00:00,2.0,v4.7.4,,,,,go to lab_cb204,L3a_deterministic,,5,cb204,,mission_complete,,0.223,6.197,0.4978,0.1437,-1.5135,2.1625,4.5802,1.5229,,,0.08606910705566406,0.0,40.94,0,vlm_landmark,False,MEDIUM,False,3,a18b610f06e9ded2e89f7d64bfc6357c,,data/session_a/20260422_133920/mission_5_cb204/start.jpg,data/session_a/20260422_133920/mission_5_cb204/finish.jpg
A,,20260422_133920,data/session_a/audits/audit_20260422_133920.jsonl,xplorer-c,6,2026-04-22T10:43:52+00:00,2.0,v4.7.4,,,,,go to cb204,L3a_deterministic,,5,cb204,,mission_complete,,0.223,0.0,2.1625,4.5802,1.5229,2.1625,4.5802,1.5229,,,0.08511543273925781,0.0,0.0,0,,,,False,3,a18b610f06e9ded2e89f7d64bfc6357c,,data/session_a/20260422_133920/mission_6_cb204/start.jpg,
A,,20260422_133920,data/session_a/audits/audit_20260422_133920.jsonl,xplorer-c,7,2026-04-22T10:44:25+00:00,2.0,v4.7.4,,,,,Take me to the closest plant,L3a_deterministic,,5,cb204,,mission_complete,,0.223,0.0,2.1625,4.5802,1.5229,2.1625,4.5802,1.5229,,,0.6556510925292969,0.0,0.0,0,,,,False,3,a18b610f06e9ded2e89f7d64bfc6357c,,data/session_a/20260422_133920/mission_7_cb204/start.jpg,
A,,20260422_133920,data/session_a/audits/audit_20260422_133920.jsonl,xplorer-c,8,2026-04-22T10:45:03+00:00,2.0,v4.7.4,,,,,Take me to the closest plant,L3a_deterministic,,5,cb204,,mission_complete,,0.223,0.0,2.1625,4.5802,1.5229,2.1625,4.5802,1.5229,,,0.7920265197753906,0.0,0.0,0,,,,False,3,a18b610f06e9ded2e89f7d64bfc6357c,,data/session_a/20260422_133920/mission_8_cb204/start.jpg,
A,,20260422_133920,data/session_a/audits/audit_20260422_133920.jsonl,xplorer-c,9,2026-04-22T10:45:35+00:00,2.0,v4.7.4,,,,,Take me to the closest plant,L3a_deterministic,,5,cb204,,mission_complete,,0.223,0.0,2.1625,4.5802,1.5229,2.1625,4.5802,1.5229,,,0.9543895721435547,0.0,0.0,0,,,,False,3,a18b610f06e9ded2e89f7d64bfc6357c,,data/session_a/20260422_133920/mission_9_cb204/start.jpg,
A,,20260422_133920,data/session_a/audits/audit_20260422_133920.jsonl,xplorer-c,10,2026-04-22T10:47:28+00:00,2.0,v4.7.4,,,,,Take me to the farthest plant,L3b_vlm,,21,plant_1,,mission_complete,,0.265,10.9,2.1625,4.5802,1.5229,7.2444,-0.9711,-1.5982,,,0.6442070007324219,10090.140104293823,78.49,0,vlm_landmark,True,HIGH,False,3,a18b610f06e9ded2e89f7d64bfc6357c,,data/session_a/20260422_133920/mission_10_plant_1/start.jpg,data/session_a/20260422_133920/mission_10_plant_1/finish.jpg
A,,20260422_133920,data/session_a/audits/audit_20260422_133920.jsonl,xplorer-c,11,2026-04-22T10:50:39+00:00,2.0,v4.7.4,,,,,go to cb204,L3a_deterministic,,5,cb204,,mission_complete,,0.153,11.17,7.2444,-0.9711,-1.5982,2.2038,4.647,1.5678,,,0.072479248046875,0.0,59.96,0,vlm_landmark,False,MEDIUM,False,3,a18b610f06e9ded2e89f7d64bfc6357c,,data/session_a/20260422_133920/mission_11_cb204/start.jpg,data/session_a/20260422_133920/mission_11_cb204/finish.jpg
A,,20260422_133920,data/session_a/audits/audit_20260422_133920.jsonl,xplorer-c,12,2026-04-22T10:52:12+00:00,2.0,v4.7.4,,,,,Take me to the farthest plant,L3b_vlm,,21,plant_1,,mission_complete,,0.283,10.825,2.2038,4.647,1.5678,7.2174,-0.9225,-1.4943,,,0.759124755859375,10864.646673202515,72.56,0,vlm_landmark,True,HIGH,False,3,a18b610f06e9ded2e89f7d64bfc6357c,,data/session_a/20260422_133920/mission_12_plant_1/start.jpg,data/session_a/20260422_133920/mission_12_plant_1/finish.jpg
A,,20260422_133920,data/session_a/audits/audit_20260422_133920.jsonl,xplorer-c,13,2026-04-22T10:52:18+00:00,2.0,v4.7.4,,,,,Take me to the closest plant,L3a_deterministic,,20,plant_2,,mission_complete,,0.219,0.0,7.2174,-0.9225,-1.4943,7.2174,-0.9225,-1.4943,,,0.9129047393798828,0.0,0.0,0,,,,False,3,a18b610f06e9ded2e89f7d64bfc6357c,,data/session_a/20260422_133920/mission_13_plant_2/start.jpg,
A,,20260422_133920,data/session_a/audits/audit_20260422_133920.jsonl,xplorer-c,14,2026-04-22T10:53:40+00:00,2.0,v4.7.4,,,,,go to cb204,L3a_deterministic,,5,cb204,,mission_complete,,0.201,10.808,7.2174,-0.9225,-1.4943,2.2547,4.6067,1.5484,,,0.07224082946777344,0.0,57.12,0,vlm_landmark,False,MEDIUM,False,3,a18b610f06e9ded2e89f7d64bfc6357c,,data/session_a/20260422_133920/mission_14_cb204/start.jpg,data/session_a/20260422_133920/mission_14_cb204/finish.jpg
A,,20260422_133920,data/session_a/audits/audit_20260422_133920.jsonl,xplorer-c,15,2026-04-22T10:53:43+00:00,2.0,v4.7.4,,,,,Take me to the closest plant,L3a_deterministic,,5,cb204,,mission_complete,,0.201,0.0,2.2547,4.6067,1.5484,2.2547,4.6067,1.5484,,,0.8420944213867188,0.0,0.0,0,,,,False,3,a18b610f06e9ded2e89f7d64bfc6357c,,data/session_a/20260422_133920/mission_15_cb204/start.jpg,
A,,20260422_133920,data/session_a/audits/audit_20260422_133920.jsonl,xplorer-c,16,2026-04-22T10:54:47+00:00,2.0,v4.7.4,,,,,go to cb204,L3a_deterministic,,5,cb204,,mission_complete,,0.201,0.0,2.2547,4.6067,1.5484,2.2547,4.6067,1.5484,,,0.1697540283203125,0.0,0.0,0,,,,False,3,a18b610f06e9ded2e89f7d64bfc6357c,,data/session_a/20260422_133920/mission_16_cb204/start.jpg,
A,,20260422_133920,data/session_a/audits/audit_20260422_133920.jsonl,xplorer-c,17,2026-04-22T10:55:09+00:00,2.0,v4.7.4,,,,,Take me to the closest plant,L3a_deterministic,,5,cb204,,mission_complete,,0.201,0.0,2.2547,4.6067,1.5484,2.2547,4.6067,1.5484,,,0.6933212280273438,0.0,0.0,0,,,,False,3,a18b610f06e9ded2e89f7d64bfc6357c,,data/session_a/20260422_133920/mission_17_cb204/start.jpg,
A,,20260423_111036,data/session_a/audits/audit_20260423_111036.jsonl,xplorer-c,1,2026-04-23T08:11:27+00:00,2.0,v4.7.4,,,,,Take me somewhere I can sit and relax,L3b_vlm,,9,radiator,,mission_complete,,0.145,4.552,2.4013,1.6883,3.1317,4.4676,-0.6587,-1.5425,,,0.2963542938232422,8552.286148071289,32.58,0,vlm_landmark,True,HIGH,False,3,a18b610f06e9ded2e89f7d64bfc6357c,,data/session_a/20260423_111036/mission_1_radiator/start.jpg,data/session_a/20260423_111036/mission_1_radiator/finish.jpg
A,,20260423_111036,data/session_a/audits/audit_20260423_111036.jsonl,xplorer-c,2,2026-04-23T08:12:01+00:00,2.0,v4.7.4,,,,,go to node 7,L3a_deterministic,,7,junction_w2,,mission_complete,,0.191,4.222,4.4676,-0.6587,-1.5425,2.2695,1.4721,1.5881,,,0.034809112548828125,0.0,27.79,0,,,,False,3,a18b610f06e9ded2e89f7d64bfc6357c,,data/session_a/20260423_111036/mission_2_junction_w2/start.jpg,
A,,20260423_111403,data/session_a/audits/audit_20260423_111403.jsonl,xplorer-c,1,2026-04-23T08:14:57+00:00,2.0,v4.7.4,,,,,Take me somewhere I can sit and relax,L3b_vlm,,9,radiator,,mission_complete,,0.184,4.504,2.2863,1.6251,3.0257,4.3998,-0.6461,-1.578,,,0.4544258117675781,8202.574729919434,35.94,0,vlm_landmark,True,HIGH,False,3,a18b610f06e9ded2e89f7d64bfc6357c,,data/session_a/20260423_111403/mission_1_radiator/start.jpg,data/session_a/20260423_111403/mission_1_radiator/finish.jpg
A,,20260423_111403,data/session_a/audits/audit_20260423_111403.jsonl,xplorer-c,2,2026-04-23T08:15:58+00:00,2.0,v4.7.4,,,,,go to node 7,L3a_deterministic,,7,junction_w2,,mission_complete,,0.151,4.214,4.3998,-0.6461,-1.578,2.2508,1.508,-3.1215,,,0.05316734313964844,0.0,37.07,0,,,,False,3,a18b610f06e9ded2e89f7d64bfc6357c,,data/session_a/20260423_111403/mission_2_junction_w2/start.jpg,
A,,20260423_111403,data/session_a/audits/audit_20260423_111403.jsonl,xplorer-c,3,2026-04-23T08:16:35+00:00,2.0,v4.7.4,,,,,Take me somewhere I can sit and relax,L3b_vlm,,9,radiator,,missed,,1.983,2.164,2.2508,1.508,-3.1215,2.7286,0.0924,-0.2786,,,0.1888275146484375,8935.262441635132,22.74,0,,,,False,3,a18b610f06e9ded2e89f7d64bfc6357c,,data/session_a/20260423_111403/mission_3_radiator/start.jpg,
A,,20260423_111403,data/session_a/audits/audit_20260423_111403.jsonl,xplorer-c,4,2026-04-23T08:16:58+00:00,2.0,v4.7.4,,,,,Take me somewhere I can sit and relax,L3b_vlm,,9,radiator,,mission_complete,,0.182,2.32,2.7286,0.0924,-0.2786,4.4798,-0.6188,-1.4708,,,0.2541542053222656,2566.354751586914,20.85,0,vlm_landmark,True,HIGH,False,3,a18b610f06e9ded2e89f7d64bfc6357c,,data/session_a/20260423_111403/mission_4_radiator/start.jpg,data/session_a/20260423_111403/mission_4_radiator/finish.jpg
A,,20260423_111403,data/session_a/audits/audit_20260423_111403.jsonl,xplorer-c,5,2026-04-23T08:17:49+00:00,2.0,v4.7.4,,,,,go to node 7,L3a_deterministic,,7,junction_w2,,mission_complete,,0.132,4.213,4.4798,-0.6188,-1.4708,2.2755,1.542,-3.0566,,,0.08535385131835938,0.0,33.63,0,,,,False,3,a18b610f06e9ded2e89f7d64bfc6357c,,data/session_a/20260423_111403/mission_5_junction_w2/start.jpg,
A,,20260423_111403,data/session_a/audits/audit_20260423_111403.jsonl,xplorer-c,6,2026-04-23T08:18:44+00:00,2.0,v4.7.4,,,,,Take me somewhere I can sit and relax,L3b_vlm,,15,junction_e1,,mission_complete,,0.223,7.611,2.2755,1.542,-3.0566,6.5544,4.5774,1.5664,,,0.2090930938720703,7920.875310897827,41.0,0,,,,False,3,a18b610f06e9ded2e89f7d64bfc6357c,,data/session_a/20260423_111403/mission_6_junction_e1/start.jpg,
A,,20260423_111403,data/session_a/audits/audit_20260423_111403.jsonl,xplorer-c,7,2026-04-23T08:19:19+00:00,2.0,v4.7.4,,,,,go to node 7,L3a_deterministic,,7,junction_w2,,fallback_missed,,5.247,0.0,6.5544,4.5774,1.5664,6.5544,4.5774,1.5664,,,0.03933906555175781,0.0,8.56,0,,,,False,3,a18b610f06e9ded2e89f7d64bfc6357c,,data/session_a/20260423_111403/mission_7_junction_w2/start.jpg,
A,,20260423_111403,data/session_a/audits/audit_20260423_111403.jsonl,xplorer-c,8,2026-04-23T08:19:27+00:00,2.0,v4.7.4,,,,,go to node 7,L3a_deterministic,,7,junction_w2,,fallback_missed,,5.247,0.0,6.5544,4.5774,1.5664,6.5544,4.5774,1.5664,,,0.04220008850097656,0.0,7.54,0,,,,False,3,a18b610f06e9ded2e89f7d64bfc6357c,,data/session_a/20260423_111403/mission_8_junction_w2/start.jpg,
A,,20260423_111403,data/session_a/audits/audit_20260423_111403.jsonl,xplorer-c,9,2026-04-23T08:19:34+00:00,2.0,v4.7.4,,,,,go to node 7,L3a_deterministic,,7,junction_w2,,fallback_missed,,5.247,0.0,6.5544,4.5774,1.5664,6.5544,4.5774,1.5664,,,0.034332275390625,0.0,7.54,0,,,,False,3,a18b610f06e9ded2e89f7d64bfc6357c,,data/session_a/20260423_111403/mission_9_junction_w2/start.jpg,
A,,20260423_111403,data/session_a/audits/audit_20260423_111403.jsonl,xplorer-c,10,2026-04-23T08:19:42+00:00,2.0,v4.7.4,,,,,go to node 7,L3a_deterministic,,7,junction_w2,,fallback_missed,,5.247,0.0,6.5544,4.5774,1.5664,6.5544,4.5774,1.5664,,,0.04315376281738281,0.0,7.54,0,,,,False,3,a18b610f06e9ded2e89f7d64bfc6357c,,data/session_a/20260423_111403/mission_10_junction_w2/start.jpg,
A,,20260423_111403,data/session_a/audits/audit_20260423_111403.jsonl,xplorer-c,11,2026-04-23T08:19:50+00:00,2.0,v4.7.4,,,,,go to node 7,L3a_deterministic,,7,junction_w2,,fallback_missed,,5.247,0.0,6.5544,4.5774,1.5664,6.5544,4.5774,1.5664,,,0.05626678466796875,0.0,7.52,0,,,,False,3,a18b610f06e9ded2e89f7d64bfc6357c,,data/session_a/20260423_111403/mission_11_junction_w2/start.jpg,
A,,20260423_111403,data/session_a/audits/audit_20260423_111403.jsonl,xplorer-c,12,2026-04-23T08:19:57+00:00,2.0,v4.7.4,,,,,go to node 7,L3a_deterministic,,7,junction_w2,,fallback_missed,,5.247,0.0,6.5544,4.5774,1.5664,6.5544,4.5774,1.5664,,,0.0400543212890625,0.0,7.53,0,,,,False,3,a18b610f06e9ded2e89f7d64bfc6357c,,data/session_a/20260423_111403/mission_12_junction_w2/start.jpg,
A,,20260423_111403,data/session_a/audits/audit_20260423_111403.jsonl,xplorer-c,13,2026-04-23T08:20:05+00:00,2.0,v4.7.4,,,,,go to node 7,L3a_deterministic,,7,junction_w2,,fallback_missed,,5.247,0.0,6.5544,4.5774,1.5664,6.5544,4.5774,1.5664,,,0.03504753112792969,0.0,7.53,0,,,,False,3,a18b610f06e9ded2e89f7d64bfc6357c,,data/session_a/20260423_111403/mission_13_junction_w2/start.jpg,
A,,20260423_111403,data/session_a/audits/audit_20260423_111403.jsonl,xplorer-c,14,2026-04-23T08:20:12+00:00,2.0,v4.7.4,,,,,go to node 7,L3a_deterministic,,7,junction_w2,,fallback_missed,,5.247,0.0,6.5544,4.5774,1.5664,6.5544,4.5774,1.5664,,,0.04935264587402344,0.0,7.54,0,,,,False,3,a18b610f06e9ded2e89f7d64bfc6357c,,data/session_a/20260423_111403/mission_14_junction_w2/start.jpg,
A,,20260423_111403,data/session_a/audits/audit_20260423_111403.jsonl,xplorer-c,15,2026-04-23T08:20:21+00:00,2.0,v4.7.4,,,,,go to node 7,L3a_deterministic,,7,junction_w2,,fallback_missed,,5.247,0.0,6.5544,4.5774,1.5664,6.5544,4.5774,1.5664,,,0.03528594970703125,0.0,8.77,0,,,,False,3,a18b610f06e9ded2e89f7d64bfc6357c,,data/session_a/20260423_111403/mission_15_junction_w2/start.jpg,
A,,20260423_111403,data/session_a/audits/audit_20260423_111403.jsonl,xplorer-c,16,2026-04-23T08:20:29+00:00,2.0,v4.7.4,,,,,go to node 7,L3a_deterministic,,7,junction_w2,,fallback_missed,,5.247,7.258,6.5544,4.5774,1.5664,6.5544,4.5774,1.5664,,,0.05650520324707031,0.0,7.53,0,,,,False,3,a18b610f06e9ded2e89f7d64bfc6357c,,data/session_a/20260423_111403/mission_16_junction_w2/start.jpg,
A,,20260423_111403,data/session_a/audits/audit_20260423_111403.jsonl,xplorer-c,17,2026-04-23T08:20:36+00:00,2.0,v4.7.4,,,,,go to node 7,L3a_deterministic,,7,junction_w2,,fallback_missed,,5.247,0.0,6.5544,4.5774,1.5664,6.5544,4.5774,1.5664,,,0.034809112548828125,0.0,7.52,0,,,,False,3,a18b610f06e9ded2e89f7d64bfc6357c,,data/session_a/20260423_111403/mission_17_junction_w2/start.jpg,
A,,20260423_111403,data/session_a/audits/audit_20260423_111403.jsonl,xplorer-c,18,2026-04-23T08:20:44+00:00,2.0,v4.7.4,,,,,go to node 7,L3a_deterministic,,7,junction_w2,,fallback_missed,,5.247,0.0,6.5544,4.5774,1.5664,6.5544,4.5774,1.5664,,,0.031948089599609375,0.0,7.52,0,,,,False,3,a18b610f06e9ded2e89f7d64bfc6357c,,data/session_a/20260423_111403/mission_18_junction_w2/start.jpg,
A,,20260423_111403,data/session_a/audits/audit_20260423_111403.jsonl,xplorer-c,19,2026-04-23T08:20:52+00:00,2.0,v4.7.4,,,,,go to node 7,L3a_deterministic,,7,junction_w2,,fallback_missed,,5.247,0.0,6.5544,4.5774,1.5664,6.5544,4.5774,1.5664,,,0.03337860107421875,0.0,7.53,0,,,,False,3,a18b610f06e9ded2e89f7d64bfc6357c,,data/session_a/20260423_111403/mission_19_junction_w2/start.jpg,
A,,20260423_111403,data/session_a/audits/audit_20260423_111403.jsonl,xplorer-c,20,2026-04-23T08:20:59+00:00,2.0,v4.7.4,,,,,go to node 7,L3a_deterministic,,7,junction_w2,,fallback_missed,,5.247,0.0,6.5544,4.5774,1.5664,6.5544,4.5774,1.5664,,,0.05793571472167969,0.0,7.52,0,,,,False,3,a18b610f06e9ded2e89f7d64bfc6357c,,data/session_a/20260423_111403/mission_20_junction_w2/start.jpg,
A,,20260423_112335,data/session_a/audits/audit_20260423_112335.jsonl,xplorer-c,1,2026-04-23T08:24:29+00:00,2.0,v4.7.4,,,,,go to node 7,L3a_deterministic,,7,junction_w2,,mission_complete,,0.137,7.757,6.5431,4.5693,1.5257,2.332,1.686,-3.1274,,,0.12755393981933594,0.0,43.08,0,,,,False,3,a18b610f06e9ded2e89f7d64bfc6357c,,data/session_a/20260423_112335/mission_1_junction_w2/start.jpg,
A,,20260423_112335,data/session_a/audits/audit_20260423_112335.jsonl,xplorer-c,2,2026-04-23T08:25:16+00:00,2.0,v4.7.4,,,,,Take me somewhere I can sit and relax,L3b_vlm,,9,radiator,,mission_complete,,0.153,4.408,2.332,1.686,-3.1274,4.4626,-0.6519,-1.5455,,,0.4355907440185547,5316.559076309204,35.38,0,vlm_landmark,True,HIGH,False,3,a18b610f06e9ded2e89f7d64bfc6357c,,data/session_a/20260423_112335/mission_2_radiator/start.jpg,data/session_a/20260423_112335/mission_2_radiator/finish.jpg
A,,20260423_112335,data/session_a/audits/audit_20260423_112335.jsonl,xplorer-c,3,2026-04-23T08:26:00+00:00,2.0,v4.7.4,,,,,go to node 7,L3a_deterministic,,7,junction_w2,,mission_complete,,0.176,4.72,4.4626,-0.6519,-1.5455,2.3696,1.6982,3.1229,,,0.03695487976074219,0.0,39.49,0,,,,False,3,a18b610f06e9ded2e89f7d64bfc6357c,,data/session_a/20260423_112335/mission_3_junction_w2/start.jpg,
A,,20260423_112335,data/session_a/audits/audit_20260423_112335.jsonl,xplorer-c,4,2026-04-23T08:27:09+00:00,2.0,v4.7.4,,,,,Take me somewhere I can sit and relax,L3b_vlm,,9,radiator,,mission_complete,,0.189,4.189,2.3696,1.6982,3.1229,4.4151,-0.6307,-1.5605,,,0.6234645843505859,5633.916139602661,41.44,0,vlm_landmark,True,HIGH,False,3,a18b610f06e9ded2e89f7d64bfc6357c,,data/session_a/20260423_112335/mission_4_radiator/start.jpg,data/session_a/20260423_112335/mission_4_radiator/finish.jpg
A,,20260423_112335,data/session_a/audits/audit_20260423_112335.jsonl,xplorer-c,5,2026-04-23T08:27:55+00:00,2.0,v4.7.4,,,,,go to node 7,L3a_deterministic,,7,junction_w2,,mission_complete,,0.214,4.613,4.4151,-0.6307,-1.5605,2.412,1.6186,-3.1013,,,0.034809112548828125,0.0,32.2,0,,,,False,3,a18b610f06e9ded2e89f7d64bfc6357c,,data/session_a/20260423_112335/mission_5_junction_w2/start.jpg,
A,,20260423_122139,data/session_a/audits/audit_20260423_122139.jsonl,xplorer-c,1,2026-04-23T09:22:08+00:00,2.0,v4.8,,,,,Take me to the closest plant,L3a_deterministic,,19,plant_3,,mission_complete,,0.167,0.884,6.4821,-0.1047,-1.4195,6.7108,-0.8536,-1.5147,,,0.3390312194824219,0.0,19.34,0,vlm_landmark,True,HIGH,False,3,a18b610f06e9ded2e89f7d64bfc6357c,,data/session_a/20260423_122139/mission_1_plant_3/start.jpg,data/session_a/20260423_122139/mission_1_plant_3/finish.jpg
A,,20260423_122139,data/session_a/audits/audit_20260423_122139.jsonl,xplorer-c,2,2026-04-23T09:22:56+00:00,2.0,v4.8,,,,,go to node 7,L3a_deterministic,,7,junction_w2,,mission_complete,,0.183,6.525,6.7108,-0.8536,-1.5147,2.3829,1.6564,-3.1057,,,0.05936622619628906,0.0,37.73,0,,,,False,3,a18b610f06e9ded2e89f7d64bfc6357c,,data/session_a/20260423_122139/mission_2_junction_w2/start.jpg,
A,,20260423_122139,data/session_a/audits/audit_20260423_122139.jsonl,xplorer-c,3,2026-04-23T09:23:42+00:00,2.0,v4.8,,,,,Take me to the closest plant,L3a_deterministic,,19,plant_3,,mission_complete,,0.149,6.082,2.3829,1.6564,-3.1057,6.5069,-0.7571,-1.5055,,,0.2658367156982422,0.0,43.22,0,vlm_landmark,True,HIGH,False,3,a18b610f06e9ded2e89f7d64bfc6357c,,data/session_a/20260423_122139/mission_3_plant_3/start.jpg,data/session_a/20260423_122139/mission_3_plant_3/finish.jpg
A,,20260423_122139,data/session_a/audits/audit_20260423_122139.jsonl,xplorer-c,4,2026-04-23T09:24:42+00:00,2.0,v4.8,,,,,go to node 7,L3a_deterministic,,7,junction_w2,,mission_complete,,0.207,6.158,6.5069,-0.7571,-1.5055,2.4073,1.652,-3.1292,,,0.05435943603515625,0.0,55.56,0,,,,False,3,a18b610f06e9ded2e89f7d64bfc6357c,,data/session_a/20260423_122139/mission_4_junction_w2/start.jpg,
A,,20260423_122139,data/session_a/audits/audit_20260423_122139.jsonl,xplorer-c,5,2026-04-23T09:25:34+00:00,2.0,v4.8,,,,,Take me to the closest plant,L3a_deterministic,,19,plant_3,,mission_complete,,0.154,6.093,2.4073,1.652,-3.1292,6.5337,-0.7464,-1.5136,,,0.23245811462402344,0.0,46.3,0,vlm_landmark,True,HIGH,False,3,a18b610f06e9ded2e89f7d64bfc6357c,,data/session_a/20260423_122139/mission_5_plant_3/start.jpg,data/session_a/20260423_122139/mission_5_plant_3/finish.jpg
A,,20260423_122139,data/session_a/audits/audit_20260423_122139.jsonl,xplorer-c,6,2026-04-23T09:26:16+00:00,2.0,v4.8,,,,,go to node 7,L3a_deterministic,,7,junction_w2,,mission_complete,,0.186,6.169,6.5337,-0.7464,-1.5136,2.3811,1.6933,3.1215,,,0.048160552978515625,0.0,35.7,0,,,,False,3,a18b610f06e9ded2e89f7d64bfc6357c,,data/session_a/20260423_122139/mission_6_junction_w2/start.jpg,
A,,20260423_122139,data/session_a/audits/audit_20260423_122139.jsonl,xplorer-c,7,2026-04-23T09:26:20+00:00,2.0,v4.8,,,,,go to node 7,L3a_deterministic,,7,junction_w2,,mission_complete,,0.186,0.0,2.3811,1.6933,3.1215,2.3811,1.6933,3.1215,,,0.04482269287109375,0.0,0.0,0,,,,False,3,a18b610f06e9ded2e89f7d64bfc6357c,,data/session_a/20260423_122139/mission_7_junction_w2/start.jpg,
A,,20260423_122139,data/session_a/audits/audit_20260423_122139.jsonl,xplorer-c,8,2026-04-23T09:27:16+00:00,2.0,v4.8,,,,,Take me to the closest plant,L3a_deterministic,,19,plant_3,,mission_complete,,0.143,6.129,2.3811,1.6933,3.1215,6.5062,-0.7634,-1.5043,,,0.2429485321044922,0.0,48.05,0,vlm_landmark,True,HIGH,False,3,a18b610f06e9ded2e89f7d64bfc6357c,,data/session_a/20260423_122139/mission_8_plant_3/start.jpg,data/session_a/20260423_122139/mission_8_plant_3/finish.jpg
A,,20260423_122139,data/session_a/audits/audit_20260423_122139.jsonl,xplorer-c,9,2026-04-23T09:28:11+00:00,2.0,v4.8,,,,,go to node 7,L3a_deterministic,,7,junction_w2,,mission_complete,,0.199,6.167,6.5062,-0.7634,-1.5043,2.3989,1.6403,-3.1082,,,0.04553794860839844,0.0,51.82,0,,,,False,3,a18b610f06e9ded2e89f7d64bfc6357c,,data/session_a/20260423_122139/mission_9_junction_w2/start.jpg,
A,,20260423_122139,data/session_a/audits/audit_20260423_122139.jsonl,xplorer-c,10,2026-04-23T09:29:08+00:00,2.0,v4.8,,,,,Take me to the closest plant,L3a_deterministic,,19,plant_3,,mission_complete,,0.2,6.259,2.3989,1.6403,-3.1082,6.555,-0.6998,-1.5298,,,0.2627372741699219,0.0,49.93,0,vlm_landmark,True,HIGH,False,3,a18b610f06e9ded2e89f7d64bfc6357c,,data/session_a/20260423_122139/mission_10_plant_3/start.jpg,data/session_a/20260423_122139/mission_10_plant_3/finish.jpg
A,,20260423_122139,data/session_a/audits/audit_20260423_122139.jsonl,xplorer-c,11,2026-04-23T09:29:52+00:00,2.0,v4.8,,,,,go to node 7,L3a_deterministic,,7,junction_w2,,mission_complete,,0.194,6.157,6.555,-0.6998,-1.5298,2.3942,1.6568,-3.1391,,,0.05412101745605469,0.0,36.77,0,,,,False,3,a18b610f06e9ded2e89f7d64bfc6357c,,data/session_a/20260423_122139/mission_11_junction_w2/start.jpg,
A,,20260423_122139,data/session_a/audits/audit_20260423_122139.jsonl,xplorer-c,12,2026-04-23T09:30:44+00:00,2.0,v4.8,,,,,Take me to the closest plant,L3a_deterministic,,19,plant_3,,mission_complete,,0.162,6.237,2.3942,1.6568,-3.1391,6.5628,-0.7389,-1.5364,,,0.2651214599609375,0.0,45.32,0,vlm_landmark,True,HIGH,False,3,a18b610f06e9ded2e89f7d64bfc6357c,,data/session_a/20260423_122139/mission_12_plant_3/start.jpg,data/session_a/20260423_122139/mission_12_plant_3/finish.jpg
A,,20260423_125344,data/session_a/audits/audit_20260423_125344.jsonl,xplorer-c,1,2026-04-23T09:55:04+00:00,2.0,v4.8,,,,,"It is too hot in here, take me somewhere I can get some fresh air",L3b_vlm,,15,junction_e1,,mission_complete,,0.144,7.134,2.269,4.7102,1.7475,6.4987,4.6657,1.5634,,,0.35071372985839844,5009.894371032715,61.62,0,vlm_landmark,False,MEDIUM,False,0,41c0a9e7c78a34df6c0fb4f07f43f1e0,,data/session_a/20260423_125344/mission_1_junction_e1/start.jpg,data/session_a/20260423_125344/mission_1_junction_e1/finish.jpg
A,,20260423_125344,data/session_a/audits/audit_20260423_125344.jsonl,xplorer-c,2,2026-04-23T09:56:54+00:00,2.0,v4.8,,,,,go to cb204,L3a_deterministic,,5,cb204,,mission_complete,,0.155,7.685,6.4987,4.6657,1.5634,2.2258,4.647,1.582,,,0.06580352783203125,0.0,54.16,0,vlm_landmark,False,MEDIUM,False,0,41c0a9e7c78a34df6c0fb4f07f43f1e0,,data/session_a/20260423_125344/mission_2_cb204/start.jpg,data/session_a/20260423_125344/mission_2_cb204/finish.jpg
A,,20260423_125753,data/session_a/audits/audit_20260423_125753.jsonl,xplorer-c,1,2026-04-23T09:58:53+00:00,2.0,v4.8,,,,,"It is too hot in here, take me somewhere I can get some fresh air",L3a_m3_preference,,14,plant_5,,mission_complete,,0.189,8.256,2.2258,4.647,1.582,6.5708,5.2117,1.5748,,,0.051021575927734375,0.0,51.4,0,vlm_landmark,True,HIGH,True,3,a18b610f06e9ded2e89f7d64bfc6357c,,data/session_a/20260423_125753/mission_1_plant_5/start.jpg,data/session_a/20260423_125753/mission_1_plant_5/finish.jpg
A,,20260423_125753,data/session_a/audits/audit_20260423_125753.jsonl,xplorer-c,2,2026-04-23T09:59:46+00:00,2.0,v4.8,,,,,go to cb204,L3a_deterministic,,5,cb204,,mission_complete,,0.194,8.21,6.5708,5.2117,1.5748,2.2515,4.6126,1.6588,,,0.22745132446289062,0.0,48.5,0,vlm_landmark,False,MEDIUM,False,3,a18b610f06e9ded2e89f7d64bfc6357c,,data/session_a/20260423_125753/mission_2_cb204/start.jpg,data/session_a/20260423_125753/mission_2_cb204/finish.jpg
A,,20260423_130130,data/session_a/audits/audit_20260423_130130.jsonl,xplorer-c,1,2026-04-23T10:02:25+00:00,2.0,v4.8,,,,,"It is too hot in here, take me somewhere I can get some fresh air",L3a_m3_preference,,14,plant_5,,mission_complete,,0.125,8.108,2.2221,4.6102,1.5944,6.5819,5.2795,1.5545,,,0.05340576171875,0.0,47.15,0,vlm_landmark,True,HIGH,True,3,a18b610f06e9ded2e89f7d64bfc6357c,,data/session_a/20260423_130130/mission_1_plant_5/start.jpg,data/session_a/20260423_130130/mission_1_plant_5/finish.jpg
A,,20260423_130130,data/session_a/audits/audit_20260423_130130.jsonl,xplorer-c,2,2026-04-23T10:03:14+00:00,2.0,v4.8,,,,,go to cb204,L3a_deterministic,,5,cb204,,mission_complete,,0.125,8.335,6.5819,5.2795,1.5545,2.2452,4.683,1.5959,,,0.22554397583007812,0.0,45.26,0,vlm_landmark,False,MEDIUM,False,3,a18b610f06e9ded2e89f7d64bfc6357c,,data/session_a/20260423_130130/mission_2_cb204/start.jpg,data/session_a/20260423_130130/mission_2_cb204/finish.jpg
A,,20260423_130130,data/session_a/audits/audit_20260423_130130.jsonl,xplorer-c,3,2026-04-23T10:04:17+00:00,2.0,v4.8,,,,,"It is too hot in here, take me somewhere I can get some fresh air",L3a_m3_preference,,14,plant_5,,mission_complete,,0.17,8.024,2.2452,4.683,1.5959,6.6099,5.2404,1.5353,,,0.05650520324707031,0.0,60.22,0,vlm_landmark,True,HIGH,True,3,a18b610f06e9ded2e89f7d64bfc6357c,,data/session_a/20260423_130130/mission_3_plant_5/start.jpg,data/session_a/20260423_130130/mission_3_plant_5/finish.jpg
A,,20260423_130130,data/session_a/audits/audit_20260423_130130.jsonl,xplorer-c,4,2026-04-23T10:05:17+00:00,2.0,v4.8,,,,,go to cb204,L3a_deterministic,,5,cb204,,mission_complete,,0.16,8.279,6.6099,5.2404,1.5353,2.2829,4.6635,1.5401,,,0.102996826171875,0.0,53.47,0,vlm_landmark,False,MEDIUM,False,3,a18b610f06e9ded2e89f7d64bfc6357c,,data/session_a/20260423_130130/mission_4_cb204/start.jpg,data/session_a/20260423_130130/mission_4_cb204/finish.jpg
A,,20260423_130130,data/session_a/audits/audit_20260423_130130.jsonl,xplorer-c,5,2026-04-23T10:06:08+00:00,2.0,v4.8,,,,,"It is too hot in here, take me somewhere I can get some fresh air",L3a_m3_preference,,14,plant_5,,mission_complete,,0.147,8.029,2.2829,4.6635,1.5401,6.6202,5.2706,1.5902,,,0.1652240753173828,0.0,48.92,0,vlm_landmark,True,HIGH,True,3,a18b610f06e9ded2e89f7d64bfc6357c,,data/session_a/20260423_130130/mission_5_plant_5/start.jpg,data/session_a/20260423_130130/mission_5_plant_5/finish.jpg
A,,20260423_130130,data/session_a/audits/audit_20260423_130130.jsonl,xplorer-c,6,2026-04-23T10:07:08+00:00,2.0,v4.8,,,,,go to cb204,L3a_deterministic,,5,cb204,,mission_complete,,0.208,8.347,6.6202,5.2706,1.5902,2.2536,4.5992,1.5731,,,0.07605552673339844,0.0,57.74,0,vlm_landmark,False,MEDIUM,False,3,a18b610f06e9ded2e89f7d64bfc6357c,,data/session_a/20260423_130130/mission_6_cb204/start.jpg,data/session_a/20260423_130130/mission_6_cb204/finish.jpg
B,,20260423_143541,data/session_b/audits/audit_20260423_143541.jsonl,xplorer-b,1,2026-04-23T11:39:33+00:00,2.0,v4.8,,,,,go to a place to take a short break for personal needs,L3a_m3_preference,,0,toilet_m,,mission_complete,,0.272,6.076,2.2962,4.8135,-1.5184,0.5049,0.2722,-1.546,,,0.07510185241699219,0.0,28.88,0,pose_based,True,HIGH,True,6,97241265217eb4b08e26fb718eb21f40,,data/session_b/20260423_143541/mission_1_toilet_m/start.jpg,data/session_b/20260423_143541/mission_1_toilet_m/finish.jpg
B,,20260423_143541,data/session_b/audits/audit_20260423_143541.jsonl,xplorer-b,2,2026-04-23T11:40:25+00:00,2.0,v4.8,,,,,go to cb204,L3a_deterministic,,5,cb204,,mission_complete,,0.327,6.133,0.5049,0.2722,-1.546,2.208,4.4729,1.5883,,,0.21505355834960938,0.0,38.01,0,vlm_landmark,False,MEDIUM,False,6,97241265217eb4b08e26fb718eb21f40,,data/session_b/20260423_143541/mission_2_cb204/start.jpg,data/session_b/20260423_143541/mission_2_cb204/finish.jpg
B,,20260423_143541,data/session_b/audits/audit_20260423_143541.jsonl,xplorer-b,3,2026-04-23T11:41:31+00:00,2.0,v4.8,,,,,go to a place to take a short break for personal needs,L3a_m3_preference,,0,toilet_m,,missed,,3.724,1.901,2.208,4.4729,1.5883,2.2052,3.3104,-2.2164,,,0.06031990051269531,0.0,35.4,0,,,,True,6,97241265217eb4b08e26fb718eb21f40,,data/session_b/20260423_143541/mission_3_toilet_m/start.jpg,
B,,20260423_143541,data/session_b/audits/audit_20260423_143541.jsonl,xplorer-b,4,2026-04-23T11:41:53+00:00,2.0,v4.8,,,,,go to a place to take a short break for personal needs,L3a_m3_preference,,0,toilet_m,,mission_complete,,0.269,4.762,2.2052,3.3104,-2.2164,0.474,0.2677,-1.5693,,,0.056743621826171875,0.0,21.85,0,pose_based,True,HIGH,True,6,97241265217eb4b08e26fb718eb21f40,,data/session_b/20260423_143541/mission_4_toilet_m/start.jpg,data/session_b/20260423_143541/mission_4_toilet_m/finish.jpg
B,,20260423_143541,data/session_b/audits/audit_20260423_143541.jsonl,xplorer-b,5,2026-04-23T11:42:40+00:00,2.0,v4.8,,,,,go to cb204,L3a_deterministic,,5,cb204,,mission_complete,,0.3,6.029,0.474,0.2677,-1.5693,2.1662,4.5016,1.5752,,,0.07581710815429688,0.0,37.25,0,vlm_landmark,False,MEDIUM,False,6,97241265217eb4b08e26fb718eb21f40,,data/session_b/20260423_143541/mission_5_cb204/start.jpg,data/session_b/20260423_143541/mission_5_cb204/finish.jpg
B,,20260423_143541,data/session_b/audits/audit_20260423_143541.jsonl,xplorer-b,6,2026-04-23T11:43:30+00:00,2.0,v4.8,,,,,go to a place to take a short break for personal needs,L3a_m3_preference,,0,toilet_m,,mission_complete,,0.278,5.779,2.1662,4.5016,1.5752,0.5679,0.2691,-1.5696,,,0.05817413330078125,0.0,34.8,0,pose_based,True,HIGH,True,6,97241265217eb4b08e26fb718eb21f40,,data/session_b/20260423_143541/mission_6_toilet_m/start.jpg,data/session_b/20260423_143541/mission_6_toilet_m/finish.jpg
B,,20260423_143541,data/session_b/audits/audit_20260423_143541.jsonl,xplorer-b,7,2026-04-23T11:44:18+00:00,2.0,v4.8,,,,,go to cb204,L3a_deterministic,,5,cb204,,mission_complete,,0.29,5.824,0.5679,0.2691,-1.5696,2.1719,4.5115,1.6561,,,0.09489059448242188,0.0,38.19,0,vlm_landmark,False,MEDIUM,False,6,97241265217eb4b08e26fb718eb21f40,,data/session_b/20260423_143541/mission_7_cb204/start.jpg,data/session_b/20260423_143541/mission_7_cb204/finish.jpg
B,,20260423_143541,data/session_b/audits/audit_20260423_143541.jsonl,xplorer-b,8,2026-04-23T11:45:06+00:00,2.0,v4.8,,,,,go to a place to take a short break for personal needs,L3a_m3_preference,,0,toilet_m,,missed,,3.761,2.122,2.1719,4.5115,1.6561,2.1159,3.3965,-2.4217,,,0.047206878662109375,0.0,35.8,0,,,,True,6,97241265217eb4b08e26fb718eb21f40,,data/session_b/20260423_143541/mission_8_toilet_m/start.jpg,
B,,20260423_143541,data/session_b/audits/audit_20260423_143541.jsonl,xplorer-b,9,2026-04-23T11:45:29+00:00,2.0,v4.8,,,,,go to a place to take a short break for personal needs,L3a_m3_preference,,0,toilet_m,,mission_complete,,0.346,4.673,2.1159,3.3965,-2.4217,0.3899,0.328,-1.5746,,,0.05555152893066406,0.0,23.03,0,pose_based,True,HIGH,True,6,97241265217eb4b08e26fb718eb21f40,,data/session_b/20260423_143541/mission_9_toilet_m/start.jpg,data/session_b/20260423_143541/mission_9_toilet_m/finish.jpg
B,,20260423_143541,data/session_b/audits/audit_20260423_143541.jsonl,xplorer-b,10,2026-04-23T11:46:09+00:00,2.0,v4.8,,,,,go to cb204,L3a_deterministic,,5,cb204,,mission_complete,,0.328,6.09,0.3899,0.328,-1.5746,2.1857,4.4719,1.6434,,,0.08988380432128906,0.0,35.1,0,vlm_landmark,False,MEDIUM,False,6,97241265217eb4b08e26fb718eb21f40,,data/session_b/20260423_143541/mission_10_cb204/start.jpg,data/session_b/20260423_143541/mission_10_cb204/finish.jpg
B,,20260423_143541,data/session_b/audits/audit_20260423_143541.jsonl,xplorer-b,11,2026-04-23T11:46:46+00:00,2.0,v4.8,,,,,go to a place to take a short break for personal needs,L3a_m3_preference,,0,toilet_m,,missed,,3.879,1.425,2.1857,4.4719,1.6434,2.0941,3.5367,2.8981,,,0.06699562072753906,0.0,34.22,0,,,,True,6,97241265217eb4b08e26fb718eb21f40,,data/session_b/20260423_143541/mission_11_toilet_m/start.jpg,
B,,20260423_143541,data/session_b/audits/audit_20260423_143541.jsonl,xplorer-b,12,2026-04-23T11:47:06+00:00,2.0,v4.8,,,,,go to a place to take a short break for personal needs,L3a_m3_preference,,0,toilet_m,,mission_complete,,0.283,4.926,2.0941,3.5367,2.8981,0.4614,0.2807,-1.6601,,,0.06365776062011719,0.0,20.25,0,pose_based,True,HIGH,True,6,97241265217eb4b08e26fb718eb21f40,,data/session_b/20260423_143541/mission_12_toilet_m/start.jpg,data/session_b/20260423_143541/mission_12_toilet_m/finish.jpg
B,,20260423_143541,data/session_b/audits/audit_20260423_143541.jsonl,xplorer-b,13,2026-04-23T11:47:47+00:00,2.0,v4.8,,,,,go to cb204,L3a_deterministic,,5,cb204,,mission_complete,,0.305,6.093,0.4614,0.2807,-1.6601,2.2914,4.5086,1.5334,,,0.08678436279296875,0.0,37.36,0,vlm_landmark,False,MEDIUM,False,6,97241265217eb4b08e26fb718eb21f40,,data/session_b/20260423_143541/mission_13_cb204/start.jpg,data/session_b/20260423_143541/mission_13_cb204/finish.jpg
B,,20260423_143541,data/session_b/audits/audit_20260423_143541.jsonl,xplorer-b,14,2026-04-23T11:48:30+00:00,2.0,v4.8,,,,,go to a place to take a short break for personal needs,L3a_m3_preference,,0,toilet_m,,missed,,3.773,1.832,2.2914,4.5086,1.5334,2.1302,3.4029,-2.3739,,,0.0629425048828125,0.0,36.16,0,,,,True,6,97241265217eb4b08e26fb718eb21f40,,data/session_b/20260423_143541/mission_14_toilet_m/start.jpg,
B,,20260423_143541,data/session_b/audits/audit_20260423_143541.jsonl,xplorer-b,15,2026-04-23T11:48:54+00:00,2.0,v4.8,,,,,go to a place to take a short break for personal needs,L3a_m3_preference,,0,toilet_m,,mission_complete,,0.357,4.909,2.1302,3.4029,-2.3739,0.4643,0.3548,-1.5926,,,0.0591278076171875,0.0,23.96,0,pose_based,True,HIGH,True,6,97241265217eb4b08e26fb718eb21f40,,data/session_b/20260423_143541/mission_15_toilet_m/start.jpg,data/session_b/20260423_143541/mission_15_toilet_m/finish.jpg
B,,20260423_143541,data/session_b/audits/audit_20260423_143541.jsonl,xplorer-b,16,2026-04-23T11:49:39+00:00,2.0,v4.8,,,,,go to cb204,L3a_deterministic,,5,cb204,,mission_complete,,0.263,6.117,0.4643,0.3548,-1.5926,2.2024,4.5374,1.6094,,,0.09751319885253906,0.0,37.9,0,vlm_landmark,False,MEDIUM,False,6,97241265217eb4b08e26fb718eb21f40,,data/session_b/20260423_143541/mission_16_cb204/start.jpg,data/session_b/20260423_143541/mission_16_cb204/finish.jpg
B,,20260423_143541,data/session_b/audits/audit_20260423_143541.jsonl,xplorer-b,17,2026-04-23T11:50:40+00:00,2.0,v4.8,,,,,go to a place to take a short break for personal needs,L3a_m3_preference,,0,toilet_m,,mission_complete,,0.289,6.155,2.2024,4.5374,1.6094,0.5171,0.2882,-1.5146,,,0.0667572021484375,0.0,54.69,0,pose_based,True,HIGH,True,6,97241265217eb4b08e26fb718eb21f40,,data/session_b/20260423_143541/mission_17_toilet_m/start.jpg,data/session_b/20260423_143541/mission_17_toilet_m/finish.jpg
B,,20260423_143541,data/session_b/audits/audit_20260423_143541.jsonl,xplorer-b,18,2026-04-23T11:51:20+00:00,2.0,v4.8,,,,,go to cb204,L3a_deterministic,,5,cb204,,mission_complete,,0.285,6.273,0.5171,0.2882,-1.5146,1.915,4.788,1.5817,,,0.19168853759765625,0.0,34.56,0,vlm_landmark,False,MEDIUM,False,6,97241265217eb4b08e26fb718eb21f40,,data/session_b/20260423_143541/mission_18_cb204/start.jpg,data/session_b/20260423_143541/mission_18_cb204/finish.jpg
B,,20260423_143541,data/session_b/audits/audit_20260423_143541.jsonl,xplorer-b,19,2026-04-23T11:52:03+00:00,2.0,v4.8,,,,,go to a place to take a short break for personal needs,L3a_m3_preference,,0,toilet_m,,mission_complete,,0.254,6.989,1.915,4.788,1.5817,0.4386,0.2469,-1.5602,,,0.06127357482910156,0.0,38.21,0,pose_based,True,HIGH,True,6,97241265217eb4b08e26fb718eb21f40,,data/session_b/20260423_143541/mission_19_toilet_m/start.jpg,data/session_b/20260423_143541/mission_19_toilet_m/finish.jpg
B,,20260423_143541,data/session_b/audits/audit_20260423_143541.jsonl,xplorer-b,20,2026-04-23T11:52:44+00:00,2.0,v4.8,,,,,go to cb204,L3a_deterministic,,5,cb204,,mission_complete,,0.284,6.159,0.4386,0.2469,-1.5602,2.2033,4.5158,1.6974,,,0.08058547973632812,0.0,34.69,0,vlm_landmark,False,MEDIUM,False,6,97241265217eb4b08e26fb718eb21f40,,data/session_b/20260423_143541/mission_20_cb204/start.jpg,data/session_b/20260423_143541/mission_20_cb204/finish.jpg
B,,20260423_143541,data/session_b/audits/audit_20260423_143541.jsonl,xplorer-b,21,2026-04-23T11:53:30+00:00,2.0,v4.8,,,,,go to a place to take a short break for personal needs,L3a_m3_preference,,0,toilet_m,,mission_complete,,0.322,6.877,2.2033,4.5158,1.6974,0.444,0.3167,-1.4576,,,0.07414817810058594,0.0,37.08,0,pose_based,True,HIGH,True,6,97241265217eb4b08e26fb718eb21f40,,data/session_b/20260423_143541/mission_21_toilet_m/start.jpg,data/session_b/20260423_143541/mission_21_toilet_m/finish.jpg
B,,20260423_143541,data/session_b/audits/audit_20260423_143541.jsonl,xplorer-b,22,2026-04-23T11:54:08+00:00,2.0,v4.8,,,,,go to cb204,L3a_deterministic,,5,cb204,,mission_complete,,0.305,6.757,0.444,0.3167,-1.4576,2.1344,4.5022,1.5352,,,0.08630752563476562,0.0,31.63,0,vlm_landmark,False,MEDIUM,False,6,97241265217eb4b08e26fb718eb21f40,,data/session_b/20260423_143541/mission_22_cb204/start.jpg,data/session_b/20260423_143541/mission_22_cb204/finish.jpg
B,,20260423_143541,data/session_b/audits/audit_20260423_143541.jsonl,xplorer-b,23,2026-04-23T11:54:43+00:00,2.0,v4.8,,,,,go to a place to take a short break for personal needs,L3a_m3_preference,,0,toilet_m,,mission_complete,,0.347,6.531,2.1344,4.5022,1.5352,0.8431,-0.0504,3.0592,,,0.07295608520507812,0.0,30.71,0,pose_based,True,HIGH,True,6,97241265217eb4b08e26fb718eb21f40,,data/session_b/20260423_143541/mission_23_toilet_m/start.jpg,data/session_b/20260423_143541/mission_23_toilet_m/finish.jpg
B,,20260423_143541,data/session_b/audits/audit_20260423_143541.jsonl,xplorer-b,24,2026-04-23T11:56:00+00:00,2.0,v4.8,,,,,go to cb204,L3a_deterministic,,5,cb204,,mission_complete,,0.303,6.646,0.8431,-0.0504,3.0592,2.1801,4.4974,1.6574,,,0.08702278137207031,0.0,41.9,0,vlm_landmark,False,MEDIUM,False,6,97241265217eb4b08e26fb718eb21f40,,data/session_b/20260423_143541/mission_24_cb204/start.jpg,data/session_b/20260423_143541/mission_24_cb204/finish.jpg
B,,20260423_150456,data/session_b/audits/audit_20260423_150456.jsonl,xplorer-b,1,2026-04-23T12:05:46+00:00,2.0,v4.8,,,,,"the washroom got on fire, help me find something to stop the fire",L3a_m3_preference,,8,cb202,,mission_complete,,0.319,4.961,2.181,4.7201,1.7615,2.2376,0.3169,-1.5938,,,0.05841255187988281,0.0,31.83,0,vlm_landmark,False,MEDIUM,True,6,97241265217eb4b08e26fb718eb21f40,,data/session_b/20260423_150456/mission_1_cb202/start.jpg,data/session_b/20260423_150456/mission_1_cb202/finish.jpg
B,,20260423_150456,data/session_b/audits/audit_20260423_150456.jsonl,xplorer-b,2,2026-04-23T12:06:24+00:00,2.0,v4.8,,,,,go to cb204,L3a_deterministic,,5,cb204,,mission_complete,,0.301,4.65,2.2376,0.3169,-1.5938,2.162,4.5014,1.6003,,,0.21982192993164062,0.0,24.92,0,vlm_landmark,False,MEDIUM,False,6,97241265217eb4b08e26fb718eb21f40,,data/session_b/20260423_150456/mission_2_cb204/start.jpg,data/session_b/20260423_150456/mission_2_cb204/finish.jpg
B,,20260423_150456,data/session_b/audits/audit_20260423_150456.jsonl,xplorer-b,3,2026-04-23T12:06:52+00:00,2.0,v4.8,,,,,"the washroom got on fire, help me find something to stop the fire",L3a_m3_preference,,8,cb202,,mission_complete,,0.267,4.778,2.162,4.5014,1.6003,2.2021,0.2667,-1.6184,,,0.06318092346191406,0.0,25.46,0,vlm_landmark,False,MEDIUM,True,6,97241265217eb4b08e26fb718eb21f40,,data/session_b/20260423_150456/mission_3_cb202/start.jpg,data/session_b/20260423_150456/mission_3_cb202/finish.jpg
B,,20260423_150456,data/session_b/audits/audit_20260423_150456.jsonl,xplorer-b,4,2026-04-23T12:07:20+00:00,2.0,v4.8,,,,,go to cb204,L3a_deterministic,,5,cb204,,mission_complete,,0.271,4.822,2.2021,0.2667,-1.6184,2.111,4.5442,1.526,,,0.09107589721679688,0.0,26.03,0,vlm_landmark,False,MEDIUM,False,6,97241265217eb4b08e26fb718eb21f40,,data/session_b/20260423_150456/mission_4_cb204/start.jpg,data/session_b/20260423_150456/mission_4_cb204/finish.jpg
B,,20260423_150456,data/session_b/audits/audit_20260423_150456.jsonl,xplorer-b,5,2026-04-23T12:07:59+00:00,2.0,v4.8,,,,,"the washroom got on fire, help me find something to stop the fire",L3a_m3_preference,,8,cb202,,mission_complete,,0.331,4.673,2.111,4.5442,1.526,2.3089,0.3124,-1.6376,,,0.059604644775390625,0.0,25.08,0,vlm_landmark,False,MEDIUM,True,6,97241265217eb4b08e26fb718eb21f40,,data/session_b/20260423_150456/mission_5_cb202/start.jpg,data/session_b/20260423_150456/mission_5_cb202/finish.jpg
B,,20260423_150456,data/session_b/audits/audit_20260423_150456.jsonl,xplorer-b,6,2026-04-23T12:08:30+00:00,2.0,v4.8,,,,,go to cb204,L3a_deterministic,,5,cb204,,mission_complete,,0.276,4.766,2.3089,0.3124,-1.6376,2.1824,4.5247,1.5119,,,0.07772445678710938,0.0,26.06,0,vlm_landmark,False,MEDIUM,False,6,97241265217eb4b08e26fb718eb21f40,,data/session_b/20260423_150456/mission_6_cb204/start.jpg,data/session_b/20260423_150456/mission_6_cb204/finish.jpg
B,,20260423_150456,data/session_b/audits/audit_20260423_150456.jsonl,xplorer-b,7,2026-04-23T12:09:02+00:00,2.0,v4.8,,,,,"the washroom got on fire, help me find something to stop the fire",L3a_m3_preference,,8,cb202,,mission_complete,,0.282,4.588,2.1824,4.5247,1.5119,2.2061,0.2815,-1.5321,,,0.08893013000488281,0.0,26.15,0,vlm_landmark,False,MEDIUM,True,6,97241265217eb4b08e26fb718eb21f40,,data/session_b/20260423_150456/mission_7_cb202/start.jpg,data/session_b/20260423_150456/mission_7_cb202/finish.jpg
B,,20260423_150456,data/session_b/audits/audit_20260423_150456.jsonl,xplorer-b,8,2026-04-23T12:09:31+00:00,2.0,v4.8,,,,,go to cb204,L3a_deterministic,,5,cb204,,mission_complete,,0.282,4.805,2.2061,0.2815,-1.5321,2.1717,4.5192,1.5123,,,0.07104873657226562,0.0,23.27,0,vlm_landmark,False,MEDIUM,False,6,97241265217eb4b08e26fb718eb21f40,,data/session_b/20260423_150456/mission_8_cb204/start.jpg,data/session_b/20260423_150456/mission_8_cb204/finish.jpg
B,,20260423_150456,data/session_b/audits/audit_20260423_150456.jsonl,xplorer-b,9,2026-04-23T12:10:10+00:00,2.0,v4.8,,,,,"the washroom got on fire, help me find something to stop the fire",L3a_m3_preference,,8,cb202,,mission_complete,,0.326,4.71,2.1717,4.5192,1.5123,2.2243,0.3249,-1.5691,,,0.05626678466796875,0.0,26.65,0,vlm_landmark,False,MEDIUM,True,6,97241265217eb4b08e26fb718eb21f40,,data/session_b/20260423_150456/mission_9_cb202/start.jpg,data/session_b/20260423_150456/mission_9_cb202/finish.jpg
B,,20260423_150456,data/session_b/audits/audit_20260423_150456.jsonl,xplorer-b,10,2026-04-23T12:10:40+00:00,2.0,v4.8,,,,,go to cb204,L3a_deterministic,,5,cb204,,mission_complete,,0.34,4.76,2.2243,0.3249,-1.5691,2.2163,4.4603,1.5939,,,0.1633167266845703,0.0,26.75,0,vlm_landmark,False,MEDIUM,False,6,97241265217eb4b08e26fb718eb21f40,,data/session_b/20260423_150456/mission_10_cb204/start.jpg,data/session_b/20260423_150456/mission_10_cb204/finish.jpg
B,,20260423_150456,data/session_b/audits/audit_20260423_150456.jsonl,xplorer-b,11,2026-04-23T12:11:08+00:00,2.0,v4.8,,,,,"the washroom got on fire, help me find something to stop the fire",L3a_m3_preference,,8,cb202,,mission_complete,,0.278,4.69,2.2163,4.4603,1.5939,2.179,0.2775,-1.6777,,,0.07033348083496094,0.0,26.6,0,vlm_landmark,False,MEDIUM,True,6,97241265217eb4b08e26fb718eb21f40,,data/session_b/20260423_150456/mission_11_cb202/start.jpg,data/session_b/20260423_150456/mission_11_cb202/finish.jpg
B,,20260423_150456,data/session_b/audits/audit_20260423_150456.jsonl,xplorer-b,12,2026-04-23T12:11:43+00:00,2.0,v4.8,,,,,go to cb204,L3a_deterministic,,5,cb204,,mission_complete,,0.27,4.776,2.179,0.2775,-1.6777,2.2093,4.5305,1.5308,,,0.08440017700195312,0.0,25.51,0,vlm_landmark,False,MEDIUM,False,6,97241265217eb4b08e26fb718eb21f40,,data/session_b/20260423_150456/mission_12_cb204/start.jpg,data/session_b/20260423_150456/mission_12_cb204/finish.jpg
B,,20260423_150456,data/session_b/audits/audit_20260423_150456.jsonl,xplorer-b,13,2026-04-23T12:12:42+00:00,2.0,v4.8,,,,,"the washroom got on fire, help me find something to stop the fire",L3a_m3_preference,,8,cb202,,mission_complete,,0.272,4.702,2.2093,4.5305,1.5308,2.3007,0.2526,-1.5412,,,0.07700920104980469,0.0,27.36,0,vlm_landmark,False,MEDIUM,True,6,97241265217eb4b08e26fb718eb21f40,,data/session_b/20260423_150456/mission_13_cb202/start.jpg,data/session_b/20260423_150456/mission_13_cb202/finish.jpg
B,,20260423_150456,data/session_b/audits/audit_20260423_150456.jsonl,xplorer-b,14,2026-04-23T12:13:38+00:00,2.0,v4.8,,,,,go to cb204,L3a_deterministic,,5,cb204,,mission_complete,,0.129,5.158,2.3007,0.2526,-1.5412,2.2836,4.7015,1.3522,,,0.09870529174804688,0.0,48.0,0,vlm_landmark,False,MEDIUM,False,6,97241265217eb4b08e26fb718eb21f40,,data/session_b/20260423_150456/mission_14_cb204/start.jpg,data/session_b/20260423_150456/mission_14_cb204/finish.jpg
B,,20260423_150456,data/session_b/audits/audit_20260423_150456.jsonl,xplorer-b,15,2026-04-23T12:14:16+00:00,2.0,v4.8,,,,,"the washroom got on fire, help me find something to stop the fire",L3a_m3_preference,,8,cb202,,mission_complete,,0.343,5.018,2.2836,4.7015,1.3522,2.159,0.3404,-1.559,,,0.08106231689453125,0.0,28.0,0,vlm_landmark,False,MEDIUM,True,6,97241265217eb4b08e26fb718eb21f40,,data/session_b/20260423_150456/mission_15_cb202/start.jpg,data/session_b/20260423_150456/mission_15_cb202/finish.jpg
B,,20260423_150456,data/session_b/audits/audit_20260423_150456.jsonl,xplorer-b,16,2026-04-23T12:14:52+00:00,2.0,v4.8,,,,,go to cb204,L3a_deterministic,,5,cb204,,mission_complete,,0.28,4.741,2.159,0.3404,-1.559,2.1606,4.523,1.5184,,,0.07796287536621094,0.0,25.09,0,vlm_landmark,False,MEDIUM,False,6,97241265217eb4b08e26fb718eb21f40,,data/session_b/20260423_150456/mission_16_cb204/start.jpg,data/session_b/20260423_150456/mission_16_cb204/finish.jpg
B,,20260423_150456,data/session_b/audits/audit_20260423_150456.jsonl,xplorer-b,17,2026-04-23T12:15:31+00:00,2.0,v4.8,,,,,"the washroom got on fire, help me find something to stop the fire",L3a_m3_preference,,8,cb202,,mission_complete,,0.251,4.682,2.1606,4.523,1.5184,2.2016,0.2509,-1.6337,,,0.08034706115722656,0.0,26.11,0,vlm_landmark,False,MEDIUM,True,6,97241265217eb4b08e26fb718eb21f40,,data/session_b/20260423_150456/mission_17_cb202/start.jpg,data/session_b/20260423_150456/mission_17_cb202/finish.jpg
B,,20260423_150456,data/session_b/audits/audit_20260423_150456.jsonl,xplorer-b,18,2026-04-23T12:16:25+00:00,2.0,v4.8,,,,,go to cb204,L3a_deterministic,,5,cb204,,mission_complete,,0.353,9.839,2.2016,0.2509,-1.6337,2.1619,4.4492,1.5689,,,0.08535385131835938,0.0,50.03,0,vlm_landmark,False,MEDIUM,False,6,97241265217eb4b08e26fb718eb21f40,,data/session_b/20260423_150456/mission_18_cb204/start.jpg,data/session_b/20260423_150456/mission_18_cb204/finish.jpg
B,,20260423_150456,data/session_b/audits/audit_20260423_150456.jsonl,xplorer-b,19,2026-04-23T12:17:01+00:00,2.0,v4.8,,,,,"the washroom got on fire, help me find something to stop the fire",L3a_m3_preference,,8,cb202,,mission_complete,,0.265,4.744,2.1619,4.4492,1.5689,2.174,0.264,-1.5945,,,0.06747245788574219,0.0,25.55,0,vlm_landmark,False,MEDIUM,True,6,97241265217eb4b08e26fb718eb21f40,,data/session_b/20260423_150456/mission_19_cb202/start.jpg,data/session_b/20260423_150456/mission_19_cb202/finish.jpg
B,,20260423_150456,data/session_b/audits/audit_20260423_150456.jsonl,xplorer-b,20,2026-04-23T12:17:33+00:00,2.0,v4.8,,,,,go to cb204,L3a_deterministic,,5,cb204,,mission_complete,,0.301,4.963,2.174,0.264,-1.5945,2.1277,4.5079,1.5371,,,0.07510185241699219,0.0,25.63,0,vlm_landmark,False,MEDIUM,False,6,97241265217eb4b08e26fb718eb21f40,,data/session_b/20260423_150456/mission_20_cb204/start.jpg,data/session_b/20260423_150456/mission_20_cb204/finish.jpg
B,,20260423_150456,data/session_b/audits/audit_20260423_150456.jsonl,xplorer-b,21,2026-04-23T12:18:45+00:00,2.0,v4.8,,,,,"It is too hot in here, take me somewhere I can get some fresh air",L3a_m3_preference,,14,plant_5,,missed,,4.703,1.489,2.1277,4.5079,1.5371,2.2579,3.4786,-0.8403,,,0.07605552673339844,0.0,34.38,0,,,,True,6,97241265217eb4b08e26fb718eb21f40,,data/session_b/20260423_150456/mission_21_plant_5/start.jpg,
B,,20260423_150456,data/session_b/audits/audit_20260423_150456.jsonl,xplorer-b,22,2026-04-23T12:19:14+00:00,2.0,v4.8,,,,,"It is too hot in here, take me somewhere I can get some fresh air",L3a_m3_preference,,14,plant_5,,mission_complete,,0.323,6.346,2.2579,3.4786,-0.8403,6.5173,5.0788,1.7108,,,0.06103515625,0.0,28.86,0,vlm_landmark,True,HIGH,True,6,97241265217eb4b08e26fb718eb21f40,,data/session_b/20260423_150456/mission_22_plant_5/start.jpg,data/session_b/20260423_150456/mission_22_plant_5/finish.jpg
B,,20260423_150456,data/session_b/audits/audit_20260423_150456.jsonl,xplorer-b,23,2026-04-23T12:20:13+00:00,2.0,v4.8,,,,,go to cb204,L3a_deterministic,,5,cb204,,mission_complete,,0.328,8.139,6.5173,5.0788,1.7108,2.0435,4.5119,1.5048,,,0.08225440979003906,0.0,40.21,0,vlm_landmark,False,MEDIUM,False,6,97241265217eb4b08e26fb718eb21f40,,data/session_b/20260423_150456/mission_23_cb204/start.jpg,data/session_b/20260423_150456/mission_23_cb204/finish.jpg
B,,20260423_150456,data/session_b/audits/audit_20260423_150456.jsonl,xplorer-b,24,2026-04-23T12:20:55+00:00,2.0,v4.8,,,,,"It is too hot in here, take me somewhere I can get some fresh air",L3a_m3_preference,,14,plant_5,,mission_complete,,0.302,8.399,2.0435,4.5119,1.5048,6.5115,5.1004,1.5965,,,0.07367134094238281,0.0,38.39,0,vlm_landmark,True,HIGH,True,6,97241265217eb4b08e26fb718eb21f40,,data/session_b/20260423_150456/mission_24_plant_5/start.jpg,data/session_b/20260423_150456/mission_24_plant_5/finish.jpg
B,,20260423_150456,data/session_b/audits/audit_20260423_150456.jsonl,xplorer-b,25,2026-04-23T12:21:46+00:00,2.0,v4.8,,,,,go to cb204,L3a_deterministic,,5,cb204,,mission_complete,,0.325,7.929,6.5115,5.1004,1.5965,2.1072,4.4882,1.5204,,,0.09393692016601562,0.0,40.45,0,vlm_landmark,False,MEDIUM,False,6,97241265217eb4b08e26fb718eb21f40,,data/session_b/20260423_150456/mission_25_cb204/start.jpg,data/session_b/20260423_150456/mission_25_cb204/finish.jpg
B,,20260423_150456,data/session_b/audits/audit_20260423_150456.jsonl,xplorer-b,26,2026-04-23T12:22:33+00:00,2.0,v4.8,,,,,"It is too hot in here, take me somewhere I can get some fresh air",L3a_m3_preference,,14,plant_5,,mission_complete,,0.256,8.174,2.1072,4.4882,1.5204,6.5199,5.1456,1.6435,,,0.07224082946777344,0.0,37.75,0,vlm_landmark,True,HIGH,True,6,97241265217eb4b08e26fb718eb21f40,,data/session_b/20260423_150456/mission_26_plant_5/start.jpg,data/session_b/20260423_150456/mission_26_plant_5/finish.jpg
B,,20260423_150456,data/session_b/audits/audit_20260423_150456.jsonl,xplorer-b,27,2026-04-23T12:23:17+00:00,2.0,v4.8,,,,,go to cb204,L3a_deterministic,,5,cb204,,mission_complete,,0.328,8.138,6.5199,5.1456,1.6435,2.1799,4.4729,1.5225,,,0.07963180541992188,0.0,40.32,0,vlm_landmark,False,MEDIUM,False,6,97241265217eb4b08e26fb718eb21f40,,data/session_b/20260423_150456/mission_27_cb204/start.jpg,data/session_b/20260423_150456/mission_27_cb204/finish.jpg
B,,20260423_150456,data/session_b/audits/audit_20260423_150456.jsonl,xplorer-b,28,2026-04-23T12:24:05+00:00,2.0,v4.8,,,,,"It is too hot in here, take me somewhere I can get some fresh air",L3a_m3_preference,,14,plant_5,,mission_complete,,0.265,8.432,2.1799,4.4729,1.5225,6.5863,5.1374,1.673,,,0.0629425048828125,0.0,41.34,0,vlm_landmark,True,HIGH,True,6,97241265217eb4b08e26fb718eb21f40,,data/session_b/20260423_150456/mission_28_plant_5/start.jpg,data/session_b/20260423_150456/mission_28_plant_5/finish.jpg
B,,20260423_150456,data/session_b/audits/audit_20260423_150456.jsonl,xplorer-b,29,2026-04-23T12:24:47+00:00,2.0,v4.8,,,,,go to cb204,L3a_deterministic,,5,cb204,,mission_complete,,0.323,7.763,6.5863,5.1374,1.673,2.2044,4.4773,1.5591,,,0.08606910705566406,0.0,33.89,0,vlm_landmark,False,MEDIUM,False,6,97241265217eb4b08e26fb718eb21f40,,data/session_b/20260423_150456/mission_29_cb204/start.jpg,data/session_b/20260423_150456/mission_29_cb204/finish.jpg
B,,20260423_150456,data/session_b/audits/audit_20260423_150456.jsonl,xplorer-b,30,2026-04-23T12:25:44+00:00,2.0,v4.8,,,,,"It is too hot in here, take me somewhere I can get some fresh air",L3a_m3_preference,,14,plant_5,,mission_complete,,0.283,8.456,2.2044,4.4773,1.5591,6.614,5.1244,1.4963,,,0.049591064453125,0.0,51.13,0,vlm_landmark,True,HIGH,True,6,97241265217eb4b08e26fb718eb21f40,,data/session_b/20260423_150456/mission_30_plant_5/start.jpg,data/session_b/20260423_150456/mission_30_plant_5/finish.jpg
B,,20260423_150456,data/session_b/audits/audit_20260423_150456.jsonl,xplorer-b,31,2026-04-23T12:26:26+00:00,2.0,v4.8,,,,,go to cb204,L3a_deterministic,,5,cb204,,mission_complete,,0.317,8.06,6.614,5.1244,1.4963,2.1516,4.4869,1.4525,,,0.07748603820800781,0.0,37.56,0,vlm_landmark,False,MEDIUM,False,6,97241265217eb4b08e26fb718eb21f40,,data/session_b/20260423_150456/mission_31_cb204/start.jpg,data/session_b/20260423_150456/mission_31_cb204/finish.jpg
B,,20260423_150456,data/session_b/audits/audit_20260423_150456.jsonl,xplorer-b,32,2026-04-23T12:27:55+00:00,2.0,v4.8,,,,,Take me somewhere I can sit and relax,L3a_m3_preference,,9,radiator,,mission_complete,,0.472,8.67,2.1516,4.4869,1.4525,4.9491,-0.9447,-1.4768,,,0.05888938903808594,0.0,64.55,0,vlm_landmark,True,HIGH,True,6,97241265217eb4b08e26fb718eb21f40,,data/session_b/20260423_150456/mission_32_radiator/start.jpg,data/session_b/20260423_150456/mission_32_radiator/finish.jpg
B,,20260423_150456,data/session_b/audits/audit_20260423_150456.jsonl,xplorer-b,33,2026-04-23T12:28:45+00:00,2.0,v4.8,,,,,go to cb204,L3a_deterministic,,5,cb204,,mission_complete,,0.316,8.204,4.9491,-0.9447,-1.4768,2.3386,4.5157,1.6765,,,0.07796287536621094,0.0,41.87,0,vlm_landmark,False,MEDIUM,False,6,97241265217eb4b08e26fb718eb21f40,,data/session_b/20260423_150456/mission_33_cb204/start.jpg,data/session_b/20260423_150456/mission_33_cb204/finish.jpg
B,,20260423_150456,data/session_b/audits/audit_20260423_150456.jsonl,xplorer-b,34,2026-04-23T12:29:35+00:00,2.0,v4.8,,,,,Take me somewhere I can sit and relax,L3a_m3_preference,,9,radiator,,mission_complete,,0.347,7.372,2.3386,4.5157,1.6765,4.6211,-0.4743,-1.4522,,,0.05435943603515625,0.0,47.71,0,vlm_landmark,True,HIGH,True,6,97241265217eb4b08e26fb718eb21f40,,data/session_b/20260423_150456/mission_34_radiator/start.jpg,data/session_b/20260423_150456/mission_34_radiator/finish.jpg
B,,20260423_150456,data/session_b/audits/audit_20260423_150456.jsonl,xplorer-b,35,2026-04-23T12:30:23+00:00,2.0,v4.8,,,,,go to cb204,L3a_deterministic,,5,cb204,,mission_complete,,0.267,7.725,4.6211,-0.4743,-1.4522,2.1001,4.5527,1.4771,,,0.09965896606445312,0.0,41.36,0,vlm_landmark,False,MEDIUM,False,6,97241265217eb4b08e26fb718eb21f40,,data/session_b/20260423_150456/mission_35_cb204/start.jpg,data/session_b/20260423_150456/mission_35_cb204/finish.jpg
B,,20260423_150456,data/session_b/audits/audit_20260423_150456.jsonl,xplorer-b,36,2026-04-23T12:31:10+00:00,2.0,v4.8,,,,,Take me somewhere I can sit and relax,L3a_m3_preference,,9,radiator,,mission_complete,,0.283,7.583,2.1001,4.5527,1.4771,4.5253,-0.5186,-1.5288,,,0.06628036499023438,0.0,41.88,0,vlm_landmark,True,HIGH,True,6,97241265217eb4b08e26fb718eb21f40,,data/session_b/20260423_150456/mission_36_radiator/start.jpg,data/session_b/20260423_150456/mission_36_radiator/finish.jpg
B,,20260423_150456,data/session_b/audits/audit_20260423_150456.jsonl,xplorer-b,37,2026-04-23T12:31:49+00:00,2.0,v4.8,,,,,go to cb204,L3a_deterministic,,5,cb204,,mission_complete,,0.337,7.898,4.5253,-0.5186,-1.5288,2.2695,4.4703,1.5848,,,0.08225440979003906,0.0,35.18,0,vlm_landmark,False,MEDIUM,False,6,97241265217eb4b08e26fb718eb21f40,,data/session_b/20260423_150456/mission_37_cb204/start.jpg,data/session_b/20260423_150456/mission_37_cb204/finish.jpg
B,,20260423_150456,data/session_b/audits/audit_20260423_150456.jsonl,xplorer-b,38,2026-04-23T12:32:18+00:00,2.0,v4.8,,,,,go to lab_cb204,L3a_deterministic,,5,cb204,,mission_complete,,0.337,0.0,2.2695,4.4703,1.5848,2.2695,4.4703,1.5848,,,0.07772445678710938,0.0,0.0,0,,,,False,6,97241265217eb4b08e26fb718eb21f40,,data/session_b/20260423_150456/mission_38_cb204/start.jpg,
B,,20260423_150456,data/session_b/audits/audit_20260423_150456.jsonl,xplorer-b,39,2026-04-23T12:33:18+00:00,2.0,v4.8,,,,,go to toilet m,L3a_deterministic,,0,toilet_m,,mission_complete,,0.259,6.105,2.2695,4.4703,1.5848,0.3594,0.2173,-1.5116,,,0.08296966552734375,0.0,31.13,0,pose_based,True,HIGH,False,6,97241265217eb4b08e26fb718eb21f40,,data/session_b/20260423_150456/mission_39_toilet_m/start.jpg,data/session_b/20260423_150456/mission_39_toilet_m/finish.jpg
B,,20260423_150456,data/session_b/audits/audit_20260423_150456.jsonl,xplorer-b,40,2026-04-23T12:34:01+00:00,2.0,v4.8,,,,,go to lab_cb204,L3a_deterministic,,5,cb204,,mission_complete,,0.279,6.091,0.3594,0.2173,-1.5116,2.2375,4.5238,1.5712,,,0.08249282836914062,0.0,37.75,0,vlm_landmark,False,MEDIUM,False,6,97241265217eb4b08e26fb718eb21f40,,data/session_b/20260423_150456/mission_40_cb204/start.jpg,data/session_b/20260423_150456/mission_40_cb204/finish.jpg
B,,20260423_150456,data/session_b/audits/audit_20260423_150456.jsonl,xplorer-b,41,2026-04-23T12:34:40+00:00,2.0,v4.8,,,,,go to toilet m,L3a_deterministic,,0,toilet_m,,mission_complete,,0.249,6.736,2.2375,4.5238,1.5712,0.4518,0.2441,-1.5281,,,0.10037422180175781,0.0,29.89,0,pose_based,True,HIGH,False,6,97241265217eb4b08e26fb718eb21f40,,data/session_b/20260423_150456/mission_41_toilet_m/start.jpg,data/session_b/20260423_150456/mission_41_toilet_m/finish.jpg
B,,20260423_150456,data/session_b/audits/audit_20260423_150456.jsonl,xplorer-b,42,2026-04-23T12:35:17+00:00,2.0,v4.8,,,,,go to lab_cb204,L3a_deterministic,,5,cb204,,mission_complete,,0.227,6.374,0.4518,0.2441,-1.5281,1.9871,4.72,1.6124,,,0.07939338684082031,0.0,34.92,0,vlm_landmark,False,MEDIUM,False,6,97241265217eb4b08e26fb718eb21f40,,data/session_b/20260423_150456/mission_42_cb204/start.jpg,data/session_b/20260423_150456/mission_42_cb204/finish.jpg
B,,20260423_150456,data/session_b/audits/audit_20260423_150456.jsonl,xplorer-b,43,2026-04-23T12:35:52+00:00,2.0,v4.8,,,,,go to toilet m,L3a_deterministic,,0,toilet_m,,mission_complete,,0.327,6.374,1.9871,4.72,1.6124,0.409,0.3137,-1.5243,,,0.09560585021972656,0.0,31.76,0,pose_based,True,HIGH,False,6,97241265217eb4b08e26fb718eb21f40,,data/session_b/20260423_150456/mission_43_toilet_m/start.jpg,data/session_b/20260423_150456/mission_43_toilet_m/finish.jpg
B,,20260423_150456,data/session_b/audits/audit_20260423_150456.jsonl,xplorer-b,44,2026-04-23T12:37:17+00:00,2.0,v4.8,,,,,go to lab_cb204,L3a_deterministic,,5,cb204,,mission_complete,,0.284,6.798,0.409,0.3137,-1.5243,2.2234,4.517,1.571,,,0.18668174743652344,0.0,31.55,0,vlm_landmark,False,MEDIUM,False,6,97241265217eb4b08e26fb718eb21f40,,data/session_b/20260423_150456/mission_44_cb204/start.jpg,data/session_b/20260423_150456/mission_44_cb204/finish.jpg
B,,20260423_150456,data/session_b/audits/audit_20260423_150456.jsonl,xplorer-b,45,2026-04-23T12:37:52+00:00,2.0,v4.8,,,,,go to toilet m,L3a_deterministic,,0,toilet_m,,mission_complete,,0.349,6.237,2.2234,4.517,1.571,0.8423,-0.0665,3.1252,,,0.087738037109375,0.0,30.61,0,pose_based,True,HIGH,False,6,97241265217eb4b08e26fb718eb21f40,,data/session_b/20260423_150456/mission_45_toilet_m/start.jpg,data/session_b/20260423_150456/mission_45_toilet_m/finish.jpg
B,,20260423_150456,data/session_b/audits/audit_20260423_150456.jsonl,xplorer-b,46,2026-04-23T12:38:39+00:00,2.0,v4.8,,,,,go to lab_cb204,L3a_deterministic,,5,cb204,,mission_complete,,0.362,6.658,0.8423,-0.0665,3.1252,2.1847,4.4383,1.5611,,,0.07963180541992188,0.0,34.55,0,vlm_landmark,False,MEDIUM,False,6,97241265217eb4b08e26fb718eb21f40,,data/session_b/20260423_150456/mission_46_cb204/start.jpg,data/session_b/20260423_150456/mission_46_cb204/finish.jpg
B,,20260423_153932,data/session_b/audits/audit_20260423_153932.jsonl,xplorer-b,1,2026-04-23T12:40:20+00:00,2.0,v4.8,,,,,Take me to the closest plant,L3a_deterministic,,19,plant_3,,mission_complete,,0.3,6.821,2.2402,1.6715,2.9381,6.6873,-0.6332,-1.3501,,,0.4749298095703125,0.0,37.82,0,vlm_landmark,True,HIGH,False,6,97241265217eb4b08e26fb718eb21f40,,data/session_b/20260423_153932/mission_1_plant_3/start.jpg,data/session_b/20260423_153932/mission_1_plant_3/finish.jpg
B,,20260423_153932,data/session_b/audits/audit_20260423_153932.jsonl,xplorer-b,2,2026-04-23T12:41:21+00:00,2.0,v4.8,,,,,go to node 7,L3a_deterministic,,7,junction_w2,,mission_complete,,0.261,6.746,6.6873,-0.6332,-1.3501,2.4606,1.6597,3.1269,,,0.053882598876953125,0.0,32.98,0,,,,False,6,97241265217eb4b08e26fb718eb21f40,,data/session_b/20260423_153932/mission_2_junction_w2/start.jpg,
B,,20260423_153932,data/session_b/audits/audit_20260423_153932.jsonl,xplorer-b,3,2026-04-23T12:42:01+00:00,2.0,v4.8,,,,,Take me to the closest plant,L3a_deterministic,,19,plant_3,,mission_complete,,0.331,6.619,2.4606,1.6597,3.1269,6.5259,-0.5698,-1.631,,,0.3483295440673828,0.0,33.67,0,vlm_landmark,True,HIGH,False,6,97241265217eb4b08e26fb718eb21f40,,data/session_b/20260423_153932/mission_3_plant_3/start.jpg,data/session_b/20260423_153932/mission_3_plant_3/finish.jpg
B,,20260423_153932,data/session_b/audits/audit_20260423_153932.jsonl,xplorer-b,4,2026-04-23T12:42:39+00:00,2.0,v4.8,,,,,go to node 7,L3a_deterministic,,7,junction_w2,,mission_complete,,0.291,6.414,6.5259,-0.5698,-1.631,2.1589,1.3618,1.5554,,,0.049114227294921875,0.0,31.51,0,,,,False,6,97241265217eb4b08e26fb718eb21f40,,data/session_b/20260423_153932/mission_4_junction_w2/start.jpg,
B,,20260423_153932,data/session_b/audits/audit_20260423_153932.jsonl,xplorer-b,5,2026-04-23T12:43:35+00:00,2.0,v4.8,,,,,Take me to the closest plant,L3a_deterministic,,19,plant_3,,mission_complete,,0.357,7.247,2.1589,1.3618,1.5554,6.5137,-0.545,-1.5657,,,0.377655029296875,0.0,35.26,0,vlm_landmark,True,HIGH,False,6,97241265217eb4b08e26fb718eb21f40,,data/session_b/20260423_153932/mission_5_plant_3/start.jpg,data/session_b/20260423_153932/mission_5_plant_3/finish.jpg
B,,20260423_153932,data/session_b/audits/audit_20260423_153932.jsonl,xplorer-b,6,2026-04-23T13:55:12+00:00,2.0,v4.8,,,,,go to cb204,L3a_deterministic,,5,cb204,,mission_complete,,0.229,2.858,0.4952,6.15,3.1185,1.9714,4.8007,1.5127,,,0.08153915405273438,0.0,31.21,0,vlm_landmark,False,MEDIUM,False,6,97241265217eb4b08e26fb718eb21f40,,data/session_b/20260423_153932/mission_6_cb204/start.jpg,data/session_b/20260423_153932/mission_6_cb204/finish.jpg
C,,20260424_172918,data/session_c/audits/pair1_B_fire.jsonl,xplorer-b,1,2026-04-24T14:31:53+00:00,2.0,v4.8,,,,,"the washroom got on fire, help me find something sto stop the fire",L3a_m3_preference,,8,cb202,,mission_complete,,0.299,7.757,7.9065,1.5603,0.0704,2.1758,0.2976,-1.3822,,,0.06270408630371094,0.0,38.61,0,vlm_landmark,False,MEDIUM,True,6,97241265217eb4b08e26fb718eb21f40,,data/session_c/20260424_172918/mission_1_cb202/start.jpg,data/session_c/20260424_172918/mission_1_cb202/finish.jpg
C,,20260424_172924,data/session_c/audits/pair1_C_restroom.jsonl,xplorer-c,1,2026-04-24T14:31:51+00:00,2.0,v4.8,,,,,go to a place to take a short break for personal needs,L3a_m3_preference,,0,toilet_m,,mission_complete,,0.244,6.488,2.2575,4.6058,1.5797,0.5211,0.2431,-1.5684,,,0.1068115234375,0.0,38.5,0,pose_based,True,HIGH,True,6,97241265217eb4b08e26fb718eb21f40,,data/session_c/20260424_172924/mission_1_toilet_m/start.jpg,data/session_c/20260424_172924/mission_1_toilet_m/finish.jpg
C,,20260424_164437,data/session_c/audits/pair2_B_cb203.jsonl,xplorer-b,1,2026-04-24T13:50:09+00:00,2.0,v4.8,,,,,go to cb203 entrance,L3a_deterministic,,22,cb203_entrance,,mission_complete,,0.307,9.714,2.052,4.7343,1.3411,7.9065,1.5603,0.0704,,,0.20003318786621094,0.0,41.84,0,vlm_landmark,True,HIGH,False,6,97241265217eb4b08e26fb718eb21f40,,data/session_c/20260424_164437/mission_1_cb203_entrance/start.jpg,data/session_c/20260424_164437/mission_1_cb203_entrance/finish.jpg
C,,20260424_164721,data/session_c/audits/pair2_C_cb204.jsonl,xplorer-c,1,2026-04-24T13:50:24+00:00,2.0,v4.8,,,,,go to lab_cb204,L3a_deterministic,,5,cb204,,mission_complete,,0.203,8.628,7.7095,1.2936,-3.1206,2.2575,4.6058,1.5797,,,0.2505779266357422,0.0,58.84,0,vlm_landmark,False,MEDIUM,False,6,97241265217eb4b08e26fb718eb21f40,,data/session_c/20260424_164721/mission_1_cb204/start.jpg,data/session_c/20260424_164721/mission_1_cb204/finish.jpg
E,day1_20260820,20260820_115934,data/session_e/day1_20260820/logs/audit_20260820_115934.jsonl,xplorer-c,1,2026-08-20T09:00:24+00:00,2.1,v4.8-review,E0,,AD,1,"the washroom got on fire, help me find something to stop the fire",L3a_m3_preference,0,8,cb202,8,mission_complete,True,0.207,1.973,2.1485,1.9607,-1.5149,2.1491,0.2006,-1.5614,True,0.055063,0.12373924255371094,0.0,22.54,0,vlm_landmark,True,HIGH,True,6,97241265217eb4b08e26fb718eb21f40,0fd61f9e82e8fe6991f0311014384e0c,data/session_e/day1_20260820/20260820_115934/mission_1_cb202/start.jpg,data/session_e/day1_20260820/20260820_115934/mission_1_cb202/finish.jpg
E,day1_20260820,20260820_121926,data/session_e/day1_20260820/logs/audit_20260820_121926.jsonl,xplorer-b,1,2026-08-20T09:20:02+00:00,2.1,v4.8-review,E0,,AD,1,"the washroom got on fire, help me find something to stop the fire",L3a_m3_preference,0,8,cb202,8,mission_complete_fallback,True,0.308,1.583,2.1999,1.6627,-1.4104,2.2681,0.3002,-1.5989,True,0.058755,0.13327598571777344,0.0,22.27,0,vlm_landmark,True,HIGH,True,6,97241265217eb4b08e26fb718eb21f40,0fd61f9e82e8fe6991f0311014384e0c,data/session_e/day1_20260820/20260820_121926/mission_1_cb202/start.jpg,data/session_e/day1_20260820/20260820_121926/mission_1_cb202/finish.jpg
E,day1_20260820,20260820_122950,data/session_e/day1_20260820/logs/audit_20260820_122950.jsonl,xplorer-c,1,2026-08-20T09:30:18+00:00,2.1,v4.8-review,E1,,SW00,1,go to node 0,L3a_deterministic,1,0,toilet_m,0,mission_complete,True,0.198,3.3,2.1082,1.7946,-1.5909,0.6807,0.081,-3.071,True,0.061555,0.1614093780517578,0.0,14.21,0,pose_based,True,HIGH,False,6,97241265217eb4b08e26fb718eb21f40,0fd61f9e82e8fe6991f0311014384e0c,data/session_e/day1_20260820/20260820_122950/mission_1_toilet_m/start.jpg,data/session_e/day1_20260820/20260820_122950/mission_1_toilet_m/finish.jpg
E,day1_20260820,20260820_123127,data/session_e/day1_20260820/logs/audit_20260820_123127.jsonl,xplorer-c,1,2026-08-20T09:31:48+00:00,2.1,v4.8-review,E1,,SW01,1,go to node 1,L3a_deterministic,1,1,hall_entry,1,mission_complete,True,0.189,2.002,2.3744,1.702,-1.775,0.6893,1.6487,-3.1275,True,0.07994,0.16236305236816406,0.0,10.95,0,,,,False,6,97241265217eb4b08e26fb718eb21f40,0fd61f9e82e8fe6991f0311014384e0c,data/session_e/day1_20260820/20260820_123127/mission_1_hall_entry/start.jpg,
E,day1_20260820,20260820_123233,data/session_e/day1_20260820/logs/audit_20260820_123233.jsonl,xplorer-c,1,2026-08-20T09:32:58+00:00,2.1,v4.8-review,E1,,SW02,1,go to node 2,L3a_deterministic,1,2,hall_exit,2,mission_complete,True,0.223,3.028,2.3366,1.6651,-1.1688,0.7139,3.137,3.0598,True,0.062113,0.21147727966308594,0.0,16.86,0,,,,False,6,97241265217eb4b08e26fb718eb21f40,0fd61f9e82e8fe6991f0311014384e0c,data/session_e/day1_20260820/20260820_123233/mission_1_hall_exit/start.jpg,
E,day1_20260820,20260820_123335,data/session_e/day1_20260820/logs/audit_20260820_123335.jsonl,xplorer-c,1,2026-08-20T09:34:16+00:00,2.1,v4.8-review,E1,,SW04,1,go to node 4,L3a_deterministic,1,4,toilet_f,4,mission_complete,True,0.15,6.512,2.3417,1.7625,-1.5492,0.6442,6.3592,-3.0903,True,0.03975,0.1819133758544922,0.0,35.84,0,pose_based,True,HIGH,False,6,97241265217eb4b08e26fb718eb21f40,0fd61f9e82e8fe6991f0311014384e0c,data/session_e/day1_20260820/20260820_123335/mission_1_toilet_f/start.jpg,data/session_e/day1_20260820/20260820_123335/mission_1_toilet_f/finish.jpg
E,day1_20260820,20260820_123503,data/session_e/day1_20260820/logs/audit_20260820_123503.jsonl,xplorer-c,1,2026-08-20T09:35:44+00:00,2.1,v4.8-review,E1,,SW05,1,go to node 5,L3a_deterministic,1,5,cb204,5,mission_complete,True,0.168,3.841,2.333,1.6883,-1.5769,2.2895,4.6578,1.5523,True,0.045394,0.19073486328125,0.0,29.72,0,vlm_contextual,True,HIGH,False,6,97241265217eb4b08e26fb718eb21f40,0fd61f9e82e8fe6991f0311014384e0c,data/session_e/day1_20260820/20260820_123503/mission_1_cb204/start.jpg,data/session_e/day1_20260820/20260820_123503/mission_1_cb204/finish.jpg
E,day1_20260820,20260820_123638,data/session_e/day1_20260820/logs/audit_20260820_123638.jsonl,xplorer-c,1,2026-08-20T09:37:21+00:00,2.1,v4.8-review,E1,,SW08,1,go to node 8,L3a_deterministic,1,8,cb202,8,mission_complete,True,0.085,1.78,2.3674,1.5121,-1.5715,2.2565,0.064,-1.4659,True,0.027703,0.1933574676513672,0.0,20.26,0,vlm_landmark,True,HIGH,False,6,97241265217eb4b08e26fb718eb21f40,0fd61f9e82e8fe6991f0311014384e0c,data/session_e/day1_20260820/20260820_123638/mission_1_cb202/start.jpg,data/session_e/day1_20260820/20260820_123638/mission_1_cb202/finish.jpg
E,day1_20260820,20260820_124328,data/session_e/day1_20260820/logs/audit_20260820_124328.jsonl,xplorer-c,1,2026-08-20T09:44:51+00:00,2.1,v4.8-review,E1,,SW09,1,go to node 9,L3a_deterministic,1,9,radiator,9,mission_complete,True,0.175,4.523,2.1815,1.6133,-1.5732,4.4094,-0.6507,-1.6165,True,0.051181,0.18405914306640625,0.0,25.77,0,vlm_landmark,True,HIGH,False,6,97241265217eb4b08e26fb718eb21f40,0fd61f9e82e8fe6991f0311014384e0c,data/session_e/day1_20260820/20260820_124328/mission_1_radiator/start.jpg,data/session_e/day1_20260820/20260820_124328/mission_1_radiator/finish.jpg
E,day1_20260820,20260820_124531,data/session_e/day1_20260820/logs/audit_20260820_124531.jsonl,xplorer-c,1,2026-08-20T09:46:32+00:00,2.1,v4.8-review,E1,,SW13,1,go to node 13,L3a_deterministic,1,13,plant_4,13,mission_complete,True,0.215,9.427,2.2427,1.643,-1.6436,7.591,5.2147,1.4738,True,0.04471,0.16164779663085938,0.0,46.55,0,vlm_landmark,True,HIGH,False,6,97241265217eb4b08e26fb718eb21f40,0fd61f9e82e8fe6991f0311014384e0c,data/session_e/day1_20260820/20260820_124531/mission_1_plant_4/start.jpg,data/session_e/day1_20260820/20260820_124531/mission_1_plant_4/finish.jpg
E,day1_20260820,20260820_124642,data/session_e/day1_20260820/logs/audit_20260820_124642.jsonl,xplorer-c,1,2026-08-20T09:48:57+00:00,2.1,v4.8-review,E1,,SW14,1,go to node 14,L3a_deterministic,1,14,plant_5,14,missed,False,3.274,3.805,2.193,1.8098,-1.7545,3.6992,3.7909,-0.1159,True,0.079487,0.1685619354248047,0.0,27.97,0,,,,False,6,97241265217eb4b08e26fb718eb21f40,0fd61f9e82e8fe6991f0311014384e0c,data/session_e/day1_20260820/20260820_124642/mission_1_plant_5/start.jpg,
E,day1_20260820,20260820_125530,data/session_e/day1_20260820/logs/audit_20260820_125530.jsonl,xplorer-c,1,2026-08-20T09:56:22+00:00,2.1,v4.8-review,E1,,SW14,1,go to node 14,L3a_deterministic,1,14,plant_5,14,mission_complete,True,0.168,11.488,2.2621,1.5647,-1.5797,6.558,5.2325,1.4464,True,0.137315,0.1919269561767578,0.0,48.34,0,vlm_landmark,True,HIGH,False,6,97241265217eb4b08e26fb718eb21f40,0fd61f9e82e8fe6991f0311014384e0c,data/session_e/day1_20260820/20260820_125530/mission_1_plant_5/start.jpg,data/session_e/day1_20260820/20260820_125530/mission_1_plant_5/finish.jpg
E,day1_20260820,20260820_125656,data/session_e/day1_20260820/logs/audit_20260820_125656.jsonl,xplorer-c,1,2026-08-20T09:57:06+00:00,2.1,v4.8-review,E1,,SW15,1,go to node 15,L3a_deterministic,1,15,junction_e1,15,missed,False,5.208,0.135,2.4787,1.5522,-1.5857,2.4787,1.5522,-1.5857,True,0.026734,0.1952648162841797,0.0,4.32,0,,,,False,6,97241265217eb4b08e26fb718eb21f40,0fd61f9e82e8fe6991f0311014384e0c,data/session_e/day1_20260820/20260820_125656/mission_1_junction_e1/start.jpg,
E,day1_20260820,20260820_125656,data/session_e/day1_20260820/logs/audit_20260820_125656.jsonl,xplorer-c,2,2026-08-20T09:57:26+00:00,2.1,v4.8-review,E1,,SW15,1,go to node 15,L3a_deterministic,1,15,junction_e1,15,missed,False,5.585,3.114,2.4787,1.5522,-1.5857,3.5942,0.0618,-0.1331,True,0.041949,0.07224082946777344,0.0,19.73,0,,,,False,6,97241265217eb4b08e26fb718eb21f40,0fd61f9e82e8fe6991f0311014384e0c,data/session_e/day1_20260820/20260820_125656/mission_2_junction_e1/start.jpg,
E,day1_20260820,20260820_125656,data/session_e/day1_20260820/logs/audit_20260820_125656.jsonl,xplorer-c,3,2026-08-20T09:58:02+00:00,2.1,v4.8-review,E1,,SW15,1,go to node 15,L3a_deterministic,1,15,junction_e1,15,mission_complete,True,0.156,8.383,3.5653,0.06,-0.2007,6.4046,4.7443,1.5514,True,0.161248,0.08440017700195312,0.0,35.66,0,vlm_landmark,True,HIGH,False,6,97241265217eb4b08e26fb718eb21f40,0fd61f9e82e8fe6991f0311014384e0c,data/session_e/day1_20260820/20260820_125656/mission_3_junction_e1/start.jpg,data/session_e/day1_20260820/20260820_125656/mission_3_junction_e1/finish.jpg
E,day1_20260820,20260820_125837,data/session_e/day1_20260820/logs/audit_20260820_125837.jsonl,xplorer-c,1,2026-08-20T09:59:13+00:00,2.1,v4.8-review,E1,,SW19,1,go to node 19,L3a_deterministic,1,19,plant_3,19,mission_complete,True,0.167,6.056,2.6361,1.5307,-1.5618,6.4999,-0.7407,-1.467,True,0.049811,0.1926422119140625,0.0,32.59,0,vlm_landmark,False,MEDIUM,False,6,97241265217eb4b08e26fb718eb21f40,0fd61f9e82e8fe6991f0311014384e0c,data/session_e/day1_20260820/20260820_125837/mission_1_plant_3/start.jpg,data/session_e/day1_20260820/20260820_125837/mission_1_plant_3/finish.jpg
E,day1_20260820,20260820_125951,data/session_e/day1_20260820/logs/audit_20260820_125951.jsonl,xplorer-c,1,2026-08-20T10:00:30+00:00,2.1,v4.8-review,E1,,SW20,1,go to node 20,L3a_deterministic,1,20,plant_2,20,mission_complete,True,0.197,6.907,,,,6.8036,-0.9093,-1.4704,True,0.037983,0.1971721649169922,0.0,36.8,0,vlm_landmark,True,HIGH,False,6,97241265217eb4b08e26fb718eb21f40,0fd61f9e82e8fe6991f0311014384e0c,data/session_e/day1_20260820/20260820_125951/mission_1_plant_2/start.jpg,data/session_e/day1_20260820/20260820_125951/mission_1_plant_2/finish.jpg
E,day1_20260820,20260820_130207,data/session_e/day1_20260820/logs/audit_20260820_130207.jsonl,xplorer-c,1,2026-08-20T10:02:55+00:00,2.1,v4.8-review,E1,,SW21,1,go to node 21,L3a_deterministic,1,21,plant_1,21,mission_complete,True,0.26,7.825,2.2078,1.6079,-1.2005,7.2409,-0.9166,-1.5771,True,0.063982,0.23293495178222656,0.0,38.34,0,vlm_landmark,True,HIGH,False,6,97241265217eb4b08e26fb718eb21f40,0fd61f9e82e8fe6991f0311014384e0c,data/session_e/day1_20260820/20260820_130207/mission_1_plant_1/start.jpg,data/session_e/day1_20260820/20260820_130207/mission_1_plant_1/finish.jpg
E,day1_20260820,20260820_130331,data/session_e/day1_20260820/logs/audit_20260820_130331.jsonl,xplorer-c,1,2026-08-20T10:04:30+00:00,2.1,v4.8-review,E1,,SW22,1,go to node 22,L3a_deterministic,1,22,cb203_entrance,22,mission_complete,True,0.232,4.896,7.2409,-0.9166,-1.5771,8.2103,1.4183,-0.0004,True,0.162883,0.1957416534423828,0.0,49.33,0,vlm_contextual,True,HIGH,False,6,97241265217eb4b08e26fb718eb21f40,0fd61f9e82e8fe6991f0311014384e0c,data/session_e/day1_20260820/20260820_130331/mission_1_cb203_entrance/start.jpg,data/session_e/day1_20260820/20260820_130331/mission_1_cb203_entrance/finish.jpg
E,day1_20260820,20260820_130509,data/session_e/day1_20260820/logs/audit_20260820_130509.jsonl,xplorer-c,1,2026-08-20T10:05:56+00:00,2.1,v4.8-review,E1,,SW23,1,go to node 23,L3a_deterministic,1,23,cb203_exit,23,mission_complete,True,0.259,7.755,2.6633,1.6933,-1.5008,8.0249,3.4798,-3.0103,True,0.083152,0.22649765014648438,0.0,41.7,0,vlm_contextual,True,HIGH,False,6,97241265217eb4b08e26fb718eb21f40,0fd61f9e82e8fe6991f0311014384e0c,data/session_e/day1_20260820/20260820_130509/mission_1_cb203_exit/start.jpg,data/session_e/day1_20260820/20260820_130509/mission_1_cb203_exit/finish.jpg
E,day1_20260820,20260820_140042,data/session_e/day1_20260820/logs/audit_20260820_140042.jsonl,xplorer-b,1,2026-08-20T11:01:19+00:00,2.1,v4.8-review,E1,,E1bP,1,"the washroom got on fire, help me find something to stop the fire",L3a_m3_preference,0,8,cb202,8,mission_complete,True,0.213,2.092,2.304,1.907,-1.4898,2.1579,0.209,-1.5474,True,0.043308,0.14829635620117188,0.0,20.37,0,vlm_landmark,True,HIGH,True,6,97241265217eb4b08e26fb718eb21f40,0fd61f9e82e8fe6991f0311014384e0c,data/session_e/day1_20260820/20260820_140042/mission_1_cb202/start.jpg,data/session_e/day1_20260820/20260820_140042/mission_1_cb202/finish.jpg
E,day1_20260820,20260820_140207,data/session_e/day1_20260820/logs/audit_20260820_140207.jsonl,xplorer-b,1,2026-08-20T11:02:37+00:00,2.1,v4.8-review,E1,,E1bP,2,"the washroom got on fire, help me find something to stop the fire",L3a_m3_preference,0,8,cb202,8,mission_complete,True,0.044,1.756,2.0571,1.4252,-1.4718,2.1924,0.0435,-1.4846,True,0.028464,0.12731552124023438,0.0,21.33,0,vlm_landmark,True,HIGH,True,6,97241265217eb4b08e26fb718eb21f40,0fd61f9e82e8fe6991f0311014384e0c,data/session_e/day1_20260820/20260820_140207/mission_1_cb202/start.jpg,data/session_e/day1_20260820/20260820_140207/mission_1_cb202/finish.jpg
E,day1_20260820,20260820_141007,data/session_e/day1_20260820/logs/audit_20260820_141007.jsonl,xplorer-c,1,2026-08-20T11:10:34+00:00,2.1,v4.8-review,E1,,E1bP,1,"the washroom got on fire, help me find something to stop the fire",L3a_m3_preference,0,8,cb202,8,mission_complete,True,0.156,1.877,2.1513,1.9242,-1.4863,2.1619,0.1517,-1.5421,True,0.04098,0.1480579376220703,0.0,19.0,0,vlm_landmark,True,HIGH,True,6,97241265217eb4b08e26fb718eb21f40,0fd61f9e82e8fe6991f0311014384e0c,data/session_e/day1_20260820/20260820_141007/mission_1_cb202/start.jpg,data/session_e/day1_20260820/20260820_141007/mission_1_cb202/finish.jpg
E,day1_20260820,20260820_141131,data/session_e/day1_20260820/logs/audit_20260820_141131.jsonl,xplorer-c,1,2026-08-20T11:11:55+00:00,2.1,v4.8-review,E1,,E1bP,2,"the washroom got on fire, help me find something to stop the fire",L3a_m3_preference,0,8,cb202,8,mission_complete,True,0.185,1.69,2.2684,1.6692,-1.5078,2.1782,0.1842,-1.5857,True,0.044281,0.12993812561035156,0.0,15.63,0,vlm_landmark,True,HIGH,True,6,97241265217eb4b08e26fb718eb21f40,0fd61f9e82e8fe6991f0311014384e0c,data/session_e/day1_20260820/20260820_141131/mission_1_cb202/start.jpg,data/session_e/day1_20260820/20260820_141131/mission_1_cb202/finish.jpg
E,day1_20260820,20260820_141656,data/session_e/day1_20260820/logs/audit_20260820_141656.jsonl,xplorer-c,1,2026-08-20T11:17:30+00:00,2.1,v4.8-review,E1,,E1bA,1,"the washroom got on fire, help me find something to stop the fire",L3a_m3_preference,0,8,cb202,8,mission_complete,True,0.066,1.809,2.2142,1.5379,-1.4943,2.1937,-0.0655,-1.4677,True,0.031807,0.1385211944580078,0.0,22.85,0,vlm_landmark,False,LOW,True,6,97241265217eb4b08e26fb718eb21f40,0fd61f9e82e8fe6991f0311014384e0c,data/session_e/day1_20260820/20260820_141656/mission_1_cb202/start.jpg,data/session_e/day1_20260820/20260820_141656/mission_1_cb202/finish.jpg
E,day1_20260820,20260820_141906,data/session_e/day1_20260820/logs/audit_20260820_141906.jsonl,xplorer-c,1,2026-08-20T11:19:37+00:00,2.1,v4.8-review,E1,,E1bA,2,"the washroom got on fire, help me find something to stop the fire",L3a_m3_preference,0,8,cb202,8,mission_complete,True,0.1,1.862,2.2783,1.5257,-1.5811,2.2999,0.0023,-1.5399,True,0.022778,0.12373924255371094,0.0,19.75,0,vlm_landmark,False,LOW,True,6,97241265217eb4b08e26fb718eb21f40,0fd61f9e82e8fe6991f0311014384e0c,data/session_e/day1_20260820/20260820_141906/mission_1_cb202/start.jpg,data/session_e/day1_20260820/20260820_141906/mission_1_cb202/finish.jpg
E,day1_20260820,20260820_142701,data/session_e/day1_20260820/logs/audit_20260820_142701.jsonl,xplorer-b,1,2026-08-20T11:27:31+00:00,2.1,v4.8-review,E1,,E1bA,1,"the washroom got on fire, help me find something to stop the fire",L3a_m3_preference,0,8,cb202,8,mission_complete,True,0.173,1.925,2.1685,1.881,-1.5168,2.195,0.1728,-1.5783,True,0.059396,0.15306472778320312,0.0,18.4,0,vlm_landmark,False,LOW,True,6,97241265217eb4b08e26fb718eb21f40,0fd61f9e82e8fe6991f0311014384e0c,data/session_e/day1_20260820/20260820_142701/mission_1_cb202/start.jpg,data/session_e/day1_20260820/20260820_142701/mission_1_cb202/finish.jpg
E,day1_20260820,20260820_142805,data/session_e/day1_20260820/logs/audit_20260820_142805.jsonl,xplorer-b,1,2026-08-20T11:28:27+00:00,2.1,v4.8-review,E1,,E1bA,2,"the washroom got on fire, help me find something to stop the fire",L3a_m3_preference,0,8,cb202,8,mission_complete,True,0.152,1.624,2.2933,1.6192,-1.8316,2.2762,0.1315,-1.5444,True,0.049999,0.1304149627685547,0.0,14.55,0,vlm_landmark,False,LOW,True,6,97241265217eb4b08e26fb718eb21f40,0fd61f9e82e8fe6991f0311014384e0c,data/session_e/day1_20260820/20260820_142805/mission_1_cb202/start.jpg,data/session_e/day1_20260820/20260820_142805/mission_1_cb202/finish.jpg
E,day1_20260820,20260820_143504,data/session_e/day1_20260820/logs/audit_20260820_143504.jsonl,xplorer-b,1,2026-08-20T11:35:31+00:00,2.1,v4.8-review,E1,,E1c,1,go to lab_cb204,L3a_deterministic,2,5,cb204,5,mission_complete,True,0.212,3.618,2.3706,1.5778,1.7921,2.2454,4.5926,1.5746,True,0.046678,0.3669261932373047,0.0,22.2,0,vlm_contextual,True,HIGH,False,6,97241265217eb4b08e26fb718eb21f40,0fd61f9e82e8fe6991f0311014384e0c,data/session_e/day1_20260820/20260820_143504/mission_1_cb204/start.jpg,data/session_e/day1_20260820/20260820_143504/mission_1_cb204/finish.jpg
E,day1_20260820,20260820_143557,data/session_e/day1_20260820/logs/audit_20260820_143557.jsonl,xplorer-b,1,2026-08-20T11:36:29+00:00,2.1,v4.8-review,E1,,E1c,2,go to lab_cb204,L3a_deterministic,2,5,cb204,5,mission_complete,True,0.243,3.45,2.2046,1.5007,1.5798,2.2311,4.5586,1.5886,True,0.049316,0.3151893615722656,0.0,19.66,0,vlm_contextual,True,HIGH,False,6,97241265217eb4b08e26fb718eb21f40,0fd61f9e82e8fe6991f0311014384e0c,data/session_e/day1_20260820/20260820_143557/mission_1_cb204/start.jpg,data/session_e/day1_20260820/20260820_143557/mission_1_cb204/finish.jpg
E,day1_20260820,20260820_143644,data/session_e/day1_20260820/logs/audit_20260820_143644.jsonl,xplorer-b,1,2026-08-20T11:37:14+00:00,2.1,v4.8-review,E1,,E1c,3,go to lab_cb204,L3a_deterministic,2,5,cb204,5,mission_complete,True,0.201,3.536,2.31,1.6596,1.6155,2.0415,4.6757,1.6046,True,0.048011,0.3762245178222656,0.0,20.23,0,vlm_contextual,True,HIGH,False,6,97241265217eb4b08e26fb718eb21f40,0fd61f9e82e8fe6991f0311014384e0c,data/session_e/day1_20260820/20260820_143644/mission_1_cb204/start.jpg,data/session_e/day1_20260820/20260820_143644/mission_1_cb204/finish.jpg
E,day1_20260820,20260820_143732,data/session_e/day1_20260820/logs/audit_20260820_143732.jsonl,xplorer-b,1,2026-08-20T11:37:57+00:00,2.1,v4.8-review,E1,,E1c,4,go to lab_cb204,L3a_deterministic,2,5,cb204,5,mission_complete,True,0.227,3.497,2.301,1.575,1.6613,2.1031,4.5945,1.6523,True,0.049327,0.39696693420410156,0.0,20.13,0,vlm_contextual,True,HIGH,False,6,97241265217eb4b08e26fb718eb21f40,0fd61f9e82e8fe6991f0311014384e0c,data/session_e/day1_20260820/20260820_143732/mission_1_cb204/start.jpg,data/session_e/day1_20260820/20260820_143732/mission_1_cb204/finish.jpg
E,day1_20260820,20260820_144036,data/session_e/day1_20260820/logs/audit_20260820_144036.jsonl,xplorer-c,1,2026-08-20T11:41:01+00:00,2.1,v4.8-review,E1,,E1c,1,go to lab_cb204,L3a_deterministic,2,5,cb204,5,mission_complete,True,0.168,3.337,2.3365,1.7259,1.5732,2.2091,4.6324,1.4985,True,0.069297,0.39315223693847656,0.0,19.07,0,vlm_contextual,True,HIGH,False,6,97241265217eb4b08e26fb718eb21f40,0fd61f9e82e8fe6991f0311014384e0c,data/session_e/day1_20260820/20260820_144036/mission_1_cb204/start.jpg,data/session_e/day1_20260820/20260820_144036/mission_1_cb204/finish.jpg
E,day1_20260820,20260820_144134,data/session_e/day1_20260820/logs/audit_20260820_144134.jsonl,xplorer-c,1,2026-08-20T11:42:12+00:00,2.1,v4.8-review,E1,,E1c,2,go to lab_cb204,L3a_deterministic,2,5,cb204,5,mission_complete,True,0.213,3.288,2.2468,1.6505,1.5207,2.1835,4.5877,1.607,True,0.065567,0.3991127014160156,0.0,19.64,0,vlm_contextual,True,HIGH,False,6,97241265217eb4b08e26fb718eb21f40,0fd61f9e82e8fe6991f0311014384e0c,data/session_e/day1_20260820/20260820_144134/mission_1_cb204/start.jpg,data/session_e/day1_20260820/20260820_144134/mission_1_cb204/finish.jpg
E,day1_20260820,20260820_144235,data/session_e/day1_20260820/logs/audit_20260820_144235.jsonl,xplorer-c,1,2026-08-20T11:43:02+00:00,2.1,v4.8-review,E1,,E1c,3,go to lab_cb204,L3a_deterministic,2,5,cb204,5,mission_complete,True,0.104,3.411,2.24,1.6215,1.5997,2.2276,4.6996,1.556,True,0.059885,0.3838539123535156,0.0,19.4,0,vlm_contextual,True,HIGH,False,6,97241265217eb4b08e26fb718eb21f40,0fd61f9e82e8fe6991f0311014384e0c,data/session_e/day1_20260820/20260820_144235/mission_1_cb204/start.jpg,data/session_e/day1_20260820/20260820_144235/mission_1_cb204/finish.jpg
E,day1_20260820,20260820_144319,data/session_e/day1_20260820/logs/audit_20260820_144319.jsonl,xplorer-c,1,2026-08-20T11:43:47+00:00,2.1,v4.8-review,E1,,E1c,4,go to lab_cb204,L3a_deterministic,2,5,cb204,5,mission_complete,True,0.203,3.309,2.2982,1.7205,1.5817,2.2053,4.5968,1.5685,True,0.066486,0.38433074951171875,0.0,18.54,0,vlm_contextual,True,HIGH,False,6,97241265217eb4b08e26fb718eb21f40,0fd61f9e82e8fe6991f0311014384e0c,data/session_e/day1_20260820/20260820_144319/mission_1_cb204/start.jpg,data/session_e/day1_20260820/20260820_144319/mission_1_cb204/finish.jpg
E,day1_20260820,20260820_144526,data/session_e/day1_20260820/logs/audit_20260820_144526.jsonl,xplorer-c,1,2026-08-20T11:46:01+00:00,2.1,v4.8-review,E1,,E1d,1,Take me to the closest plant,L3a_deterministic,6,19,plant_3,,mission_complete,True,0.134,6.06,2.388,1.6747,0.0915,6.4903,-0.7796,-1.5577,True,0.037587,0.5016326904296875,0.0,30.14,0,vlm_landmark,False,MEDIUM,False,6,97241265217eb4b08e26fb718eb21f40,0fd61f9e82e8fe6991f0311014384e0c,data/session_e/day1_20260820/20260820_144526/mission_1_plant_3/start.jpg,data/session_e/day1_20260820/20260820_144526/mission_1_plant_3/finish.jpg
E,day1_20260820,20260820_144633,data/session_e/day1_20260820/logs/audit_20260820_144633.jsonl,xplorer-c,1,2026-08-20T11:47:37+00:00,2.1,v4.8-review,E1,,E1d,2,Take me to the closest plant,L3a_deterministic,6,19,plant_3,,mission_complete,True,0.306,6.039,2.3513,1.7502,-0.02,6.2898,-0.7388,-1.6137,True,0.028536,0.4887580871582031,0.0,53.3,0,vlm_landmark,False,MEDIUM,False,6,97241265217eb4b08e26fb718eb21f40,0fd61f9e82e8fe6991f0311014384e0c,data/session_e/day1_20260820/20260820_144633/mission_1_plant_3/start.jpg,data/session_e/day1_20260820/20260820_144633/mission_1_plant_3/finish.jpg
E,day1_20260820,20260820_145232,data/session_e/day1_20260820/logs/audit_20260820_145232.jsonl,xplorer-b,1,2026-08-20T11:53:17+00:00,2.1,v4.8-review,E1,,E1d,1,Take me to the closest plant,L3a_deterministic,6,19,plant_3,,mission_complete,True,0.161,7.253,2.3658,1.738,-0.0147,6.6357,-0.7642,-1.4787,True,0.032733,0.39005279541015625,0.0,35.54,0,vlm_landmark,True,HIGH,False,6,97241265217eb4b08e26fb718eb21f40,0fd61f9e82e8fe6991f0311014384e0c,data/session_e/day1_20260820/20260820_145232/mission_1_plant_3/start.jpg,data/session_e/day1_20260820/20260820_145232/mission_1_plant_3/finish.jpg
E,day1_20260820,20260820_145354,data/session_e/day1_20260820/logs/audit_20260820_145354.jsonl,xplorer-b,1,2026-08-20T11:54:37+00:00,2.1,v4.8-review,E1,,E1d,2,Take me to the closest plant,L3a_deterministic,6,19,plant_3,,missed,False,4.545,1.477,2.21,1.5478,0.1744,2.1718,0.3198,-1.0552,True,0.019829,0.4591941833496094,0.0,33.99,0,,,,False,6,97241265217eb4b08e26fb718eb21f40,0fd61f9e82e8fe6991f0311014384e0c,data/session_e/day1_20260820/20260820_145354/mission_1_plant_3/start.jpg,
E,day1_20260820,20260820_145354,data/session_e/day1_20260820/logs/audit_20260820_145354.jsonl,xplorer-b,2,2026-08-20T11:55:06+00:00,2.1,v4.8-review,E1,,E1d,2,Take me to the closest plant,L3a_deterministic,6,19,plant_3,,mission_complete,True,0.241,5.451,2.1718,0.3198,-1.0552,6.5798,-0.6605,-1.4959,True,0.032747,0.3223419189453125,0.0,28.45,0,vlm_landmark,True,HIGH,False,6,97241265217eb4b08e26fb718eb21f40,0fd61f9e82e8fe6991f0311014384e0c,data/session_e/day1_20260820/20260820_145354/mission_2_plant_3/start.jpg,data/session_e/day1_20260820/20260820_145354/mission_2_plant_3/finish.jpg
E,day1_20260820,20260820_150456,data/session_e/day1_20260820/logs/audit_20260820_150456.jsonl,xplorer-b,1,2026-08-20T12:05:42+00:00,2.1,v4.8-review,E2,,N01,1,do not go to a place to take a short break for personal needs,L3b_vlm,,5,cb204,,mission_complete,True,0.228,3.324,2.2304,1.7522,-1.4474,2.2,4.5718,1.5658,True,0.046343,0.05078315734863281,11271.13652229309,28.27,0,vlm_contextual,True,HIGH,False,6,97241265217eb4b08e26fb718eb21f40,0fd61f9e82e8fe6991f0311014384e0c,data/session_e/day1_20260820/20260820_150456/mission_1_cb204/start.jpg,data/session_e/day1_20260820/20260820_150456/mission_1_cb204/finish.jpg
E,day1_20260820,20260820_150614,data/session_e/day1_20260820/logs/audit_20260820_150614.jsonl,xplorer-b,1,2026-08-20T12:06:29+00:00,2.1,v4.8-review,E2,,N02,1,never go to a place to take a short break for personal needs,L3b_vlm_negation_blocked,,-1,,,clarification_requested,,,,,,,,,,,,0.057220458984375,11490.936040878296,,0,,,,,6,97241265217eb4b08e26fb718eb21f40,0fd61f9e82e8fe6991f0311014384e0c,,
E,day1_20260820,20260820_150652,data/session_e/day1_20260820/logs/audit_20260820_150652.jsonl,xplorer-b,1,2026-08-20T12:07:39+00:00,2.1,v4.8-review,E2,,N03,1,"no, go to a place to take a short break for personal needs",L3b_vlm,,9,radiator,,mission_complete,True,0.191,4.598,1.9143,1.6822,-1.5705,4.6075,-0.6427,-1.4763,True,0.024018,0.05221366882324219,10640.884399414062,29.49,0,vlm_landmark,True,HIGH,False,6,97241265217eb4b08e26fb718eb21f40,0fd61f9e82e8fe6991f0311014384e0c,data/session_e/day1_20260820/20260820_150652/mission_1_radiator/start.jpg,data/session_e/day1_20260820/20260820_150652/mission_1_radiator/finish.jpg
E,day1_20260820,20260820_150808,data/session_e/day1_20260820/logs/audit_20260820_150808.jsonl,xplorer-b,1,2026-08-20T12:08:27+00:00,2.1,v4.8-review,E2,,N04,1,I would not go to a place to take a short break for personal needs,L3b_vlm_negation_blocked,,-1,,,clarification_requested,,,,,,,,,,,,0.05793571472167969,11403.729438781738,,0,,,,,6,97241265217eb4b08e26fb718eb21f40,0fd61f9e82e8fe6991f0311014384e0c,,
E,day1_20260820,20260820_150840,data/session_e/day1_20260820/logs/audit_20260820_150840.jsonl,xplorer-b,1,2026-08-20T12:08:52+00:00,2.1,v4.8-review,E2,,N05,1,we should not go to a place to take a short break for personal needs,L3b_vlm_negation_blocked,,-1,,,clarification_requested,,,,,,,,,,,,0.06341934204101562,7002.1727085113525,,0,,,,,6,97241265217eb4b08e26fb718eb21f40,0fd61f9e82e8fe6991f0311014384e0c,,
E,day1_20260820,20260820_150904,data/session_e/day1_20260820/logs/audit_20260820_150904.jsonl,xplorer-b,1,2026-08-20T12:09:16+00:00,2.1,v4.8-review,E2,,N06,1,you may not go to a place to take a short break for personal needs,L3b_vlm_negation_blocked,,-1,,,clarification_requested,,,,,,,,,,,,0.05507469177246094,6984.687805175781,,0,,,,,6,97241265217eb4b08e26fb718eb21f40,0fd61f9e82e8fe6991f0311014384e0c,,
E,day1_20260820,20260820_150931,data/session_e/day1_20260820/logs/audit_20260820_150931.jsonl,xplorer-b,1,2026-08-20T12:10:18+00:00,2.1,v4.8-review,E2,,N07,1,it is not a place to take a short break for personal needs,L3b_vlm,,9,radiator,,mission_complete,True,0.219,4.419,2.1834,1.6879,-1.7088,4.5321,-0.5836,-1.4777,True,0.019183,0.05459785461425781,8223.487615585327,31.48,0,vlm_landmark,True,HIGH,False,6,97241265217eb4b08e26fb718eb21f40,0fd61f9e82e8fe6991f0311014384e0c,data/session_e/day1_20260820/20260820_150931/mission_1_radiator/start.jpg,data/session_e/day1_20260820/20260820_150931/mission_1_radiator/finish.jpg
E,day1_20260820,20260820_151214,data/session_e/day1_20260820/logs/audit_20260820_151214.jsonl,xplorer-b,1,2026-08-20T12:13:03+00:00,2.1,v4.8-review,E2,,N08,1,don't go to a place to take a short break for personal needs,L3b_vlm,,9,radiator,,mission_complete,True,0.224,4.417,2.2278,1.6731,-1.7078,4.592,-0.5957,-1.531,True,0.026023,0.04673004150390625,12941.874980926514,29.24,0,vlm_landmark,True,HIGH,False,6,97241265217eb4b08e26fb718eb21f40,0fd61f9e82e8fe6991f0311014384e0c,data/session_e/day1_20260820/20260820_151214/mission_1_radiator/start.jpg,data/session_e/day1_20260820/20260820_151214/mission_1_radiator/finish.jpg
E,day1_20260820,20260820_151349,data/session_e/day1_20260820/logs/audit_20260820_151349.jsonl,xplorer-b,1,2026-08-20T12:14:14+00:00,2.1,v4.8-review,E2,,N09,1,Do not take me to the restroom,L3b_vlm_negation_blocked,,-1,,,clarification_requested,,,,,,,,,,,,0.03719329833984375,11197.855949401855,,0,,,,,6,97241265217eb4b08e26fb718eb21f40,0fd61f9e82e8fe6991f0311014384e0c,,
E,day1_20260820,20260820_151423,data/session_e/day1_20260820/logs/audit_20260820_151423.jsonl,xplorer-b,1,2026-08-20T12:14:40+00:00,2.1,v4.8-review,E2,,N10,1,nu ma duce la toaleta,L3b_vlm_negation_blocked,,-1,,,clarification_requested,,,,,,,,,,,,0.0400543212890625,7310.075759887695,,0,,,,,6,97241265217eb4b08e26fb718eb21f40,0fd61f9e82e8fe6991f0311014384e0c,,
E,day1_20260820,20260820_151458,data/session_e/day1_20260820/logs/audit_20260820_151458.jsonl,xplorer-b,1,2026-08-20T12:15:38+00:00,2.1,v4.8-review,E2,,X01,1,take me anywhere except the restroom,L3b_vlm,,9,radiator,,missed,False,2.696,1.01,2.2337,1.5393,-1.5775,2.3129,0.7768,-1.2955,True,0.035066,0.043392181396484375,7603.793382644653,27.06,0,,,,False,6,97241265217eb4b08e26fb718eb21f40,0fd61f9e82e8fe6991f0311014384e0c,data/session_e/day1_20260820/20260820_151458/mission_1_radiator/start.jpg,
E,day1_20260820,20260820_151458,data/session_e/day1_20260820/logs/audit_20260820_151458.jsonl,xplorer-b,2,2026-08-20T12:16:11+00:00,2.1,v4.8-review,E2,,X01,1,take me anywhere except the restroom,L3b_vlm,,9,radiator,,mission_complete,True,0.173,3.106,2.3129,0.7768,-1.2955,4.5358,-0.6311,-1.492,True,0.028847,0.044345855712890625,7454.178810119629,25.83,0,vlm_landmark,True,HIGH,False,6,97241265217eb4b08e26fb718eb21f40,0fd61f9e82e8fe6991f0311014384e0c,data/session_e/day1_20260820/20260820_151458/mission_2_radiator/start.jpg,data/session_e/day1_20260820/20260820_151458/mission_2_radiator/finish.jpg
E,day1_20260820,20260820_151704,data/session_e/day1_20260820/logs/audit_20260820_151704.jsonl,xplorer-b,1,2026-08-20T12:17:24+00:00,2.1,v4.8-review,E2,,X02,1,take me somewhere other than the restroom,L3b_vlm_negation_blocked,,-1,,,clarification_requested,,,,,,,,,,,,0.05054473876953125,12077.495813369751,,0,,,,,6,97241265217eb4b08e26fb718eb21f40,0fd61f9e82e8fe6991f0311014384e0c,,
E,day1_20260820,20260820_151743,data/session_e/day1_20260820/logs/audit_20260820_151743.jsonl,xplorer-b,1,2026-08-20T12:18:10+00:00,2.1,v4.8-review,E2,,X03,1,"du-ma altundeva, nu la toaleta",escalated,,,,,vlm_failed,,,,,,,,,,,,0.05650520324707031,,,0,,,,,6,97241265217eb4b08e26fb718eb21f40,0fd61f9e82e8fe6991f0311014384e0c,,
E,day1_20260820,20260820_151916,data/session_e/day1_20260820/logs/audit_20260820_151916.jsonl,xplorer-b,1,2026-08-20T12:19:56+00:00,2.1,v4.8-review,E2,,X04,1,go anywhere but cb204,L3b_vlm,,9,radiator,,mission_complete,True,0.188,4.506,2.2592,1.6756,-1.7164,4.6431,-0.6788,-1.4362,True,0.02392,0.0762939453125,8289.350986480713,26.86,0,vlm_landmark,True,HIGH,False,6,97241265217eb4b08e26fb718eb21f40,0fd61f9e82e8fe6991f0311014384e0c,data/session_e/day1_20260820/20260820_151916/mission_1_radiator/start.jpg,data/session_e/day1_20260820/20260820_151916/mission_1_radiator/finish.jpg
E,day1_20260820,20260820_152059,data/session_e/day1_20260820/logs/audit_20260820_152059.jsonl,xplorer-b,1,2026-08-20T12:21:16+00:00,2.1,v4.8-review,E2,,X01,2,take me anywhere except the restroom,L3b_vlm_negation_blocked,,-1,,,clarification_requested,,,,,,,,,,,,0.04744529724121094,11798.026084899902,,0,,,,,6,97241265217eb4b08e26fb718eb21f40,0fd61f9e82e8fe6991f0311014384e0c,,
E,day1_20260820,20260820_152130,data/session_e/day1_20260820/logs/audit_20260820_152130.jsonl,xplorer-b,1,2026-08-20T12:22:13+00:00,2.1,v4.8-review,E2,,X02,2,take me somewhere other than the restroom,L3b_vlm,,9,radiator,,mission_complete,True,0.133,4.623,2.1747,1.8002,-1.4844,4.5576,-0.6799,-1.4564,True,0.030198,0.04029273986816406,7197.081565856934,29.97,0,vlm_landmark,True,HIGH,False,6,97241265217eb4b08e26fb718eb21f40,0fd61f9e82e8fe6991f0311014384e0c,data/session_e/day1_20260820/20260820_152130/mission_1_radiator/start.jpg,data/session_e/day1_20260820/20260820_152130/mission_1_radiator/finish.jpg
E,day1_20260820,20260820_152237,data/session_e/day1_20260820/logs/audit_20260820_152237.jsonl,xplorer-b,1,2026-08-20T12:23:27+00:00,2.1,v4.8-review,E2,,X03,2,"du-ma altundeva, nu la toaleta",L3b_vlm,,9,radiator,,mission_complete,True,0.194,4.58,2.1889,1.6152,-1.3806,4.5541,-0.6142,-1.4568,True,0.028333,0.10848045349121094,14560.445547103882,30.09,0,vlm_landmark,True,HIGH,False,6,97241265217eb4b08e26fb718eb21f40,0fd61f9e82e8fe6991f0311014384e0c,data/session_e/day1_20260820/20260820_152237/mission_1_radiator/start.jpg,data/session_e/day1_20260820/20260820_152237/mission_1_radiator/finish.jpg
E,day1_20260820,20260820_152411,data/session_e/day1_20260820/logs/audit_20260820_152411.jsonl,xplorer-b,1,2026-08-20T12:24:30+00:00,2.1,v4.8-review,E2,,X04,2,go anywhere but cb204,L3b_vlm_negation_blocked,,-1,,,clarification_requested,,,,,,,,,,,,0.03910064697265625,12268.333196640015,,0,,,,,6,97241265217eb4b08e26fb718eb21f40,0fd61f9e82e8fe6991f0311014384e0c,,
E,day1_20260820,20260820_152450,data/session_e/day1_20260820/logs/audit_20260820_152450.jsonl,xplorer-b,1,2026-08-20T12:25:23+00:00,2.1,v4.8-review,E2,,C01,1,"lab cb203 got on fire, help me find something to stop the fire",L3b_vlm,,8,cb202,23,mission_complete,True,0.186,1.704,2.1393,1.6946,-1.7207,2.2387,0.1822,-1.5623,True,0.057029,0.5788803100585938,7089.633464813232,19.19,0,vlm_landmark,True,HIGH,False,6,97241265217eb4b08e26fb718eb21f40,0fd61f9e82e8fe6991f0311014384e0c,data/session_e/day1_20260820/20260820_152450/mission_1_cb202/start.jpg,data/session_e/day1_20260820/20260820_152450/mission_1_cb202/finish.jpg
E,day1_20260820,20260820_152555,data/session_e/day1_20260820/logs/audit_20260820_152555.jsonl,xplorer-b,1,2026-08-20T12:26:25+00:00,2.1,v4.8-review,E2,,C02,1,"lab cb204 got on fire, help me find something to stop the fire",L3a_deterministic,2,5,cb204,5,mission_complete,True,0.223,3.479,2.2041,1.481,-1.5474,2.1925,4.5768,1.5864,True,0.060462,0.42510032653808594,0.0,24.02,0,vlm_contextual,True,HIGH,False,6,97241265217eb4b08e26fb718eb21f40,0fd61f9e82e8fe6991f0311014384e0c,data/session_e/day1_20260820/20260820_152555/mission_1_cb204/start.jpg,data/session_e/day1_20260820/20260820_152555/mission_1_cb204/finish.jpg
E,day1_20260820,20260820_152656,data/session_e/day1_20260820/logs/audit_20260820_152656.jsonl,xplorer-b,1,2026-08-20T12:27:16+00:00,2.1,v4.8-review,E2,,A01,1,go to a place to take a short break for personal needs,L3a_m3_preference,0,0,toilet_m,0,mission_complete,True,0.254,3.361,2.3042,1.7213,-1.5073,0.754,0.0087,3.1232,True,0.063141,0.1285076141357422,0.0,13.08,0,pose_based,True,HIGH,True,6,97241265217eb4b08e26fb718eb21f40,0fd61f9e82e8fe6991f0311014384e0c,data/session_e/day1_20260820/20260820_152656/mission_1_toilet_m/start.jpg,data/session_e/day1_20260820/20260820_152656/mission_1_toilet_m/finish.jpg
E,day1_20260820,20260820_152803,data/session_e/day1_20260820/logs/audit_20260820_152803.jsonl,xplorer-b,1,2026-08-20T12:28:31+00:00,2.1,v4.8-review,E2,,A02,1,"the washroom got on fire, help me find something to stop the fire",L3a_m3_preference,0,8,cb202,8,mission_complete,True,0.147,2.063,2.0515,1.6469,-1.7208,2.3465,-0.0004,-1.5143,True,0.031006,0.13589859008789062,0.0,21.05,0,vlm_landmark,True,HIGH,True,6,97241265217eb4b08e26fb718eb21f40,0fd61f9e82e8fe6991f0311014384e0c,data/session_e/day1_20260820/20260820_152803/mission_1_cb202/start.jpg,data/session_e/day1_20260820/20260820_152803/mission_1_cb202/finish.jpg
E,day1_20260820,20260820_153008,data/session_e/day1_20260820/logs/audit_20260820_153008.jsonl,xplorer-b,1,2026-08-20T12:30:41+00:00,2.1,v4.8-review,E2,,A03,1,go to cb204,L3a_deterministic,2,5,cb204,5,mission_complete,True,0.134,3.323,2.2936,1.7202,-1.4738,2.1992,4.6657,1.5777,True,0.058989,0.7803440093994141,0.0,23.29,0,vlm_contextual,True,HIGH,False,6,97241265217eb4b08e26fb718eb21f40,0fd61f9e82e8fe6991f0311014384e0c,data/session_e/day1_20260820/20260820_153008/mission_1_cb204/start.jpg,data/session_e/day1_20260820/20260820_153008/mission_1_cb204/finish.jpg
E,day1_20260820,20260820_153622,data/session_e/day1_20260820/logs/audit_20260820_153622.jsonl,xplorer-c,1,2026-08-20T12:36:38+00:00,2.1,v4.8-review,E2,,N01,1,do not go to a place to take a short break for personal needs,L3b_vlm_negation_blocked,,-1,,,clarification_requested,,,,,,,,,,,,0.06437301635742188,10326.3258934021,,0,,,,,6,97241265217eb4b08e26fb718eb21f40,0fd61f9e82e8fe6991f0311014384e0c,,
E,day1_20260820,20260820_153654,data/session_e/day1_20260820/logs/audit_20260820_153654.jsonl,xplorer-c,1,2026-08-20T12:37:06+00:00,2.1,v4.8-review,E2,,N02,1,never go to a place to take a short break for personal needs,L3b_vlm_negation_blocked,,-1,,,clarification_requested,,,,,,,,,,,,0.05936622619628906,7104.589223861694,,0,,,,,6,97241265217eb4b08e26fb718eb21f40,0fd61f9e82e8fe6991f0311014384e0c,,
E,day1_20260820,20260820_153723,data/session_e/day1_20260820/logs/audit_20260820_153723.jsonl,xplorer-c,1,2026-08-20T12:38:33+00:00,2.1,v4.8-review,E2,,N03,1,"no, go to a place to take a short break for personal needs",L3b_vlm,,9,radiator,,mission_complete,True,0.17,4.909,2.2168,2.0583,-1.6264,4.3522,-0.7156,-1.6352,True,0.035336,0.057220458984375,11388.79108428955,53.1,0,vlm_landmark,True,HIGH,False,6,97241265217eb4b08e26fb718eb21f40,0fd61f9e82e8fe6991f0311014384e0c,data/session_e/day1_20260820/20260820_153723/mission_1_radiator/start.jpg,data/session_e/day1_20260820/20260820_153723/mission_1_radiator/finish.jpg
E,day1_20260820,20260820_153859,data/session_e/day1_20260820/logs/audit_20260820_153859.jsonl,xplorer-c,1,2026-08-20T12:39:15+00:00,2.1,v4.8-review,E2,,N04,1,I would not go to a place to take a short break for personal needs,L3b_vlm_negation_blocked,,-1,,,clarification_requested,,,,,,,,,,,,0.050067901611328125,11537.660360336304,,0,,,,,6,97241265217eb4b08e26fb718eb21f40,0fd61f9e82e8fe6991f0311014384e0c,,
E,day1_20260820,20260820_153927,data/session_e/day1_20260820/logs/audit_20260820_153927.jsonl,xplorer-c,1,2026-08-20T12:39:40+00:00,2.1,v4.8-review,E2,,N05,1,we should not go to a place to take a short break for personal needs,L3b_vlm_negation_blocked,,-1,,,clarification_requested,,,,,,,,,,,,0.12993812561035156,7308.5479736328125,,0,,,,,6,97241265217eb4b08e26fb718eb21f40,0fd61f9e82e8fe6991f0311014384e0c,,
E,day1_20260820,20260820_153951,data/session_e/day1_20260820/logs/audit_20260820_153951.jsonl,xplorer-c,1,2026-08-20T12:40:03+00:00,2.1,v4.8-review,E2,,N06,1,you may not go to a place to take a short break for personal needs,L3b_vlm_negation_blocked,,-1,,,clarification_requested,,,,,,,,,,,,0.05602836608886719,7218.548536300659,,0,,,,,6,97241265217eb4b08e26fb718eb21f40,0fd61f9e82e8fe6991f0311014384e0c,,
E,day1_20260820,20260820_154012,data/session_e/day1_20260820/logs/audit_20260820_154012.jsonl,xplorer-c,1,2026-08-20T12:40:24+00:00,2.1,v4.8-review,E2,,N07,1,it is not a place to take a short break for personal needs,L3b_vlm_negation_blocked,,-1,,,clarification_requested,,,,,,,,,,,,0.09703636169433594,7568.3605670928955,,0,,,,,6,97241265217eb4b08e26fb718eb21f40,0fd61f9e82e8fe6991f0311014384e0c,,
E,day1_20260820,20260820_154029,data/session_e/day1_20260820/logs/audit_20260820_154029.jsonl,xplorer-c,1,2026-08-20T12:41:00+00:00,2.1,v4.8-review,E2,,N08,1,don't go to a place to take a short break for personal needs,L3b_vlm,,1,hall_entry,,mission_complete,True,0.153,1.918,2.3281,1.6553,-1.7044,0.6513,1.6745,-3.1208,True,0.076183,0.04744529724121094,8404.711961746216,10.36,0,,,,False,6,97241265217eb4b08e26fb718eb21f40,0fd61f9e82e8fe6991f0311014384e0c,data/session_e/day1_20260820/20260820_154029/mission_1_hall_entry/start.jpg,
E,day1_20260820,20260820_154142,data/session_e/day1_20260820/logs/audit_20260820_154142.jsonl,xplorer-c,1,2026-08-20T12:41:56+00:00,2.1,v4.8-review,E2,,N09,1,Do not take me to the restroom,L3b_vlm_negation_blocked,,-1,,,clarification_requested,,,,,,,,,,,,0.056743621826171875,6992.594242095947,,0,,,,,6,97241265217eb4b08e26fb718eb21f40,0fd61f9e82e8fe6991f0311014384e0c,,
E,day1_20260820,20260820_154206,data/session_e/day1_20260820/logs/audit_20260820_154206.jsonl,xplorer-c,1,2026-08-20T12:42:19+00:00,2.1,v4.8-review,E2,,N10,1,nu ma duce la toaleta,L3b_vlm_negation_blocked,,-1,,,clarification_requested,,,,,,,,,,,,0.042438507080078125,7154.951572418213,,0,,,,,6,97241265217eb4b08e26fb718eb21f40,0fd61f9e82e8fe6991f0311014384e0c,,
E,day1_20260820,20260820_154234,data/session_e/day1_20260820/logs/audit_20260820_154234.jsonl,xplorer-c,1,2026-08-20T12:42:53+00:00,2.1,v4.8-review,E2,,X01,1,take me anywhere except the restroom,escalated,,,,,vlm_failed,,,,,,,,,,,,0.04076957702636719,,,0,,,,,6,97241265217eb4b08e26fb718eb21f40,0fd61f9e82e8fe6991f0311014384e0c,,
E,day1_20260820,20260820_154348,data/session_e/day1_20260820/logs/audit_20260820_154348.jsonl,xplorer-c,1,2026-08-20T12:44:02+00:00,2.1,v4.8-review,E2,,X02,1,take me somewhere other than the restroom,L3b_vlm_negation_blocked,,-1,,,clarification_requested,,,,,,,,,,,,0.1049041748046875,7499.355316162109,,0,,,,,6,97241265217eb4b08e26fb718eb21f40,0fd61f9e82e8fe6991f0311014384e0c,,
E,day1_20260820,20260820_154422,data/session_e/day1_20260820/logs/audit_20260820_154422.jsonl,xplorer-c,1,2026-08-20T12:44:34+00:00,2.1,v4.8-review,E2,,X03,1,"du-ma altundeva, nu la toaleta",escalated,,,,,vlm_failed,,,,,,,,,,,,0.10180473327636719,,,0,,,,,6,97241265217eb4b08e26fb718eb21f40,0fd61f9e82e8fe6991f0311014384e0c,,
E,day1_20260820,20260820_154520,data/session_e/day1_20260820/logs/audit_20260820_154520.jsonl,xplorer-c,1,2026-08-20T12:46:05+00:00,2.1,v4.8-review,E2,,X04,1,go anywhere but cb204,L3b_vlm,,15,junction_e1,,missed,False,4.906,1.43,2.0555,1.7249,-1.6504,2.364,2.2416,1.6004,True,0.04262,0.03600120544433594,7307.174921035767,33.6,0,,,,False,6,97241265217eb4b08e26fb718eb21f40,0fd61f9e82e8fe6991f0311014384e0c,data/session_e/day1_20260820/20260820_154520/mission_1_junction_e1/start.jpg,
E,day1_20260820,20260820_154520,data/session_e/day1_20260820/logs/audit_20260820_154520.jsonl,xplorer-c,2,2026-08-20T12:46:30+00:00,2.1,v4.8-review,E2,,X04,1,go anywhere but cb204,L3b_vlm,,9,radiator,,missed,False,6.485,3.772,2.364,2.2416,1.6004,0.1006,3.9642,-2.7439,True,0.053727,0.029325485229492188,7386.904239654541,16.63,0,,,,False,6,97241265217eb4b08e26fb718eb21f40,0fd61f9e82e8fe6991f0311014384e0c,data/session_e/day1_20260820/20260820_154520/mission_2_radiator/start.jpg,
E,day1_20260820,20260820_154745,data/session_e/day1_20260820/logs/audit_20260820_154745.jsonl,xplorer-c,1,2026-08-20T12:47:56+00:00,2.1,v4.8-review,E2,,X04,1,go anywhere but cb204,L3b_vlm_negation_blocked,,-1,,,clarification_requested,,,,,,,,,,,,0.03361701965332031,7702.455043792725,,0,,,,,6,97241265217eb4b08e26fb718eb21f40,0fd61f9e82e8fe6991f0311014384e0c,,
E,day1_20260820,20260820_154819,data/session_e/day1_20260820/logs/audit_20260820_154819.jsonl,xplorer-c,1,2026-08-20T12:48:32+00:00,2.1,v4.8-review,E2,,X01,2,take me anywhere except the restroom,L3b_vlm_negation_blocked,,-1,,,clarification_requested,,,,,,,,,,,,0.038623809814453125,7549.240827560425,,0,,,,,6,97241265217eb4b08e26fb718eb21f40,0fd61f9e82e8fe6991f0311014384e0c,,
E,day1_20260820,20260820_154847,data/session_e/day1_20260820/logs/audit_20260820_154847.jsonl,xplorer-c,1,2026-08-20T12:49:00+00:00,2.1,v4.8-review,E2,,X02,2,take me somewhere other than the restroom,L3b_vlm_negation_blocked,,-1,,,clarification_requested,,,,,,,,,,,,0.09131431579589844,8003.237247467041,,0,,,,,6,97241265217eb4b08e26fb718eb21f40,0fd61f9e82e8fe6991f0311014384e0c,,
E,day1_20260820,20260820_154912,data/session_e/day1_20260820/logs/audit_20260820_154912.jsonl,xplorer-c,1,2026-08-20T12:49:31+00:00,2.1,v4.8-review,E2,,X03,2,"du-ma altundeva, nu la toaleta",escalated,,,,,vlm_failed,,,,,,,,,,,,0.04458427429199219,,,0,,,,,6,97241265217eb4b08e26fb718eb21f40,0fd61f9e82e8fe6991f0311014384e0c,,
E,day1_20260820,20260820_155021,data/session_e/day1_20260820/logs/audit_20260820_155021.jsonl,xplorer-c,1,2026-08-20T12:50:33+00:00,2.1,v4.8-review,E2,,X04,2,go anywhere but cb204,L3b_vlm_negation_blocked,,-1,,,clarification_requested,,,,,,,,,,,,0.04100799560546875,7812.605381011963,,0,,,,,6,97241265217eb4b08e26fb718eb21f40,0fd61f9e82e8fe6991f0311014384e0c,,
E,day1_20260820,20260820_155048,data/session_e/day1_20260820/logs/audit_20260820_155048.jsonl,xplorer-c,1,2026-08-20T12:51:22+00:00,2.1,v4.8-review,E2,,C01,1,"lab cb203 got on fire, help me find something to stop the fire",L3b_vlm,,8,cb202,23,mission_complete,True,0.208,1.95,2.1298,1.9641,-1.58,2.1565,0.2031,-1.4804,True,0.044941,0.4737377166748047,6898.979425430298,21.31,0,vlm_landmark,True,HIGH,False,6,97241265217eb4b08e26fb718eb21f40,0fd61f9e82e8fe6991f0311014384e0c,data/session_e/day1_20260820/20260820_155048/mission_1_cb202/start.jpg,data/session_e/day1_20260820/20260820_155048/mission_1_cb202/finish.jpg
E,day1_20260820,20260820_155138,data/session_e/day1_20260820/logs/audit_20260820_155138.jsonl,xplorer-c,1,2026-08-20T12:52:12+00:00,2.1,v4.8-review,E2,,C02,1,"lab cb204 got on fire, help me find something to stop the fire",L3a_deterministic,2,5,cb204,5,mission_complete,True,0.165,3.872,2.2329,1.5252,-1.3356,2.2156,4.6362,1.663,True,0.055714,0.4165172576904297,0.0,26.51,0,vlm_contextual,True,HIGH,False,6,97241265217eb4b08e26fb718eb21f40,0fd61f9e82e8fe6991f0311014384e0c,data/session_e/day1_20260820/20260820_155138/mission_1_cb204/start.jpg,data/session_e/day1_20260820/20260820_155138/mission_1_cb204/finish.jpg
E,day1_20260820,20260820_155310,data/session_e/day1_20260820/logs/audit_20260820_155310.jsonl,xplorer-c,1,2026-08-20T12:53:38+00:00,2.1,v4.8-review,E2,,A01,1,go to a place to take a short break for personal needs,L3a_m3_preference,0,0,toilet_m,0,mission_complete,True,0.1,3.303,2.3087,1.5698,-1.4993,0.5973,0.0227,-3.0285,True,0.06713,0.14901161193847656,0.0,12.21,0,pose_based,True,HIGH,True,6,97241265217eb4b08e26fb718eb21f40,0fd61f9e82e8fe6991f0311014384e0c,data/session_e/day1_20260820/20260820_155310/mission_1_toilet_m/start.jpg,data/session_e/day1_20260820/20260820_155310/mission_1_toilet_m/finish.jpg
E,day1_20260820,20260820_155407,data/session_e/day1_20260820/logs/audit_20260820_155407.jsonl,xplorer-c,1,2026-08-20T12:54:27+00:00,2.1,v4.8-review,E2,,A02,1,"the washroom got on fire, help me find something to stop the fire",L3a_m3_preference,0,8,cb202,8,mission_complete,True,0.21,1.757,2.4033,1.7486,-1.5142,2.1917,0.2098,-1.5872,True,0.044916,0.13709068298339844,0.0,15.74,0,vlm_landmark,True,HIGH,True,6,97241265217eb4b08e26fb718eb21f40,0fd61f9e82e8fe6991f0311014384e0c,data/session_e/day1_20260820/20260820_155407/mission_1_cb202/start.jpg,data/session_e/day1_20260820/20260820_155407/mission_1_cb202/finish.jpg
E,day1_20260820,20260820_155439,data/session_e/day1_20260820/logs/audit_20260820_155439.jsonl,xplorer-c,1,2026-08-20T12:55:14+00:00,2.1,v4.8-review,E2,,A03,1,go to cb204,L3a_deterministic,2,5,cb204,5,mission_complete,True,0.163,3.771,2.1208,1.5396,-1.538,2.2059,4.6374,1.5935,True,0.056325,0.29540061950683594,0.0,25.17,0,vlm_contextual,True,HIGH,False,6,97241265217eb4b08e26fb718eb21f40,0fd61f9e82e8fe6991f0311014384e0c,data/session_e/day1_20260820/20260820_155439/mission_1_cb204/start.jpg,data/session_e/day1_20260820/20260820_155439/mission_1_cb204/finish.jpg
E,day1_20260820,20260820_155612,data/session_e/day1_20260820/logs/audit_20260820_155612.jsonl,xplorer-c,1,2026-08-20T12:56:42+00:00,2.1,v4.8-review,E0,,AS,1,take me to the main entrance,L3b_vlm,,1,hall_entry,0,mission_complete,True,0.221,1.91,2.3117,1.7503,-1.6344,0.7131,1.7076,3.0893,True,0.057229,0.4470348358154297,11582.255125045776,12.38,0,,,,False,6,97241265217eb4b08e26fb718eb21f40,0fd61f9e82e8fe6991f0311014384e0c,data/session_e/day1_20260820/20260820_155612/mission_1_hall_entry/start.jpg,
E,day1_20260820,20260820_155830,data/session_e/day1_20260820/logs/audit_20260820_155830.jsonl,xplorer-c,1,2026-08-20T12:58:55+00:00,2.1,v4.8-review,E0,,AS,2,"the washroom got on fire, help me find something to stop the fire",L3a_m3_preference,0,8,cb202,8,mission_complete,True,0.132,1.708,2.3418,1.7024,-1.5418,2.2181,0.1312,-1.5612,True,0.047642,0.11277198791503906,0.0,20.69,0,vlm_landmark,True,HIGH,True,6,97241265217eb4b08e26fb718eb21f40,0fd61f9e82e8fe6991f0311014384e0c,data/session_e/day1_20260820/20260820_155830/mission_1_cb202/start.jpg,data/session_e/day1_20260820/20260820_155830/mission_1_cb202/finish.jpg
E,day1_20260820,20260820_160313,data/session_e/day1_20260820/logs/audit_20260820_160313.jsonl,xplorer-b,1,2026-08-20T13:03:42+00:00,2.1,v4.8-review,E0,,AD,1,"the washroom got on fire, help me find something to stop the fire",L3a_m3_preference,0,8,cb202,8,mission_complete,True,0.207,1.718,2.2452,1.6669,-1.5587,2.1891,0.2069,-1.5775,True,0.052055,0.15091896057128906,0.0,15.57,0,vlm_landmark,True,HIGH,True,6,97241265217eb4b08e26fb718eb21f40,0fd61f9e82e8fe6991f0311014384e0c,data/session_e/day1_20260820/20260820_160313/mission_1_cb202/start.jpg,data/session_e/day1_20260820/20260820_160313/mission_1_cb202/finish.jpg
E,day2_20260821,20260821_103929,data/session_e/day2_20260821/logs/audit_20260821_103929.jsonl,xplorer-c,1,2026-08-21T07:39:57+00:00,2.1,v4.8-review,E0,,AD,1,take me to cb202,L3a_deterministic,2,8,cb202,8,mission_complete,True,0.02,1.9,,,,2.2188,-0.007,-1.4168,True,0.02399,0.3974437713623047,0.0,24.33,0,vlm_landmark,True,HIGH,False,8,aba2b031774e8479ce8c9d9262c0cb34,2805d6a0705ddec9d629b643242e5b1d,data/session_e/day2_20260821/20260821_103929/mission_1_cb202/start.jpg,data/session_e/day2_20260821/20260821_103929/mission_1_cb202/finish.jpg
E,day2_20260821,20260821_104534,data/session_e/day2_20260821/logs/audit_20260821_104534.jsonl,xplorer-b,1,2026-08-21T07:45:58+00:00,2.1,v4.8-review,E0,,AD,1,take me to cb202,L3a_deterministic,2,8,cb202,8,mission_complete,True,0.233,1.842,2.3367,1.7938,-1.579,2.2626,0.2249,-1.492,True,0.045012,0.3807544708251953,0.0,19.48,0,vlm_landmark,False,LOW,False,8,aba2b031774e8479ce8c9d9262c0cb34,2805d6a0705ddec9d629b643242e5b1d,data/session_e/day2_20260821/20260821_104534/mission_1_cb202/start.jpg,data/session_e/day2_20260821/20260821_104534/mission_1_cb202/finish.jpg
E,day2_20260821,20260821_105438,data/session_e/day2_20260821/logs/audit_20260821_105438.jsonl,xplorer-b,1,2026-08-21T07:55:07+00:00,2.1,v4.8-review,E0,,AD,1,take me to cb202,L3a_deterministic,2,8,cb202,8,mission_complete,True,0.14,1.874,2.3151,1.6135,-1.6104,2.2611,0.1261,-1.4354,True,0.028037,0.36597251892089844,0.0,24.53,0,vlm_landmark,True,HIGH,False,8,aba2b031774e8479ce8c9d9262c0cb34,2805d6a0705ddec9d629b643242e5b1d,data/session_e/day2_20260821/20260821_105438/mission_1_cb202/start.jpg,data/session_e/day2_20260821/20260821_105438/mission_1_cb202/finish.jpg
E,day2_20260821,20260821_110624,data/session_e/day2_20260821/logs/audit_20260821_110624.jsonl,xplorer-b,1,2026-08-21T08:07:02+00:00,2.1,v4.8-review,E3,,S1,1,go to a place to take a short break for personal needs,L3a_m3_preference,0,0,toilet_m,0,missed,False,1.647,3.555,2.3039,1.6301,-1.5177,2.1292,0.2446,-2.7581,True,0.023419,0.13685226440429688,0.0,31.8,0,,,,True,6,97241265217eb4b08e26fb718eb21f40,0fd61f9e82e8fe6991f0311014384e0c,data/session_e/day2_20260821/20260821_110624/mission_1_toilet_m/start.jpg,
E,day2_20260821,20260821_110624,data/session_e/day2_20260821/logs/audit_20260821_110624.jsonl,xplorer-b,2,2026-08-21T08:07:25+00:00,2.1,v4.8-review,E3,,S1,1,go to a place to take a short break for personal needs,L3a_m3_preference,0,0,toilet_m,0,mission_complete,True,0.133,2.189,2.1292,0.2446,-2.7581,0.4522,0.1241,-2.8786,True,0.033904,0.110626220703125,0.0,22.28,0,pose_based,True,HIGH,True,6,97241265217eb4b08e26fb718eb21f40,0fd61f9e82e8fe6991f0311014384e0c,data/session_e/day2_20260821/20260821_110624/mission_2_toilet_m/start.jpg,data/session_e/day2_20260821/20260821_110624/mission_2_toilet_m/finish.jpg
E,day2_20260821,20260821_110814,data/session_e/day2_20260821/logs/audit_20260821_110814.jsonl,xplorer-b,1,2026-08-21T08:09:02+00:00,2.1,v4.8-review,E3,,S2,1,"the washroom got on fire, help me find something to stop the fire",L3a_m3_preference,0,8,cb202,8,mission_complete,True,0.051,1.919,1.995,1.5324,-1.2732,2.1527,0.0181,-1.5365,True,0.027595,0.10347366333007812,0.0,42.88,0,vlm_landmark,True,HIGH,True,6,97241265217eb4b08e26fb718eb21f40,0fd61f9e82e8fe6991f0311014384e0c,data/session_e/day2_20260821/20260821_110814/mission_1_cb202/start.jpg,data/session_e/day2_20260821/20260821_110814/mission_1_cb202/finish.jpg
E,day2_20260821,20260821_110936,data/session_e/day2_20260821/logs/audit_20260821_110936.jsonl,xplorer-b,1,2026-08-21T08:09:47+00:00,2.1,v4.8-review,E3,,S3,1,Take me somewhere I can sit and relax,L3a_m3_preference,0,9,radiator,9,missed,False,2.865,0.674,2.4228,1.6315,-1.8989,2.3357,1.0767,-1.6937,True,0.1202,0.11014938354492188,0.0,5.94,0,,,,True,6,97241265217eb4b08e26fb718eb21f40,0fd61f9e82e8fe6991f0311014384e0c,data/session_e/day2_20260821/20260821_110936/mission_1_radiator/start.jpg,
E,day2_20260821,20260821_110936,data/session_e/day2_20260821/logs/audit_20260821_110936.jsonl,xplorer-b,2,2026-08-21T08:10:15+00:00,2.1,v4.8-review,E3,,S3,1,Take me somewhere I can sit and relax,L3a_m3_preference,0,9,radiator,9,mission_complete,True,0.17,4.049,2.3357,1.0767,-1.6937,4.623,-0.6833,-1.5304,True,0.020063,0.20647048950195312,0.0,28.45,0,vlm_landmark,True,HIGH,True,6,97241265217eb4b08e26fb718eb21f40,0fd61f9e82e8fe6991f0311014384e0c,data/session_e/day2_20260821/20260821_110936/mission_2_radiator/start.jpg,data/session_e/day2_20260821/20260821_110936/mission_2_radiator/finish.jpg
E,day2_20260821,20260821_111058,data/session_e/day2_20260821/logs/audit_20260821_111058.jsonl,xplorer-b,1,2026-08-21T08:11:39+00:00,2.1,v4.8-review,E3,,S3o,1,"It is too hot in here, take me somewhere I can get some fresh air",L3a_m3_preference,0,14,plant_5,14,mission_complete,True,0.159,8.169,2.1809,1.6749,-1.7132,6.6218,5.2584,1.5212,True,0.109299,0.1595020294189453,0.0,34.94,0,vlm_landmark,True,HIGH,True,6,97241265217eb4b08e26fb718eb21f40,0fd61f9e82e8fe6991f0311014384e0c,data/session_e/day2_20260821/20260821_111058/mission_1_plant_5/start.jpg,data/session_e/day2_20260821/20260821_111058/mission_1_plant_5/finish.jpg
E,day2_20260821,20260821_111235,data/session_e/day2_20260821/logs/audit_20260821_111235.jsonl,xplorer-b,1,2026-08-21T08:13:06+00:00,2.1,v4.8-review,E3,,S4,1,take me to cb204,L3a_deterministic,2,5,cb204,5,mission_complete,True,0.15,3.604,2.4187,1.5679,-1.6586,2.2076,4.6505,1.6391,True,0.06289,0.3104209899902344,0.0,24.15,0,vlm_contextual,True,HIGH,False,6,97241265217eb4b08e26fb718eb21f40,0fd61f9e82e8fe6991f0311014384e0c,data/session_e/day2_20260821/20260821_111235/mission_1_cb204/start.jpg,data/session_e/day2_20260821/20260821_111235/mission_1_cb204/finish.jpg
E,day2_20260821,20260821_111411,data/session_e/day2_20260821/logs/audit_20260821_111411.jsonl,xplorer-b,1,2026-08-21T08:14:25+00:00,2.1,v4.8-review,E3,,S5,1,take me to the nearest plant,L3a_deterministic,6,19,plant_3,,missed,False,4.439,0.818,2.4414,1.7593,-1.6411,3.0228,1.7944,0.0028,True,0.137624,0.37670135498046875,0.0,9.42,0,,,,False,6,97241265217eb4b08e26fb718eb21f40,0fd61f9e82e8fe6991f0311014384e0c,data/session_e/day2_20260821/20260821_111411/mission_1_plant_3/start.jpg,
E,day2_20260821,20260821_111411,data/session_e/day2_20260821/logs/audit_20260821_111411.jsonl,xplorer-b,2,2026-08-21T08:14:33+00:00,2.1,v4.8-review,E3,,S5,1,take me to the nearest plant,L3a_deterministic,6,19,plant_3,,missed,False,3.666,1.097,3.0228,1.7944,0.0028,4.0114,1.7442,-0.1436,True,0.110895,0.3108978271484375,0.0,7.68,0,,,,False,6,97241265217eb4b08e26fb718eb21f40,0fd61f9e82e8fe6991f0311014384e0c,data/session_e/day2_20260821/20260821_111411/mission_2_plant_3/start.jpg,
E,day2_20260821,20260821_111411,data/session_e/day2_20260821/logs/audit_20260821_111411.jsonl,xplorer-b,3,2026-08-21T08:14:40+00:00,2.1,v4.8-review,E3,,S5,1,take me to the nearest plant,L3a_deterministic,6,19,plant_3,,missed,False,3.224,0.811,4.0114,1.7442,-0.1436,4.6728,1.7214,0.0454,True,0.114148,0.26297569274902344,0.0,7.03,0,,,,False,6,97241265217eb4b08e26fb718eb21f40,0fd61f9e82e8fe6991f0311014384e0c,data/session_e/day2_20260821/20260821_111411/mission_3_plant_3/start.jpg,
E,day2_20260821,20260821_111411,data/session_e/day2_20260821/logs/audit_20260821_111411.jsonl,xplorer-b,4,2026-08-21T08:14:48+00:00,2.1,v4.8-review,E3,,S5,1,take me to the nearest plant,L3a_deterministic,6,19,plant_3,,missed,False,2.94,0.795,4.6728,1.7214,0.0454,5.3068,1.7642,-0.0591,True,0.101643,0.31065940856933594,0.0,7.23,0,,,,False,6,97241265217eb4b08e26fb718eb21f40,0fd61f9e82e8fe6991f0311014384e0c,data/session_e/day2_20260821/20260821_111411/mission_4_plant_3/start.jpg,
E,day2_20260821,20260821_111411,data/session_e/day2_20260821/logs/audit_20260821_111411.jsonl,xplorer-b,5,2026-08-21T08:14:57+00:00,2.1,v4.8-review,E3,,S5,1,take me to the nearest plant,L3a_deterministic,6,19,plant_3,,missed,False,2.182,1.452,5.3068,1.7642,-0.0591,6.4952,1.2817,-0.9914,True,0.050205,0.2963542938232422,0.0,9.69,0,,,,False,6,97241265217eb4b08e26fb718eb21f40,0fd61f9e82e8fe6991f0311014384e0c,data/session_e/day2_20260821/20260821_111411/mission_5_plant_3/start.jpg,
E,day2_20260821,20260821_111411,data/session_e/day2_20260821/logs/audit_20260821_111411.jsonl,xplorer-b,6,2026-08-21T08:15:16+00:00,2.1,v4.8-review,E3,,S5,1,take me to the nearest plant,L3a_deterministic,6,19,plant_3,,mission_complete,True,0.172,2.271,6.4952,1.2817,-0.9914,6.4743,-0.745,-1.5427,True,0.069052,0.3254413604736328,0.0,18.13,0,vlm_landmark,True,HIGH,False,6,97241265217eb4b08e26fb718eb21f40,0fd61f9e82e8fe6991f0311014384e0c,data/session_e/day2_20260821/20260821_111411/mission_6_plant_3/start.jpg,data/session_e/day2_20260821/20260821_111411/mission_6_plant_3/finish.jpg
E,day2_20260821,20260821_111601,data/session_e/day2_20260821/logs/audit_20260821_111601.jsonl,xplorer-b,1,2026-08-21T08:16:39+00:00,2.1,v4.8-review,E3,,S6,1,go to lab_chair,L3a_deterministic,3,15,junction_e1,15,mission_complete,True,0.216,7.501,2.1466,1.702,-1.7045,6.5593,4.5842,1.5867,True,0.082753,0.28204917907714844,0.0,33.18,0,vlm_landmark,True,HIGH,False,6,97241265217eb4b08e26fb718eb21f40,0fd61f9e82e8fe6991f0311014384e0c,data/session_e/day2_20260821/20260821_111601/mission_1_junction_e1/start.jpg,data/session_e/day2_20260821/20260821_111601/mission_1_junction_e1/finish.jpg
E,day2_20260821,20260821_111727,data/session_e/day2_20260821/logs/audit_20260821_111727.jsonl,xplorer-b,1,2026-08-21T08:18:20+00:00,2.1,v4.8-review,E3,,S7,1,navigate to window_north,L3a_deterministic,3,14,plant_5,14,mission_complete,True,0.21,8.156,2.3,1.486,-1.622,6.5481,5.1901,1.5879,True,0.082021,0.3495216369628906,0.0,48.42,0,vlm_landmark,True,HIGH,False,6,97241265217eb4b08e26fb718eb21f40,0fd61f9e82e8fe6991f0311014384e0c,data/session_e/day2_20260821/20260821_111727/mission_1_plant_5/start.jpg,data/session_e/day2_20260821/20260821_111727/mission_1_plant_5/finish.jpg
E,day2_20260821,20260821_111905,data/session_e/day2_20260821/logs/audit_20260821_111905.jsonl,xplorer-b,1,2026-08-21T08:19:35+00:00,2.1,v4.8-review,E3,,S8,1,take me to the women restroom,L3a_deterministic,4,4,toilet_f,4,mission_complete,True,0.092,6.615,2.2574,1.5291,-1.6707,0.507,6.3082,-3.0154,True,0.032333,0.40340423583984375,0.0,27.84,0,pose_based,True,HIGH,False,6,97241265217eb4b08e26fb718eb21f40,0fd61f9e82e8fe6991f0311014384e0c,data/session_e/day2_20260821/20260821_111905/mission_1_toilet_f/start.jpg,data/session_e/day2_20260821/20260821_111905/mission_1_toilet_f/finish.jpg
E,day2_20260821,20260821_112007,data/session_e/day2_20260821/logs/audit_20260821_112007.jsonl,xplorer-b,1,2026-08-21T08:20:37+00:00,2.1,v4.8-review,E3,,S9,1,take me to the main entrance of lab CB203,L3a_deterministic,4,22,cb203_entrance,22,mission_complete,True,0.253,6.769,2.1793,1.6136,-1.5172,7.9559,1.5836,-0.0319,False,0.503756,0.5605220794677734,0.0,26.84,0,vlm_contextual,True,HIGH,False,6,97241265217eb4b08e26fb718eb21f40,0fd61f9e82e8fe6991f0311014384e0c,data/session_e/day2_20260821/20260821_112007/mission_1_cb203_entrance/start.jpg,data/session_e/day2_20260821/20260821_112007/mission_1_cb203_entrance/finish.jpg
E,day2_20260821,20260821_112108,data/session_e/day2_20260821/logs/audit_20260821_112108.jsonl,xplorer-b,1,2026-08-21T08:21:51+00:00,2.1,v4.8-review,E3,,S10,1,take me to the exit of lab CB203,L3a_deterministic,4,23,cb203_exit,23,mission_complete,True,0.376,7.989,2.2553,1.5949,-1.7007,7.9197,3.9207,3.1387,True,0.161502,0.5278587341308594,0.0,40.62,0,vlm_contextual,True,HIGH,False,6,97241265217eb4b08e26fb718eb21f40,0fd61f9e82e8fe6991f0311014384e0c,data/session_e/day2_20260821/20260821_112108/mission_1_cb203_exit/start.jpg,data/session_e/day2_20260821/20260821_112108/mission_1_cb203_exit/finish.jpg
E,day2_20260821,20260821_112225,data/session_e/day2_20260821/logs/audit_20260821_112225.jsonl,xplorer-b,1,2026-08-21T08:22:41+00:00,2.1,v4.8-review,E3,,S1,3,go to a place to take a short break for personal needs,L3a_m3_preference,0,0,toilet_m,0,mission_complete,True,0.249,3.067,2.3016,1.555,-1.7121,0.7474,0.0291,-3.0904,True,0.043732,0.1304149627685547,0.0,14.0,0,pose_based,True,HIGH,True,6,97241265217eb4b08e26fb718eb21f40,0fd61f9e82e8fe6991f0311014384e0c,data/session_e/day2_20260821/20260821_112225/mission_1_toilet_m/start.jpg,data/session_e/day2_20260821/20260821_112225/mission_1_toilet_m/finish.jpg
E,day2_20260821,20260821_112314,data/session_e/day2_20260821/logs/audit_20260821_112314.jsonl,xplorer-b,1,2026-08-21T08:24:01+00:00,2.1,v4.8-review,E3,,S10,2,take me to the exit of lab CB203,L3a_deterministic,4,23,cb203_exit,23,mission_complete,True,2.164,7.873,1.964,1.5731,-1.4131,7.2664,5.6228,-1.735,True,0.031338,0.4184246063232422,0.0,40.45,0,vlm_contextual,True,HIGH,False,6,97241265217eb4b08e26fb718eb21f40,0fd61f9e82e8fe6991f0311014384e0c,data/session_e/day2_20260821/20260821_112314/mission_1_cb203_exit/start.jpg,data/session_e/day2_20260821/20260821_112314/mission_1_cb203_exit/finish.jpg
E,day2_20260821,20260821_112534,data/session_e/day2_20260821/logs/audit_20260821_112534.jsonl,xplorer-b,1,2026-08-21T08:26:14+00:00,2.1,v4.8-review,E3,,S9,2,take me to the main entrance of lab CB203,L3a_deterministic,4,22,cb203_entrance,22,mission_complete,True,0.216,9.092,2.3024,1.6786,-1.7672,8.0042,1.7423,0.1378,True,0.117512,0.5383491516113281,0.0,34.82,0,vlm_contextual,True,HIGH,False,6,97241265217eb4b08e26fb718eb21f40,0fd61f9e82e8fe6991f0311014384e0c,data/session_e/day2_20260821/20260821_112534/mission_1_cb203_entrance/start.jpg,data/session_e/day2_20260821/20260821_112534/mission_1_cb203_entrance/finish.jpg
E,day2_20260821,20260821_112657,data/session_e/day2_20260821/logs/audit_20260821_112657.jsonl,xplorer-b,1,2026-08-21T08:27:32+00:00,2.1,v4.8-review,E3,,S8,2,take me to the women restroom,L3a_deterministic,4,4,toilet_f,4,mission_complete,True,0.135,7.005,2.604,1.5666,-1.8225,0.599,6.3081,3.0887,True,0.028058,0.9603500366210938,0.0,28.9,0,pose_based,True,HIGH,False,6,97241265217eb4b08e26fb718eb21f40,0fd61f9e82e8fe6991f0311014384e0c,data/session_e/day2_20260821/20260821_112657/mission_1_toilet_f/start.jpg,data/session_e/day2_20260821/20260821_112657/mission_1_toilet_f/finish.jpg
E,day2_20260821,20260821_112757,data/session_e/day2_20260821/logs/audit_20260821_112757.jsonl,xplorer-b,1,2026-08-21T08:28:46+00:00,2.1,v4.8-review,E3,,S7,2,navigate to window_north,L3a_deterministic,3,14,plant_5,14,mission_complete,True,0.279,11.256,,,,6.7203,5.179,1.6007,True,0.200751,0.7281303405761719,0.0,46.62,0,vlm_landmark,True,HIGH,False,6,97241265217eb4b08e26fb718eb21f40,0fd61f9e82e8fe6991f0311014384e0c,data/session_e/day2_20260821/20260821_112757/mission_1_plant_5/start.jpg,data/session_e/day2_20260821/20260821_112757/mission_1_plant_5/finish.jpg
E,day2_20260821,20260821_112926,data/session_e/day2_20260821/logs/audit_20260821_112926.jsonl,xplorer-b,1,2026-08-21T08:30:25+00:00,2.1,v4.8-review,E3,,S6,2,go to lab_chair,L3a_deterministic,3,15,junction_e1,15,mission_complete,True,0.423,10.921,,,,6.172,4.9906,1.5901,True,0.111157,0.3552436828613281,0.0,56.96,0,vlm_landmark,False,MEDIUM,False,6,97241265217eb4b08e26fb718eb21f40,0fd61f9e82e8fe6991f0311014384e0c,data/session_e/day2_20260821/20260821_112926/mission_1_junction_e1/start.jpg,data/session_e/day2_20260821/20260821_112926/mission_1_junction_e1/finish.jpg
E,day2_20260821,20260821_113110,data/session_e/day2_20260821/logs/audit_20260821_113110.jsonl,xplorer-b,1,2026-08-21T08:32:23+00:00,2.1,v4.8-review,E3,,S5,2,take me to the nearest plant,L3a_deterministic,6,19,plant_3,,mission_complete,True,0.175,7.972,2.4026,1.5309,-1.5784,6.6547,-0.7596,-1.5295,True,0.05958,0.5192756652832031,0.0,69.85,0,vlm_landmark,True,HIGH,False,6,97241265217eb4b08e26fb718eb21f40,0fd61f9e82e8fe6991f0311014384e0c,data/session_e/day2_20260821/20260821_113110/mission_1_plant_3/start.jpg,data/session_e/day2_20260821/20260821_113110/mission_1_plant_3/finish.jpg
E,day2_20260821,20260821_113258,data/session_e/day2_20260821/logs/audit_20260821_113258.jsonl,xplorer-b,1,2026-08-21T08:33:26+00:00,2.1,v4.8-review,E3,,S4,2,take me to cb204,L3a_deterministic,2,5,cb204,5,mission_complete,True,0.217,3.405,2.218,1.6597,-1.6866,2.316,4.6167,1.4627,True,0.07936,0.38909912109375,0.0,24.57,0,vlm_contextual,True,HIGH,False,6,97241265217eb4b08e26fb718eb21f40,0fd61f9e82e8fe6991f0311014384e0c,data/session_e/day2_20260821/20260821_113258/mission_1_cb204/start.jpg,data/session_e/day2_20260821/20260821_113258/mission_1_cb204/finish.jpg
E,day2_20260821,20260821_113407,data/session_e/day2_20260821/logs/audit_20260821_113407.jsonl,xplorer-b,1,2026-08-21T08:34:55+00:00,2.1,v4.8-review,E3,,S3o,2,"It is too hot in here, take me somewhere I can get some fresh air",L3a_m3_preference,0,14,plant_5,14,mission_complete,True,0.241,11.825,,,,6.6998,5.2106,1.5069,True,0.120791,0.14734268188476562,0.0,44.97,0,vlm_landmark,True,HIGH,True,6,97241265217eb4b08e26fb718eb21f40,0fd61f9e82e8fe6991f0311014384e0c,data/session_e/day2_20260821/20260821_113407/mission_1_plant_5/start.jpg,data/session_e/day2_20260821/20260821_113407/mission_1_plant_5/finish.jpg
E,day2_20260821,20260821_113529,data/session_e/day2_20260821/logs/audit_20260821_113529.jsonl,xplorer-b,1,2026-08-21T08:35:56+00:00,2.1,v4.8-review,E3,,S3,2,Take me somewhere I can sit and relax,L3a_m3_preference,0,9,radiator,9,mission_complete,True,0.177,4.789,2.3066,1.5644,-1.6696,4.6683,-0.7456,-1.4833,True,0.036284,0.13184547424316406,0.0,24.41,0,vlm_landmark,True,HIGH,True,6,97241265217eb4b08e26fb718eb21f40,0fd61f9e82e8fe6991f0311014384e0c,data/session_e/day2_20260821/20260821_113529/mission_1_radiator/start.jpg,data/session_e/day2_20260821/20260821_113529/mission_1_radiator/finish.jpg
E,day2_20260821,20260821_113623,data/session_e/day2_20260821/logs/audit_20260821_113623.jsonl,xplorer-b,1,2026-08-21T08:36:40+00:00,2.1,v4.8-review,E3,,S2,2,"the washroom got on fire, help me find something to stop the fire",L3a_m3_preference,0,8,cb202,8,mission_complete,True,0.253,1.723,2.1955,1.6352,-1.7044,2.2449,0.2486,-1.4997,True,0.056894,0.13065338134765625,0.0,14.3,0,vlm_landmark,True,HIGH,True,6,97241265217eb4b08e26fb718eb21f40,0fd61f9e82e8fe6991f0311014384e0c,data/session_e/day2_20260821/20260821_113623/mission_1_cb202/start.jpg,data/session_e/day2_20260821/20260821_113623/mission_1_cb202/finish.jpg
E,day2_20260821,20260821_113656,data/session_e/day2_20260821/logs/audit_20260821_113656.jsonl,xplorer-b,1,2026-08-21T08:37:15+00:00,2.1,v4.8-review,E3,,S1,2,go to a place to take a short break for personal needs,L3a_m3_preference,0,0,toilet_m,0,mission_complete,True,0.22,3.406,2.1976,1.5539,-1.606,0.6052,0.1934,3.0761,True,0.057356,0.12254714965820312,0.0,14.45,0,pose_based,True,HIGH,True,6,97241265217eb4b08e26fb718eb21f40,0fd61f9e82e8fe6991f0311014384e0c,data/session_e/day2_20260821/20260821_113656/mission_1_toilet_m/start.jpg,data/session_e/day2_20260821/20260821_113656/mission_1_toilet_m/finish.jpg
E,day2_20260821,20260821_113738,data/session_e/day2_20260821/logs/audit_20260821_113738.jsonl,xplorer-b,1,2026-08-21T08:37:52+00:00,2.1,v4.8-review,E3,,S1,4,go to a place to take a short break for personal needs,L3a_m3_preference,0,0,toilet_m,0,mission_complete,True,0.228,3.392,,,,0.7281,0.0015,3.0657,True,0.048681,0.13780593872070312,0.0,11.68,0,pose_based,True,HIGH,True,6,97241265217eb4b08e26fb718eb21f40,0fd61f9e82e8fe6991f0311014384e0c,data/session_e/day2_20260821/20260821_113738/mission_1_toilet_m/start.jpg,data/session_e/day2_20260821/20260821_113738/mission_1_toilet_m/finish.jpg
E,day2_20260821,20260821_115152,data/session_e/day2_20260821/logs/audit_20260821_115152.jsonl,xplorer-c,1,2026-08-21T08:52:33+00:00,2.1,v4.8-review,E3,,S1,1,go to a place to take a short break for personal needs,L3a_m3_preference,0,0,toilet_m,0,mission_complete,True,0.192,3.636,2.2341,2.0138,-1.6126,0.5674,0.1796,-3.1263,True,0.053824,0.2570152282714844,0.0,37.82,0,pose_based,True,HIGH,True,6,97241265217eb4b08e26fb718eb21f40,0fd61f9e82e8fe6991f0311014384e0c,data/session_e/day2_20260821/20260821_115152/mission_1_toilet_m/start.jpg,data/session_e/day2_20260821/20260821_115152/mission_1_toilet_m/finish.jpg
E,day2_20260821,20260821_115254,data/session_e/day2_20260821/logs/audit_20260821_115254.jsonl,xplorer-c,1,2026-08-21T08:53:18+00:00,2.1,v4.8-review,E3,,S2,1,"the washroom got on fire, help me find something to stop the fire",L3a_m3_preference,0,8,cb202,8,mission_complete,True,0.207,1.766,2.315,1.7508,-1.5901,2.1886,0.2071,-1.6081,True,0.041049,0.12826919555664062,0.0,18.54,0,vlm_landmark,True,HIGH,True,6,97241265217eb4b08e26fb718eb21f40,0fd61f9e82e8fe6991f0311014384e0c,data/session_e/day2_20260821/20260821_115254/mission_1_cb202/start.jpg,data/session_e/day2_20260821/20260821_115254/mission_1_cb202/finish.jpg
E,day2_20260821,20260821_115341,data/session_e/day2_20260821/logs/audit_20260821_115341.jsonl,xplorer-c,1,2026-08-21T08:54:09+00:00,2.1,v4.8-review,E3,,S3,1,Take me somewhere I can sit and relax,L3a_m3_preference,0,9,radiator,9,mission_complete,True,0.188,4.497,2.2063,1.631,-1.4934,4.3963,-0.6426,-1.497,True,0.030358,0.12969970703125,0.0,25.3,0,vlm_landmark,True,HIGH,True,6,97241265217eb4b08e26fb718eb21f40,0fd61f9e82e8fe6991f0311014384e0c,data/session_e/day2_20260821/20260821_115341/mission_1_radiator/start.jpg,data/session_e/day2_20260821/20260821_115341/mission_1_radiator/finish.jpg
E,day2_20260821,20260821_115538,data/session_e/day2_20260821/logs/audit_20260821_115538.jsonl,xplorer-c,1,2026-08-21T08:56:24+00:00,2.1,v4.8-review,E3,,S3o,1,"It is too hot in here, take me somewhere I can get some fresh air",L3a_m3_preference,0,14,plant_5,14,mission_complete,True,0.186,8.506,2.2333,1.6755,-1.6667,6.5605,5.2143,1.4307,True,0.135194,0.13399124145507812,0.0,40.33,0,vlm_landmark,True,HIGH,True,6,97241265217eb4b08e26fb718eb21f40,0fd61f9e82e8fe6991f0311014384e0c,data/session_e/day2_20260821/20260821_115538/mission_1_plant_5/start.jpg,data/session_e/day2_20260821/20260821_115538/mission_1_plant_5/finish.jpg
E,day2_20260821,20260821_115711,data/session_e/day2_20260821/logs/audit_20260821_115711.jsonl,xplorer-c,1,2026-08-21T08:57:39+00:00,2.1,v4.8-review,E3,,S4,1,take me to cb204,L3a_deterministic,2,5,cb204,5,mission_complete,True,0.217,3.642,,,,2.2234,4.5844,1.5551,True,0.057784,0.4322528839111328,0.0,25.12,0,vlm_contextual,True,HIGH,False,6,97241265217eb4b08e26fb718eb21f40,0fd61f9e82e8fe6991f0311014384e0c,data/session_e/day2_20260821/20260821_115711/mission_1_cb204/start.jpg,data/session_e/day2_20260821/20260821_115711/mission_1_cb204/finish.jpg
E,day2_20260821,20260821_115814,data/session_e/day2_20260821/logs/audit_20260821_115814.jsonl,xplorer-c,1,2026-08-21T08:58:52+00:00,2.1,v4.8-review,E3,,S5,1,take me to the nearest plant,L3a_deterministic,6,19,plant_3,,mission_complete,True,0.161,6.485,2.2917,1.6944,-1.6298,6.4931,-0.7499,-1.4598,True,0.043581,0.3886222839355469,0.0,33.16,0,vlm_landmark,False,MEDIUM,False,6,97241265217eb4b08e26fb718eb21f40,0fd61f9e82e8fe6991f0311014384e0c,data/session_e/day2_20260821/20260821_115814/mission_1_plant_3/start.jpg,data/session_e/day2_20260821/20260821_115814/mission_1_plant_3/finish.jpg
E,day2_20260821,20260821_115924,data/session_e/day2_20260821/logs/audit_20260821_115924.jsonl,xplorer-c,1,2026-08-21T09:00:24+00:00,2.1,v4.8-review,E3,,S6,1,go to lab_chair,L3a_deterministic,3,15,junction_e1,15,mission_complete,True,0.206,8.023,2.3123,1.592,-1.583,6.3488,4.8455,1.5591,True,0.115234,0.30541419982910156,0.0,55.11,0,vlm_landmark,True,HIGH,False,6,97241265217eb4b08e26fb718eb21f40,0fd61f9e82e8fe6991f0311014384e0c,data/session_e/day2_20260821/20260821_115924/mission_1_junction_e1/start.jpg,data/session_e/day2_20260821/20260821_115924/mission_1_junction_e1/finish.jpg
E,day2_20260821,20260821_120124,data/session_e/day2_20260821/logs/audit_20260821_120124.jsonl,xplorer-c,1,2026-08-21T09:02:20+00:00,2.1,v4.8-review,E3,,S7,1,navigate to window_north,L3a_deterministic,3,14,plant_5,14,mission_complete,True,0.194,8.461,2.4603,1.6457,-1.5817,6.5823,5.2085,1.5178,True,0.12021,0.34546852111816406,0.0,53.79,0,vlm_landmark,True,HIGH,False,6,97241265217eb4b08e26fb718eb21f40,0fd61f9e82e8fe6991f0311014384e0c,data/session_e/day2_20260821/20260821_120124/mission_1_plant_5/start.jpg,data/session_e/day2_20260821/20260821_120124/mission_1_plant_5/finish.jpg
E,day2_20260821,20260821_120305,data/session_e/day2_20260821/logs/audit_20260821_120305.jsonl,xplorer-c,1,2026-08-21T09:03:40+00:00,2.1,v4.8-review,E3,,S8,1,take me to the women restroom,L3a_deterministic,4,4,toilet_f,4,mission_complete,True,0.111,6.605,2.6548,1.6819,-1.5011,0.5894,6.3344,-3.0508,True,0.030516,0.4646778106689453,0.0,30.17,0,pose_based,True,HIGH,False,6,97241265217eb4b08e26fb718eb21f40,0fd61f9e82e8fe6991f0311014384e0c,data/session_e/day2_20260821/20260821_120305/mission_1_toilet_f/start.jpg,data/session_e/day2_20260821/20260821_120305/mission_1_toilet_f/finish.jpg
E,day2_20260821,20260821_120446,data/session_e/day2_20260821/logs/audit_20260821_120446.jsonl,xplorer-c,1,2026-08-21T09:05:40+00:00,2.1,v4.8-review,E3,,S9,1,take me to the main entrance of lab CB203,L3a_deterministic,4,22,cb203_entrance,22,mission_complete,True,0.293,7.123,2.1349,1.7278,-1.3406,8.0415,1.4041,-0.0321,True,0.182645,0.4966259002685547,0.0,51.62,0,vlm_contextual,True,HIGH,False,6,97241265217eb4b08e26fb718eb21f40,0fd61f9e82e8fe6991f0311014384e0c,data/session_e/day2_20260821/20260821_120446/mission_1_cb203_entrance/start.jpg,data/session_e/day2_20260821/20260821_120446/mission_1_cb203_entrance/finish.jpg
E,day2_20260821,20260821_120634,data/session_e/day2_20260821/logs/audit_20260821_120634.jsonl,xplorer-c,1,2026-08-21T09:07:18+00:00,2.1,v4.8-review,E3,,S10,1,take me to the exit of lab CB203,L3a_deterministic,4,23,cb203_exit,23,mission_complete,True,0.332,7.864,2.5913,1.7726,-1.412,7.8833,3.5701,-2.9519,True,0.071963,0.4267692565917969,0.0,39.5,0,vlm_contextual,True,HIGH,False,6,97241265217eb4b08e26fb718eb21f40,0fd61f9e82e8fe6991f0311014384e0c,data/session_e/day2_20260821/20260821_120634/mission_1_cb203_exit/start.jpg,data/session_e/day2_20260821/20260821_120634/mission_1_cb203_exit/finish.jpg
E,day2_20260821,20260821_120808,data/session_e/day2_20260821/logs/audit_20260821_120808.jsonl,xplorer-c,1,2026-08-21T09:08:34+00:00,2.1,v4.8-review,E3,,S1,3,go to a place to take a short break for personal needs,L3a_m3_preference,0,0,toilet_m,0,mission_complete,True,0.142,3.921,2.6975,1.5443,-1.5201,0.5275,0.1395,3.1058,True,0.035154,0.16117095947265625,0.0,23.31,0,pose_based,True,HIGH,True,6,97241265217eb4b08e26fb718eb21f40,0fd61f9e82e8fe6991f0311014384e0c,data/session_e/day2_20260821/20260821_120808/mission_1_toilet_m/start.jpg,data/session_e/day2_20260821/20260821_120808/mission_1_toilet_m/finish.jpg
E,day2_20260821,20260821_120902,data/session_e/day2_20260821/logs/audit_20260821_120902.jsonl,xplorer-c,1,2026-08-21T09:09:48+00:00,2.1,v4.8-review,E3,,S10,2,take me to the exit of lab CB203,L3a_deterministic,4,23,cb203_exit,23,mission_complete,True,0.271,8.06,2.2329,1.6379,-1.4195,7.954,3.5573,-2.9325,True,0.047354,0.4634857177734375,0.0,40.78,0,vlm_contextual,True,HIGH,False,6,97241265217eb4b08e26fb718eb21f40,0fd61f9e82e8fe6991f0311014384e0c,data/session_e/day2_20260821/20260821_120902/mission_1_cb203_exit/start.jpg,data/session_e/day2_20260821/20260821_120902/mission_1_cb203_exit/finish.jpg
E,day2_20260821,20260821_121016,data/session_e/day2_20260821/logs/audit_20260821_121016.jsonl,xplorer-c,1,2026-08-21T09:10:48+00:00,2.1,v4.8-review,E3,,S9,2,take me to the main entrance of lab CB203,L3a_deterministic,4,22,cb203_entrance,22,mission_complete,True,0.16,6.488,,,,8.0422,1.622,-0.0003,True,0.136317,0.4794597625732422,0.0,28.63,0,vlm_contextual,True,HIGH,False,6,97241265217eb4b08e26fb718eb21f40,0fd61f9e82e8fe6991f0311014384e0c,data/session_e/day2_20260821/20260821_121016/mission_1_cb203_entrance/start.jpg,data/session_e/day2_20260821/20260821_121016/mission_1_cb203_entrance/finish.jpg
E,day2_20260821,20260821_121153,data/session_e/day2_20260821/logs/audit_20260821_121153.jsonl,xplorer-c,1,2026-08-21T09:12:26+00:00,2.1,v4.8-review,E3,,S8,2,take me to the women restroom,L3a_deterministic,4,4,toilet_f,4,mission_complete,True,0.1,6.535,2.5785,1.6973,-1.5323,0.5833,6.3442,-2.992,True,0.036179,0.3540515899658203,0.0,28.76,0,pose_based,True,HIGH,False,6,97241265217eb4b08e26fb718eb21f40,0fd61f9e82e8fe6991f0311014384e0c,data/session_e/day2_20260821/20260821_121153/mission_1_toilet_f/start.jpg,data/session_e/day2_20260821/20260821_121153/mission_1_toilet_f/finish.jpg
E,day2_20260821,20260821_121300,data/session_e/day2_20260821/logs/audit_20260821_121300.jsonl,xplorer-c,1,2026-08-21T09:13:41+00:00,2.1,v4.8-review,E3,,S7,2,navigate to window_north,L3a_deterministic,3,14,plant_5,14,mission_complete,True,0.098,8.457,2.2876,1.6949,-1.4522,6.5611,5.3031,1.4203,True,0.138305,0.354766845703125,0.0,37.93,0,vlm_landmark,True,HIGH,False,6,97241265217eb4b08e26fb718eb21f40,0fd61f9e82e8fe6991f0311014384e0c,data/session_e/day2_20260821/20260821_121300/mission_1_plant_5/start.jpg,data/session_e/day2_20260821/20260821_121300/mission_1_plant_5/finish.jpg
E,day2_20260821,20260821_121432,data/session_e/day2_20260821/logs/audit_20260821_121432.jsonl,xplorer-c,1,2026-08-21T09:15:31+00:00,2.1,v4.8-review,E3,,S6,2,go to lab_chair,L3a_deterministic,3,15,junction_e1,15,mission_complete,True,0.153,7.666,2.4885,1.6853,-1.6001,6.4019,4.7626,1.5351,True,0.119122,0.2791881561279297,0.0,36.11,0,vlm_landmark,True,HIGH,False,6,97241265217eb4b08e26fb718eb21f40,0fd61f9e82e8fe6991f0311014384e0c,data/session_e/day2_20260821/20260821_121432/mission_1_junction_e1/start.jpg,data/session_e/day2_20260821/20260821_121432/mission_1_junction_e1/finish.jpg
E,day2_20260821,20260821_121718,data/session_e/day2_20260821/logs/audit_20260821_121718.jsonl,xplorer-c,1,2026-08-21T09:17:54+00:00,2.1,v4.8-review,E3,,S5,2,take me to the nearest plant,L3a_deterministic,6,19,plant_3,,mission_complete,True,0.136,7.159,2.3168,1.6117,-1.6209,6.4811,-0.7826,-1.4947,True,0.075494,0.49042701721191406,0.0,33.57,0,vlm_landmark,True,HIGH,False,6,97241265217eb4b08e26fb718eb21f40,0fd61f9e82e8fe6991f0311014384e0c,data/session_e/day2_20260821/20260821_121718/mission_1_plant_3/start.jpg,data/session_e/day2_20260821/20260821_121718/mission_1_plant_3/finish.jpg
E,day2_20260821,20260821_121837,data/session_e/day2_20260821/logs/audit_20260821_121837.jsonl,xplorer-c,1,2026-08-21T09:19:20+00:00,2.1,v4.8-review,E3,,S4,2,take me to cb204,L3a_deterministic,2,5,cb204,5,mission_complete,True,0.219,6.548,2.444,1.6374,-1.719,2.0925,4.6097,1.7091,True,0.026287,0.38933753967285156,0.0,37.57,0,vlm_contextual,True,HIGH,False,6,97241265217eb4b08e26fb718eb21f40,0fd61f9e82e8fe6991f0311014384e0c,data/session_e/day2_20260821/20260821_121837/mission_1_cb204/start.jpg,data/session_e/day2_20260821/20260821_121837/mission_1_cb204/finish.jpg
E,day2_20260821,20260821_122052,data/session_e/day2_20260821/logs/audit_20260821_122052.jsonl,xplorer-c,1,2026-08-21T09:21:40+00:00,2.1,v4.8-review,E3,,S3o,2,"It is too hot in here, take me somewhere I can get some fresh air",L3a_m3_preference,0,14,plant_5,14,mission_complete,True,0.132,9.054,2.3278,1.5739,-1.2984,6.5965,5.276,1.4225,True,0.142343,0.1289844512939453,0.0,42.77,0,vlm_landmark,True,HIGH,True,6,97241265217eb4b08e26fb718eb21f40,0fd61f9e82e8fe6991f0311014384e0c,data/session_e/day2_20260821/20260821_122052/mission_1_plant_5/start.jpg,data/session_e/day2_20260821/20260821_122052/mission_1_plant_5/finish.jpg
E,day2_20260821,20260821_122227,data/session_e/day2_20260821/logs/audit_20260821_122227.jsonl,xplorer-c,1,2026-08-21T09:22:55+00:00,2.1,v4.8-review,E3,,S3,2,Take me somewhere I can sit and relax,L3a_m3_preference,0,9,radiator,9,mission_complete,True,0.145,4.702,,,,4.502,-0.6549,-1.4821,True,0.068052,0.10371208190917969,0.0,25.23,0,vlm_landmark,True,HIGH,True,6,97241265217eb4b08e26fb718eb21f40,0fd61f9e82e8fe6991f0311014384e0c,data/session_e/day2_20260821/20260821_122227/mission_1_radiator/start.jpg,data/session_e/day2_20260821/20260821_122227/mission_1_radiator/finish.jpg
E,day2_20260821,20260821_122328,data/session_e/day2_20260821/logs/audit_20260821_122328.jsonl,xplorer-c,1,2026-08-21T09:23:51+00:00,2.1,v4.8-review,E3,,S2,2,"the washroom got on fire, help me find something to stop the fire",L3a_m3_preference,0,8,cb202,8,mission_complete,True,0.085,1.883,2.3685,1.61,-1.5876,2.2825,0.0222,-1.4465,True,0.027152,0.1442432403564453,0.0,19.14,0,vlm_landmark,True,HIGH,True,6,97241265217eb4b08e26fb718eb21f40,0fd61f9e82e8fe6991f0311014384e0c,data/session_e/day2_20260821/20260821_122328/mission_1_cb202/start.jpg,data/session_e/day2_20260821/20260821_122328/mission_1_cb202/finish.jpg
E,day2_20260821,20260821_122430,data/session_e/day2_20260821/logs/audit_20260821_122430.jsonl,xplorer-c,1,2026-08-21T09:24:57+00:00,2.1,v4.8-review,E3,,S1,2,go to a place to take a short break for personal needs,L3a_m3_preference,0,0,toilet_m,0,mission_complete,True,0.11,3.662,2.2306,1.5396,-1.476,0.5781,0.0774,3.0324,True,0.038841,0.13446807861328125,0.0,21.11,0,pose_based,True,HIGH,True,6,97241265217eb4b08e26fb718eb21f40,0fd61f9e82e8fe6991f0311014384e0c,data/session_e/day2_20260821/20260821_122430/mission_1_toilet_m/start.jpg,data/session_e/day2_20260821/20260821_122430/mission_1_toilet_m/finish.jpg
E,day2_20260821,20260821_122544,data/session_e/day2_20260821/logs/audit_20260821_122544.jsonl,xplorer-c,1,2026-08-21T09:26:07+00:00,2.1,v4.8-review,E3,,S1,4,go to a place to take a short break for personal needs,L3a_m3_preference,0,0,toilet_m,0,mission_complete,True,0.147,3.646,,,,0.5902,0.1159,3.0271,True,0.024713,0.13589859008789062,0.0,19.43,0,pose_based,True,HIGH,True,6,97241265217eb4b08e26fb718eb21f40,0fd61f9e82e8fe6991f0311014384e0c,data/session_e/day2_20260821/20260821_122544/mission_1_toilet_m/start.jpg,data/session_e/day2_20260821/20260821_122544/mission_1_toilet_m/finish.jpg
E,day2_20260821,20260821_122656,data/session_e/day2_20260821/logs/audit_20260821_122656.jsonl,xplorer-c,1,2026-08-21T09:27:17+00:00,2.1,v4.8-review,E3,,S1,5,go to a place to take a short break for personal needs,L3a_m3_preference,0,0,toilet_m,0,mission_complete,True,0.044,3.551,2.2832,1.7879,-1.5295,0.525,0.0362,-3.117,True,0.033595,0.1361370086669922,0.0,17.82,0,pose_based,True,HIGH,True,6,97241265217eb4b08e26fb718eb21f40,0fd61f9e82e8fe6991f0311014384e0c,data/session_e/day2_20260821/20260821_122656/mission_1_toilet_m/start.jpg,data/session_e/day2_20260821/20260821_122656/mission_1_toilet_m/finish.jpg
E,day2_20260821,20260821_131951,data/session_e/day2_20260821/logs/audit_20260821_131951.jsonl,xplorer-b,1,2026-08-21T10:21:05+00:00,2.1,v4.8-review,E7,,L-P1,1,Where is CB203?,L3b_vlm,,23,cb203_exit,22,mission_complete,True,0.341,8.044,2.3691,1.5165,-1.6779,7.8652,3.7332,3.0526,True,0.077592,0.4417896270751953,10510.176181793213,46.09,0,vlm_contextual,True,HIGH,False,6,97241265217eb4b08e26fb718eb21f40,0fd61f9e82e8fe6991f0311014384e0c,data/session_e/day2_20260821/20260821_131951/mission_1_cb203_exit/start.jpg,data/session_e/day2_20260821/20260821_131951/mission_1_cb203_exit/finish.jpg
E,day2_20260821,20260821_132139,data/session_e/day2_20260821/logs/audit_20260821_132139.jsonl,xplorer-b,1,2026-08-21T10:22:36+00:00,2.1,v4.8-review,E7,,L-P2,1,I need to work on a computer.,L3b_vlm,,15,junction_e1,5,mission_complete,True,0.192,7.504,2.3411,1.5847,-1.7392,6.4819,4.6201,1.6638,True,0.057124,0.4668235778808594,11321.180820465088,41.44,0,vlm_landmark,True,HIGH,False,6,97241265217eb4b08e26fb718eb21f40,0fd61f9e82e8fe6991f0311014384e0c,data/session_e/day2_20260821/20260821_132139/mission_1_junction_e1/start.jpg,data/session_e/day2_20260821/20260821_132139/mission_1_junction_e1/finish.jpg
E,day2_20260821,20260821_132326,data/session_e/day2_20260821/logs/audit_20260821_132326.jsonl,xplorer-b,1,2026-08-21T10:24:16+00:00,2.1,v4.8-review,E7,,L-P3,1,I have to attend a lab.,L3b_vlm,,5,cb204,5,mission_complete,True,0.248,3.383,2.2892,1.6574,-1.5944,2.171,4.5534,1.5521,True,0.05888,0.45299530029296875,18340.953588485718,29.13,0,vlm_contextual,True,HIGH,False,6,97241265217eb4b08e26fb718eb21f40,0fd61f9e82e8fe6991f0311014384e0c,data/session_e/day2_20260821/20260821_132326/mission_1_cb204/start.jpg,data/session_e/day2_20260821/20260821_132326/mission_1_cb204/finish.jpg
E,day2_20260821,20260821_132452,data/session_e/day2_20260821/logs/audit_20260821_132452.jsonl,xplorer-b,1,2026-08-21T10:25:51+00:00,2.1,v4.8-review,E7,,L-P4,1,I'm late to class.,L3b_vlm,,9,radiator,5,mission_complete,True,0.263,5.833,2.2881,1.725,-1.2746,4.5527,-0.5428,-1.4399,True,0.0786,0.42724609375,11646.45767211914,42.1,0,vlm_landmark,True,HIGH,False,6,97241265217eb4b08e26fb718eb21f40,0fd61f9e82e8fe6991f0311014384e0c,data/session_e/day2_20260821/20260821_132452/mission_1_radiator/start.jpg,data/session_e/day2_20260821/20260821_132452/mission_1_radiator/finish.jpg
E,day2_20260821,20260821_132616,data/session_e/day2_20260821/logs/audit_20260821_132616.jsonl,xplorer-b,1,2026-08-21T10:26:32+00:00,2.1,v4.8-review,E7,,T-P1,1,Where is the men toilet?,L3a_deterministic,4,0,toilet_m,0,mission_complete,True,0.226,3.331,2.2553,1.6793,-1.6906,0.7212,0.045,3.0824,True,0.065796,0.3948211669921875,0.0,13.47,0,pose_based,True,HIGH,False,6,97241265217eb4b08e26fb718eb21f40,0fd61f9e82e8fe6991f0311014384e0c,data/session_e/day2_20260821/20260821_132616/mission_1_toilet_m/start.jpg,data/session_e/day2_20260821/20260821_132616/mission_1_toilet_m/finish.jpg
E,day2_20260821,20260821_132710,data/session_e/day2_20260821/logs/audit_20260821_132710.jsonl,xplorer-b,1,2026-08-21T10:27:38+00:00,2.1,v4.8-review,E7,,T-P2,1,How can I get some water?,L3b_vlm,,0,toilet_m,0,mission_complete,True,0.16,3.332,2.2281,1.5807,-1.5889,0.6354,-0.0857,-3.0729,True,0.077637,0.37288665771484375,11246.927499771118,11.81,0,pose_based,True,HIGH,False,6,97241265217eb4b08e26fb718eb21f40,0fd61f9e82e8fe6991f0311014384e0c,data/session_e/day2_20260821/20260821_132710/mission_1_toilet_m/start.jpg,data/session_e/day2_20260821/20260821_132710/mission_1_toilet_m/finish.jpg
E,day2_20260821,20260821_132810,data/session_e/day2_20260821/logs/audit_20260821_132810.jsonl,xplorer-b,1,2026-08-21T10:28:34+00:00,2.1,v4.8-review,E7,,T-P3,1,Where can I wash my hands?,L3b_vlm,,0,toilet_m,0,mission_complete,True,0.168,3.311,2.3738,1.7503,-1.4311,0.6581,0.0577,3.0152,True,0.064301,0.46944618225097656,6961.867332458496,12.45,0,pose_based,True,HIGH,False,6,97241265217eb4b08e26fb718eb21f40,0fd61f9e82e8fe6991f0311014384e0c,data/session_e/day2_20260821/20260821_132810/mission_1_toilet_m/start.jpg,data/session_e/day2_20260821/20260821_132810/mission_1_toilet_m/finish.jpg
E,day2_20260821,20260821_132911,data/session_e/day2_20260821/logs/audit_20260821_132911.jsonl,xplorer-b,1,2026-08-21T10:29:54+00:00,2.1,v4.8-review,E7,,T-P4,1,My hands are dirty.,L3b_vlm,,9,radiator,0,mission_complete,True,0.183,4.434,2.3169,1.7246,-1.3099,4.3835,-0.6592,-1.6021,True,0.053677,0.46443939208984375,7355.430603027344,30.31,0,vlm_landmark,True,HIGH,False,6,97241265217eb4b08e26fb718eb21f40,0fd61f9e82e8fe6991f0311014384e0c,data/session_e/day2_20260821/20260821_132911/mission_1_radiator/start.jpg,data/session_e/day2_20260821/20260821_132911/mission_1_radiator/finish.jpg
E,day2_20260821,20260821_133032,data/session_e/day2_20260821/logs/audit_20260821_133032.jsonl,xplorer-b,1,2026-08-21T10:31:13+00:00,2.1,v4.8-review,E7,,S-P1,1,Take me to stay on a chair.,L3a_deterministic,5,15,junction_e1,15,mission_complete,True,0.168,7.484,2.1535,1.6895,-1.6497,6.55,4.6319,1.5697,True,0.086334,0.4570484161376953,0.0,36.87,0,vlm_landmark,True,HIGH,False,6,97241265217eb4b08e26fb718eb21f40,0fd61f9e82e8fe6991f0311014384e0c,data/session_e/day2_20260821/20260821_133032/mission_1_junction_e1/start.jpg,data/session_e/day2_20260821/20260821_133032/mission_1_junction_e1/finish.jpg
E,day2_20260821,20260821_133151,data/session_e/day2_20260821/logs/audit_20260821_133151.jsonl,xplorer-b,1,2026-08-21T10:32:13+00:00,2.1,v4.8-review,E7,,S-P2,1,I'm waiting for someone.,escalated,,,,9,vlm_failed,,,,,,,,,,,,0.4642009735107422,,,0,,,,,6,97241265217eb4b08e26fb718eb21f40,0fd61f9e82e8fe6991f0311014384e0c,,
E,day2_20260821,20260821_133316,data/session_e/day2_20260821/logs/audit_20260821_133316.jsonl,xplorer-b,1,2026-08-21T10:33:59+00:00,2.1,v4.8-review,E7,,S-P3,1,I need to rest a bit.,L3b_vlm,,9,radiator,9,mission_complete,True,0.184,4.482,2.2525,1.6055,-1.7847,4.4592,-0.6209,-1.5282,True,0.070672,0.35881996154785156,7032.489538192749,31.72,0,vlm_landmark,True,HIGH,False,6,97241265217eb4b08e26fb718eb21f40,0fd61f9e82e8fe6991f0311014384e0c,data/session_e/day2_20260821/20260821_133316/mission_1_radiator/start.jpg,data/session_e/day2_20260821/20260821_133316/mission_1_radiator/finish.jpg
E,day2_20260821,20260821_133431,data/session_e/day2_20260821/logs/audit_20260821_133431.jsonl,xplorer-b,1,2026-08-21T10:35:19+00:00,2.1,v4.8-review,E7,,S-P4,1,I'm tired.,L3b_vlm,,9,radiator,9,mission_complete,True,0.201,4.861,2.2042,1.671,-1.6966,4.5619,-0.6083,-1.5862,True,0.07053,0.4611015319824219,11315.798282623291,33.53,0,vlm_landmark,True,HIGH,False,6,97241265217eb4b08e26fb718eb21f40,0fd61f9e82e8fe6991f0311014384e0c,data/session_e/day2_20260821/20260821_133431/mission_1_radiator/start.jpg,data/session_e/day2_20260821/20260821_133431/mission_1_radiator/finish.jpg
E,day2_20260821,20260821_133600,data/session_e/day2_20260821/logs/audit_20260821_133600.jsonl,xplorer-b,1,2026-08-21T10:36:56+00:00,2.1,v4.8-review,E7,,W-P1,1,"Take me to a window, please.",L3b_vlm,,14,plant_5,14,mission_complete,True,0.166,8.018,2.1581,1.6859,-1.6689,6.5489,5.2342,1.4675,True,0.07385,0.47659873962402344,11378.281354904175,40.71,0,vlm_landmark,True,HIGH,False,6,97241265217eb4b08e26fb718eb21f40,0fd61f9e82e8fe6991f0311014384e0c,data/session_e/day2_20260821/20260821_133600/mission_1_plant_5/start.jpg,data/session_e/day2_20260821/20260821_133600/mission_1_plant_5/finish.jpg
E,day2_20260821,20260821_133732,data/session_e/day2_20260821/logs/audit_20260821_133732.jsonl,xplorer-b,1,2026-08-21T10:38:24+00:00,2.1,v4.8-review,E7,,W-P2,1,I'm looking for a plant or sunlight.,L3b_vlm,,14,plant_5,13,mission_complete,True,0.157,8.054,2.2735,1.6283,-1.7392,6.5819,5.2463,1.4964,True,0.078184,0.5085468292236328,11717.191934585571,38.52,0,vlm_landmark,True,HIGH,False,6,97241265217eb4b08e26fb718eb21f40,0fd61f9e82e8fe6991f0311014384e0c,data/session_e/day2_20260821/20260821_133732/mission_1_plant_5/start.jpg,data/session_e/day2_20260821/20260821_133732/mission_1_plant_5/finish.jpg
E,day2_20260821,20260821_133902,data/session_e/day2_20260821/logs/audit_20260821_133902.jsonl,xplorer-b,1,2026-08-21T10:39:54+00:00,2.1,v4.8-review,E7,,W-P3,1,Where can I get some fresh air?,L3b_vlm,,14,plant_5,14,mission_complete,True,0.149,8.118,2.2285,1.6317,-1.7115,6.5542,5.2513,1.5485,True,0.092041,0.4944801330566406,11066.946029663086,38.8,0,vlm_landmark,True,HIGH,False,6,97241265217eb4b08e26fb718eb21f40,0fd61f9e82e8fe6991f0311014384e0c,data/session_e/day2_20260821/20260821_133902/mission_1_plant_5/start.jpg,data/session_e/day2_20260821/20260821_133902/mission_1_plant_5/finish.jpg
E,day2_20260821,20260821_134044,data/session_e/day2_20260821/logs/audit_20260821_134044.jsonl,xplorer-b,1,2026-08-21T10:41:34+00:00,2.1,v4.8-review,E7,,W-P4,1,Where can I relax a bit?,L3b_vlm,,9,radiator,9,mission_complete,True,0.209,4.8,2.4406,1.5156,-1.7039,4.5217,-0.5923,-1.457,True,0.073082,0.9682178497314453,11599.400043487549,31.55,0,vlm_landmark,True,HIGH,False,6,97241265217eb4b08e26fb718eb21f40,0fd61f9e82e8fe6991f0311014384e0c,data/session_e/day2_20260821/20260821_134044/mission_1_radiator/start.jpg,data/session_e/day2_20260821/20260821_134044/mission_1_radiator/finish.jpg
E,day2_20260821,20260821_134202,data/session_e/day2_20260821/logs/audit_20260821_134202.jsonl,xplorer-b,1,2026-08-21T10:43:20+00:00,2.1,v4.8-review,E7,,P-P1,1,Show me a flower.,L3b_vlm,,13,plant_4,13,mission_complete,True,0.174,9.414,2.3466,1.6137,-1.6589,7.7557,5.5648,1.5467,True,0.120762,0.47135353088378906,11556.919813156128,63.62,0,vlm_landmark,True,HIGH,False,6,97241265217eb4b08e26fb718eb21f40,0fd61f9e82e8fe6991f0311014384e0c,data/session_e/day2_20260821/20260821_134202/mission_1_plant_4/start.jpg,data/session_e/day2_20260821/20260821_134202/mission_1_plant_4/finish.jpg
E,day2_20260821,20260821_134402,data/session_e/day2_20260821/logs/audit_20260821_134402.jsonl,xplorer-b,1,2026-08-21T10:45:03+00:00,2.1,v4.8-review,E7,,P-P2,1,Take me to a green zone.,L3b_vlm,,20,plant_2,13,mission_complete,True,0.57,7.285,2.2953,1.5655,-1.7323,6.4407,-1.0084,-1.6231,True,0.143218,0.3886222839355469,15172.039031982422,41.67,0,vlm_landmark,True,HIGH,False,6,97241265217eb4b08e26fb718eb21f40,0fd61f9e82e8fe6991f0311014384e0c,data/session_e/day2_20260821/20260821_134402/mission_1_plant_2/start.jpg,data/session_e/day2_20260821/20260821_134402/mission_1_plant_2/finish.jpg
E,day2_20260821,20260821_134532,data/session_e/day2_20260821/logs/audit_20260821_134532.jsonl,xplorer-b,1,2026-08-21T10:46:18+00:00,2.1,v4.8-review,E7,,P-P3,1,Where can I refresh?,L3b_vlm,,9,radiator,14,mission_complete,True,0.2,4.682,2.2303,1.6051,-1.7332,4.3776,-0.6418,-1.5818,True,0.058303,0.4436969757080078,11410.037279129028,32.02,0,vlm_landmark,True,HIGH,False,6,97241265217eb4b08e26fb718eb21f40,0fd61f9e82e8fe6991f0311014384e0c,data/session_e/day2_20260821/20260821_134532/mission_1_radiator/start.jpg,data/session_e/day2_20260821/20260821_134532/mission_1_radiator/finish.jpg
E,day2_20260821,20260821_134645,data/session_e/day2_20260821/logs/audit_20260821_134645.jsonl,xplorer-b,1,2026-08-21T10:46:58+00:00,2.1,v4.8-review,E7,,P-P4,1,I'm looking for a green spot.,escalated,,,,13,vlm_failed,,,,,,,,,,,,1.0256767272949219,,,0,,,,,6,97241265217eb4b08e26fb718eb21f40,0fd61f9e82e8fe6991f0311014384e0c,,
E,day2_20260821,20260821_134743,data/session_e/day2_20260821/logs/audit_20260821_134743.jsonl,xplorer-b,1,2026-08-21T10:48:05+00:00,2.1,v4.8-review,E7,,H-P1,1,Where is the hall exit?,L3a_deterministic,2,2,hall_exit,2,mission_complete,True,0.187,3.067,2.1767,1.647,-1.6523,0.6861,3.1793,3.1007,True,0.056223,0.28634071350097656,0.0,16.69,0,,,,False,6,97241265217eb4b08e26fb718eb21f40,0fd61f9e82e8fe6991f0311014384e0c,data/session_e/day2_20260821/20260821_134743/mission_1_hall_exit/start.jpg,
E,day2_20260821,20260821_134844,data/session_e/day2_20260821/logs/audit_20260821_134844.jsonl,xplorer-b,1,2026-08-21T10:49:25+00:00,2.1,v4.8-review,E7,,H-P2,1,I need to go to the other location.,L3b_vlm,,9,radiator,,mission_complete,True,0.162,5.127,2.1308,1.7215,-1.4316,4.5526,-0.6472,-1.3999,True,0.043169,0.49185752868652344,7375.98991394043,30.22,0,vlm_landmark,True,HIGH,False,6,97241265217eb4b08e26fb718eb21f40,0fd61f9e82e8fe6991f0311014384e0c,data/session_e/day2_20260821/20260821_134844/mission_1_radiator/start.jpg,data/session_e/day2_20260821/20260821_134844/mission_1_radiator/finish.jpg
E,day2_20260821,20260821_135001,data/session_e/day2_20260821/logs/audit_20260821_135001.jsonl,xplorer-b,1,2026-08-21T10:50:16+00:00,2.1,v4.8-review,E7,,H-P3,1,I need to go out.,escalated,,,,1,vlm_failed,,,,,,,,,,,,0.4792213439941406,,,0,,,,,6,97241265217eb4b08e26fb718eb21f40,0fd61f9e82e8fe6991f0311014384e0c,,
E,day2_20260821,20260821_135113,data/session_e/day2_20260821/logs/audit_20260821_135113.jsonl,xplorer-b,1,2026-08-21T10:51:40+00:00,2.1,v4.8-review,E7,,H-P4,1,I'm ready to move away.,L3b_vlm,,9,radiator,1,missed,False,1.967,3.042,2.1522,1.7198,-1.6851,4.4998,1.1671,-1.4582,True,0.021851,0.4906654357910156,6813.066482543945,14.04,0,,,,False,6,97241265217eb4b08e26fb718eb21f40,0fd61f9e82e8fe6991f0311014384e0c,data/session_e/day2_20260821/20260821_135113/mission_1_radiator/start.jpg,
E,day2_20260821,20260821_135113,data/session_e/day2_20260821/logs/audit_20260821_135113.jsonl,xplorer-b,2,2026-08-21T10:52:12+00:00,2.1,v4.8-review,E7,,H-P4,1,I'm ready to move away.,L3b_vlm,,9,radiator,1,mission_complete,True,0.183,1.927,4.4998,1.1671,-1.4582,4.3263,-0.7418,-1.4181,True,0.025602,0.3104209899902344,7575.667858123779,24.29,0,vlm_landmark,True,HIGH,False,6,97241265217eb4b08e26fb718eb21f40,0fd61f9e82e8fe6991f0311014384e0c,data/session_e/day2_20260821/20260821_135113/mission_2_radiator/start.jpg,data/session_e/day2_20260821/20260821_135113/mission_2_radiator/finish.jpg
E,day2_20260821,20260821_135311,data/session_e/day2_20260821/logs/audit_20260821_135311.jsonl,xplorer-b,1,2026-08-21T10:53:57+00:00,2.1,v4.8-review,E7,,G-1,1,Where is the class lab?,L3b_vlm,,5,cb204,5,mission_complete,True,0.175,3.288,2.2602,1.7225,-1.3826,2.1537,4.6309,1.5562,True,0.05038,0.4565715789794922,11687.854528427124,31.65,0,vlm_contextual,True,HIGH,False,6,97241265217eb4b08e26fb718eb21f40,0fd61f9e82e8fe6991f0311014384e0c,data/session_e/day2_20260821/20260821_135311/mission_1_cb204/start.jpg,data/session_e/day2_20260821/20260821_135311/mission_1_cb204/finish.jpg
E,day2_20260821,20260821_135419,data/session_e/day2_20260821/logs/audit_20260821_135419.jsonl,xplorer-b,1,2026-08-21T10:55:18+00:00,2.1,v4.8-review,E7,,G-2,1,I want to wait for someone who is finishing the lab in CB203.,L3b_vlm,,23,cb203_exit,23,mission_complete,True,0.285,7.924,2.2645,1.6394,-1.53,7.9386,3.557,3.0948,True,0.073685,1.287221908569336,11584.326028823853,42.32,0,vlm_contextual,True,HIGH,False,6,97241265217eb4b08e26fb718eb21f40,0fd61f9e82e8fe6991f0311014384e0c,data/session_e/day2_20260821/20260821_135419/mission_1_cb203_exit/start.jpg,data/session_e/day2_20260821/20260821_135419/mission_1_cb203_exit/finish.jpg
E,day2_20260821,20260821_135551,data/session_e/day2_20260821/logs/audit_20260821_135551.jsonl,xplorer-b,1,2026-08-21T10:56:33+00:00,2.1,v4.8-review,E7,,G-3,1,Where is the H sign?,L3a_deterministic,5,23,cb203_exit,,mission_complete,True,0.431,7.999,2.3729,1.4418,-1.7332,7.7695,3.6512,3.1028,True,0.067551,0.5004405975341797,0.0,39.07,0,vlm_contextual,True,HIGH,False,6,97241265217eb4b08e26fb718eb21f40,0fd61f9e82e8fe6991f0311014384e0c,data/session_e/day2_20260821/20260821_135551/mission_1_cb203_exit/start.jpg,data/session_e/day2_20260821/20260821_135551/mission_1_cb203_exit/finish.jpg
E,day2_20260821,20260821_135704,data/session_e/day2_20260821/logs/audit_20260821_135704.jsonl,xplorer-b,1,2026-08-21T10:57:43+00:00,2.1,v4.8-review,E7,,G-4,1,Where is the closest chair?,L3a_deterministic,5,15,junction_e1,15,mission_complete,True,0.093,7.389,2.5383,1.588,-1.6662,6.6051,4.725,1.6683,True,0.063896,0.3750324249267578,0.0,34.29,0,vlm_landmark,True,HIGH,False,6,97241265217eb4b08e26fb718eb21f40,0fd61f9e82e8fe6991f0311014384e0c,data/session_e/day2_20260821/20260821_135704/mission_1_junction_e1/start.jpg,data/session_e/day2_20260821/20260821_135704/mission_1_junction_e1/finish.jpg
E,day2_20260821,20260821_140457,data/session_e/day2_20260821/logs/audit_20260821_140457.jsonl,xplorer-b,1,2026-08-21T11:05:47+00:00,2.1,v4.8-review,E6,,AB-S1,1,go to a place to take a short break for personal needs,L3b_vlm,,9,radiator,,mission_complete,True,0.213,4.417,2.3772,1.474,-1.6932,4.652,-0.6507,-1.5375,True,0.020947,1.3914108276367188,10126.092195510864,33.53,0,vlm_landmark,True,HIGH,False,0,,,data/session_e/day2_20260821/20260821_140457/mission_1_radiator/start.jpg,data/session_e/day2_20260821/20260821_140457/mission_1_radiator/finish.jpg
E,day2_20260821,20260821_140856,data/session_e/day2_20260821/logs/audit_20260821_140856.jsonl,xplorer-b,1,2026-08-21T11:09:48+00:00,2.1,v4.8-review,E6,,AB-S3o,1,"It is too hot in here, take me somewhere I can get some fresh air",L3b_vlm,,15,junction_e1,,mission_complete,True,0.196,7.558,2.2393,1.6465,-1.7224,6.4789,4.6175,1.6702,True,0.075542,0.6821155548095703,11164.108991622925,36.24,0,vlm_landmark,True,HIGH,False,0,,,data/session_e/day2_20260821/20260821_140856/mission_1_junction_e1/start.jpg,data/session_e/day2_20260821/20260821_140856/mission_1_junction_e1/finish.jpg
E,day2_20260821,20260821_142326,data/session_e/day2_20260821/logs/audit_20260821_142326.jsonl,xplorer-c,1,2026-08-21T11:24:19+00:00,2.1,v4.8-review,E6,,AB-S1,1,go to a place to take a short break for personal needs,L3b_vlm,,9,radiator,,mission_complete,True,0.137,7.14,2.1767,4.062,-1.741,4.4753,-0.6652,-1.5246,True,0.046822,0.5309581756591797,10270.368576049805,36.74,0,vlm_landmark,True,HIGH,False,0,,,data/session_e/day2_20260821/20260821_142326/mission_1_radiator/start.jpg,data/session_e/day2_20260821/20260821_142326/mission_1_radiator/finish.jpg
E,day2_20260821,20260821_142441,data/session_e/day2_20260821/logs/audit_20260821_142441.jsonl,xplorer-c,1,2026-08-21T11:25:35+00:00,2.1,v4.8-review,E6,,AB-S3o,1,"It is too hot in here, take me somewhere I can get some fresh air",L3b_vlm,,15,junction_e1,,mission_complete,True,0.16,7.727,2.2926,1.6723,-1.6853,6.4305,4.694,1.4756,True,0.144351,0.701904296875,11605.572938919067,40.84,0,vlm_landmark,False,MEDIUM,False,0,,,data/session_e/day2_20260821/20260821_142441/mission_1_junction_e1/start.jpg,data/session_e/day2_20260821/20260821_142441/mission_1_junction_e1/finish.jpg
E,day2_20260821,20260821_143549,data/session_e/day2_20260821/logs/audit_20260821_143549.jsonl,xplorer-c,1,2026-08-21T11:36:23+00:00,2.1,v4.8-review,E4,E4.0,P1,0,take me to the place where deliveries arrive,L3b_vlm,,8,cb202,,mission_complete,True,0.144,1.712,2.2369,1.6608,-1.5298,2.1984,0.1441,-1.5923,True,0.051982,0.408172607421875,10365.18144607544,20.11,0,vlm_landmark,True,HIGH,False,6,97241265217eb4b08e26fb718eb21f40,0fd61f9e82e8fe6991f0311014384e0c,data/session_e/day2_20260821/20260821_143549/mission_1_cb202/start.jpg,data/session_e/day2_20260821/20260821_143549/mission_1_cb202/finish.jpg
E,day2_20260821,20260821_143713,data/session_e/day2_20260821/logs/audit_20260821_143713.jsonl,xplorer-c,1,2026-08-21T11:38:15+00:00,2.1,v4.8-review,E4,E4.0,P2,0,find me a quiet corner to read,L3b_vlm,,9,radiator,,mission_complete,True,0.168,4.699,2.1946,1.7265,-1.5729,4.3435,-0.7393,-1.5603,True,0.042681,0.400543212890625,11222.458124160767,48.32,0,vlm_landmark,True,HIGH,False,6,97241265217eb4b08e26fb718eb21f40,0fd61f9e82e8fe6991f0311014384e0c,data/session_e/day2_20260821/20260821_143713/mission_1_radiator/start.jpg,data/session_e/day2_20260821/20260821_143713/mission_1_radiator/finish.jpg
E,day2_20260821,20260821_143913,data/session_e/day2_20260821/logs/audit_20260821_143913.jsonl,xplorer-c,1,2026-08-21T11:39:46+00:00,2.1,v4.8-review,E4,E4.1,P1,1,take me to the place where deliveries arrive,L3b_vlm,,10,junction_s1,,mission_complete,True,0.164,4.02,2.1657,1.4566,-1.4275,4.3977,0.1286,-1.5348,True,0.040762,0.4749298095703125,10986.968755722046,19.29,0,,,,False,6,97241265217eb4b08e26fb718eb21f40,0fd61f9e82e8fe6991f0311014384e0c,data/session_e/day2_20260821/20260821_143913/mission_1_junction_s1/start.jpg,
E,day2_20260821,20260821_144018,data/session_e/day2_20260821/logs/audit_20260821_144018.jsonl,xplorer-c,1,2026-08-21T11:41:01+00:00,2.1,v4.8-review,E4,E4.1,P2,1,find me a quiet corner to read,L3b_vlm,,9,radiator,,mission_complete,True,0.176,4.437,2.3737,1.5088,-1.6107,4.3757,-0.6754,-1.5431,True,0.054459,0.46181678771972656,6899.555683135986,32.6,0,vlm_landmark,True,HIGH,False,6,97241265217eb4b08e26fb718eb21f40,0fd61f9e82e8fe6991f0311014384e0c,data/session_e/day2_20260821/20260821_144018/mission_1_radiator/start.jpg,data/session_e/day2_20260821/20260821_144018/mission_1_radiator/finish.jpg
E,day2_20260821,20260821_144154,data/session_e/day2_20260821/logs/audit_20260821_144154.jsonl,xplorer-c,1,2026-08-21T11:42:16+00:00,2.1,v4.8-review,E4,E4.1,P1,2,take me to the place where deliveries arrive,escalated,,,,,vlm_failed,,,,,,,,,,,,0.4582405090332031,,,0,,,,,6,97241265217eb4b08e26fb718eb21f40,0fd61f9e82e8fe6991f0311014384e0c,,
E,day2_20260821,20260821_144333,data/session_e/day2_20260821/logs/audit_20260821_144333.jsonl,xplorer-c,1,2026-08-21T11:44:25+00:00,2.1,v4.8-review,E4,E4.1,P2,2,find me a quiet corner to read,L3b_vlm,,15,junction_e1,,mission_complete,True,0.201,7.838,2.2573,1.635,-1.6701,6.4107,4.6555,1.5719,True,0.135177,0.5049705505371094,6853.448152542114,39.44,0,vlm_landmark,True,HIGH,False,6,97241265217eb4b08e26fb718eb21f40,0fd61f9e82e8fe6991f0311014384e0c,data/session_e/day2_20260821/20260821_144333/mission_1_junction_e1/start.jpg,data/session_e/day2_20260821/20260821_144333/mission_1_junction_e1/finish.jpg
E,day2_20260821,20260821_144452,data/session_e/day2_20260821/logs/audit_20260821_144452.jsonl,xplorer-c,1,2026-08-21T11:45:28+00:00,2.1,v4.8-review,E4,E4.1,P1,3,take me to the place where deliveries arrive,L3b_vlm,,10,junction_s1,,mission_complete,True,0.133,3.682,2.5095,1.562,-1.5401,4.3898,0.0748,-1.4746,True,0.054702,0.3902912139892578,11304.104566574097,19.08,0,,,,False,6,97241265217eb4b08e26fb718eb21f40,0fd61f9e82e8fe6991f0311014384e0c,data/session_e/day2_20260821/20260821_144452/mission_1_junction_s1/start.jpg,
E,day2_20260821,20260821_144613,data/session_e/day2_20260821/logs/audit_20260821_144613.jsonl,xplorer-c,1,2026-08-21T11:46:53+00:00,2.1,v4.8-review,E4,E4.1,P2,3,find me a quiet corner to read,L3b_vlm,,9,radiator,,mission_complete,True,0.136,4.444,2.3138,1.6548,-1.4048,4.4719,-0.6669,-1.4671,True,0.064236,0.46324729919433594,6926.346778869629,30.53,0,vlm_landmark,True,HIGH,False,6,97241265217eb4b08e26fb718eb21f40,0fd61f9e82e8fe6991f0311014384e0c,data/session_e/day2_20260821/20260821_144613/mission_1_radiator/start.jpg,data/session_e/day2_20260821/20260821_144613/mission_1_radiator/finish.jpg
E,day2_20260821,20260821_144722,data/session_e/day2_20260821/logs/audit_20260821_144722.jsonl,xplorer-c,1,2026-08-21T11:48:08+00:00,2.1,v4.8-review,E4,E4.1,P1,4,take me to the place where deliveries arrive,L3b_vlm,,5,cb204,,mission_complete,True,0.128,3.793,2.4595,1.6057,-1.3148,2.211,4.6728,1.6461,True,0.038255,0.47516822814941406,11099.4713306427,29.31,0,vlm_contextual,True,HIGH,False,6,97241265217eb4b08e26fb718eb21f40,0fd61f9e82e8fe6991f0311014384e0c,data/session_e/day2_20260821/20260821_144722/mission_1_cb204/start.jpg,data/session_e/day2_20260821/20260821_144722/mission_1_cb204/finish.jpg
E,day2_20260821,20260821_144850,data/session_e/day2_20260821/logs/audit_20260821_144850.jsonl,xplorer-c,1,2026-08-21T11:49:40+00:00,2.1,v4.8-review,E4,E4.1,P2,4,find me a quiet corner to read,L3b_vlm,,9,radiator,,mission_complete,True,0.181,4.867,2.2344,1.5963,-1.603,4.4036,-0.6465,-1.5944,True,0.071802,0.4405975341796875,11269.80996131897,35.08,0,vlm_landmark,True,HIGH,False,6,97241265217eb4b08e26fb718eb21f40,0fd61f9e82e8fe6991f0311014384e0c,data/session_e/day2_20260821/20260821_144850/mission_1_radiator/start.jpg,data/session_e/day2_20260821/20260821_144850/mission_1_radiator/finish.jpg
E,day2_20260821,20260821_151342,data/session_e/day2_20260821/logs/audit_20260821_151342.jsonl,xplorer-b,1,2026-08-21T12:14:07+00:00,2.1,v4.8-review,E4,E4.0,P1,0,take me to the place where deliveries arrive,escalated,,,,,vlm_failed,,,,,,,,,,,,0.5476474761962891,,,0,,,,,6,97241265217eb4b08e26fb718eb21f40,0fd61f9e82e8fe6991f0311014384e0c,,
E,day2_20260821,20260821_151517,data/session_e/day2_20260821/logs/audit_20260821_151517.jsonl,xplorer-b,1,2026-08-21T12:15:27+00:00,2.1,v4.8-review,E4,E4.0,P2,0,find me a quiet corner to read,escalated,,,,,vlm_failed,,,,,,,,,,,,0.4355907440185547,,,0,,,,,6,97241265217eb4b08e26fb718eb21f40,0fd61f9e82e8fe6991f0311014384e0c,,
E,day2_20260821,20260821_151846,data/session_e/day2_20260821/logs/audit_20260821_151846.jsonl,xplorer-b,1,2026-08-21T12:18:57+00:00,2.1,v4.8-review,E4,E4.3,P1,1,take me to the place where deliveries arrive,escalated,,,,,vlm_failed,,,,,,,,,,,,0.3440380096435547,,,0,,,,,6,97241265217eb4b08e26fb718eb21f40,0fd61f9e82e8fe6991f0311014384e0c,,
E,day2_20260821,20260821_152359,data/session_e/day2_20260821/logs/audit_20260821_152359.jsonl,xplorer-b,1,2026-08-21T12:24:45+00:00,2.1,v4.8-review,E4,E4.3,P2,1,find me a quiet corner to read,L3b_vlm,,9,radiator,,mission_complete,True,0.177,5.128,2.1705,1.9148,-1.5594,4.6374,-0.6878,-1.5022,True,0.025993,0.45609474182128906,11392.818689346313,30.72,0,vlm_landmark,True,HIGH,False,6,97241265217eb4b08e26fb718eb21f40,0fd61f9e82e8fe6991f0311014384e0c,data/session_e/day2_20260821/20260821_152359/mission_1_radiator/start.jpg,data/session_e/day2_20260821/20260821_152359/mission_1_radiator/finish.jpg
E,day2_20260821,20260821_152524,data/session_e/day2_20260821/logs/audit_20260821_152524.jsonl,xplorer-b,1,2026-08-21T12:25:59+00:00,2.1,v4.8-review,E4,E4.3,P1,2,take me to the place where deliveries arrive,L3b_vlm,,8,cb202,,mission_complete,True,0.201,1.726,2.1878,1.6441,-1.7048,2.2456,0.1959,-1.572,True,0.053157,0.45228004455566406,11600.677490234375,20.7,0,vlm_landmark,True,HIGH,False,6,97241265217eb4b08e26fb718eb21f40,0fd61f9e82e8fe6991f0311014384e0c,data/session_e/day2_20260821/20260821_152524/mission_1_cb202/start.jpg,data/session_e/day2_20260821/20260821_152524/mission_1_cb202/finish.jpg
E,day2_20260821,20260821_152624,data/session_e/day2_20260821/logs/audit_20260821_152624.jsonl,xplorer-b,1,2026-08-21T12:27:08+00:00,2.1,v4.8-review,E4,E4.3,P2,2,find me a quiet corner to read,L3b_vlm,,9,radiator,,missed,False,2.6,1.287,2.1146,1.4303,-1.5148,2.1688,0.3519,-1.0801,True,0.023345,0.5433559417724609,11580.33561706543,27.31,0,,,,False,6,97241265217eb4b08e26fb718eb21f40,0fd61f9e82e8fe6991f0311014384e0c,data/session_e/day2_20260821/20260821_152624/mission_1_radiator/start.jpg,
E,day2_20260821,20260821_152624,data/session_e/day2_20260821/logs/audit_20260821_152624.jsonl,xplorer-b,2,2026-08-21T12:27:15+00:00,2.1,v4.8-review,E4,E4.3,P2,2,find me a quiet corner to read,escalated,,,,,vlm_failed,,,,,,,,,,,,0.28705596923828125,,,0,,,,,6,97241265217eb4b08e26fb718eb21f40,0fd61f9e82e8fe6991f0311014384e0c,,
E,day2_20260821,20260821_153019,data/session_e/day2_20260821/logs/audit_20260821_153019.jsonl,xplorer-b,1,2026-08-21T12:30:32+00:00,2.1,v4.8-review,E4,E4.3,P1,3,take me to the place where deliveries arrive,escalated,,,,,vlm_failed,,,,,,,,,,,,0.457763671875,,,0,,,,,6,97241265217eb4b08e26fb718eb21f40,0fd61f9e82e8fe6991f0311014384e0c,,
E,day2_20260821,20260821_153221,data/session_e/day2_20260821/logs/audit_20260821_153221.jsonl,xplorer-b,1,2026-08-21T12:32:34+00:00,2.1,v4.8-review,E4,E4.3,P2,3,find me a quiet corner to read,escalated,,,,,vlm_failed,,,,,,,,,,,,0.43129920959472656,,,0,,,,,6,97241265217eb4b08e26fb718eb21f40,0fd61f9e82e8fe6991f0311014384e0c,,
E,day2_20260821,20260821_153343,data/session_e/day2_20260821/logs/audit_20260821_153343.jsonl,xplorer-b,1,2026-08-21T12:34:01+00:00,2.1,v4.8-review,E4,E4.3,NEG1,1,I need to warm up,L3b_vlm,,9,radiator,,missed,False,2.544,1.444,2.28,1.6608,-1.7178,2.2714,0.4274,-1.2801,True,0.089517,0.3476142883300781,7118.171215057373,7.15,0,,,,False,6,97241265217eb4b08e26fb718eb21f40,0fd61f9e82e8fe6991f0311014384e0c,data/session_e/day2_20260821/20260821_153343/mission_1_radiator/start.jpg,
E,day2_20260821,20260821_153343,data/session_e/day2_20260821/logs/audit_20260821_153343.jsonl,xplorer-b,2,2026-08-21T12:34:38+00:00,2.1,v4.8-review,E4,E4.3,NEG1,1,I need to warm up,L3b_vlm,,9,radiator,,mission_complete,True,0.199,3.028,2.2714,0.4274,-1.2801,4.5453,-0.6062,-1.5294,True,0.020041,0.2846717834472656,6836.3096714019775,29.71,0,vlm_landmark,True,HIGH,False,6,97241265217eb4b08e26fb718eb21f40,0fd61f9e82e8fe6991f0311014384e0c,data/session_e/day2_20260821/20260821_153343/mission_2_radiator/start.jpg,data/session_e/day2_20260821/20260821_153343/mission_2_radiator/finish.jpg
E,day2_20260821,20260821_153503,data/session_e/day2_20260821/logs/audit_20260821_153503.jsonl,xplorer-b,1,2026-08-21T12:36:06+00:00,2.1,v4.8-review,E4,E4.3,NEG2,1,take me to the greenest corner of the building,L3b_vlm,,14,plant_5,,missed,False,2.462,5.606,2.3732,1.6449,-1.4929,5.7438,3.0742,1.2684,True,0.015722,0.41294097900390625,11782.205820083618,44.18,0,,,,False,6,97241265217eb4b08e26fb718eb21f40,0fd61f9e82e8fe6991f0311014384e0c,data/session_e/day2_20260821/20260821_153503/mission_1_plant_5/start.jpg,
E,day2_20260821,20260821_153503,data/session_e/day2_20260821/logs/audit_20260821_153503.jsonl,xplorer-b,2,2026-08-21T12:36:57+00:00,2.1,v4.8-review,E4,E4.3,NEG2,1,take me to the greenest corner of the building,L3b_vlm,,15,junction_e1,,mission_complete,True,0.091,2.012,5.7438,3.0742,1.2684,6.4607,4.8187,1.4254,True,0.036065,0.3075599670410156,8073.799133300781,42.79,0,vlm_landmark,True,HIGH,False,6,97241265217eb4b08e26fb718eb21f40,0fd61f9e82e8fe6991f0311014384e0c,data/session_e/day2_20260821/20260821_153503/mission_2_junction_e1/start.jpg,data/session_e/day2_20260821/20260821_153503/mission_2_junction_e1/finish.jpg
E,day2_20260821,20260821_164323,data/session_e/day2_20260821/logs/audit_20260821_164323.jsonl,xplorer-b,1,2026-08-21T13:44:27+00:00,2.1,v4.8-review,E5,,pair1,1,I need to use the restroom,L3b_vlm,,0,toilet_m,,mission_complete,True,0.162,3.704,0.4345,3.4518,-0.209,0.4974,0.1623,-3.0569,True,0.034182,0.4200935363769531,10072.315454483032,18.52,0,pose_based,True,HIGH,False,6,97241265217eb4b08e26fb718eb21f40,0fd61f9e82e8fe6991f0311014384e0c,data/session_e/day2_20260821/20260821_164323/mission_1_toilet_m/start.jpg,data/session_e/day2_20260821/20260821_164323/mission_1_toilet_m/finish.jpg
E,day2_20260821,20260821_164326,data/session_e/day2_20260821/logs/audit_20260821_164326.jsonl,xplorer-c,1,2026-08-21T13:44:41+00:00,2.1,v4.8-review,E5,,pair1,1,I would like to be near the plants,L3b_vlm,,15,junction_e1,,mission_complete,True,0.175,3.425,6.6595,1.6887,3.0233,6.5745,4.6269,1.5043,True,0.087414,0.4646778106689453,16873.939990997314,25.43,0,vlm_landmark,True,HIGH,False,6,97241265217eb4b08e26fb718eb21f40,0fd61f9e82e8fe6991f0311014384e0c,data/session_e/day2_20260821/20260821_164326/mission_1_junction_e1/start.jpg,data/session_e/day2_20260821/20260821_164326/mission_1_junction_e1/finish.jpg
E,day2_20260821,20260821_164941,data/session_e/day2_20260821/logs/audit_20260821_164941.jsonl,xplorer-b,1,2026-08-21T13:50:55+00:00,2.1,v4.8-review,E5,,pair2,1,point me to a restroom please,L3b_vlm,,0,toilet_m,,mission_complete,True,0.206,3.441,0.4869,3.1911,0.0455,0.367,0.1573,-2.9584,True,0.046599,0.48828125,17163.214445114136,17.94,0,pose_based,True,HIGH,False,6,97241265217eb4b08e26fb718eb21f40,0fd61f9e82e8fe6991f0311014384e0c,data/session_e/day2_20260821/20260821_164941/mission_1_toilet_m/start.jpg,data/session_e/day2_20260821/20260821_164941/mission_1_toilet_m/finish.jpg
E,day2_20260821,20260821_164945,data/session_e/day2_20260821/logs/audit_20260821_164945.jsonl,xplorer-c,1,2026-08-21T13:51:03+00:00,2.1,v4.8-review,E5,,pair2,1,take me next to a potted plant,L3b_vlm,,13,plant_4,,mission_complete,True,0.18,4.906,6.4256,1.7065,3.0453,7.5635,5.2819,1.5146,True,0.038399,0.4010200500488281,9032.225608825684,32.81,0,vlm_landmark,True,HIGH,False,6,97241265217eb4b08e26fb718eb21f40,0fd61f9e82e8fe6991f0311014384e0c,data/session_e/day2_20260821/20260821_164945/mission_1_plant_4/start.jpg,data/session_e/day2_20260821/20260821_164945/mission_1_plant_4/finish.jpg
E,day2_20260821,20260821_165317,data/session_e/day2_20260821/logs/audit_20260821_165317.jsonl,xplorer-b,1,2026-08-21T13:54:30+00:00,2.1,v4.8-review,E5,,pair3,1,I am looking for a restroom,L3b_vlm,,0,toilet_m,,mission_complete,True,0.172,3.846,0.3142,3.1426,0.0689,0.4432,0.1628,-3.0419,True,0.040803,0.3743171691894531,18920.483827590942,16.49,0,pose_based,True,HIGH,False,6,97241265217eb4b08e26fb718eb21f40,0fd61f9e82e8fe6991f0311014384e0c,data/session_e/day2_20260821/20260821_165317/mission_1_toilet_m/start.jpg,data/session_e/day2_20260821/20260821_165317/mission_1_toilet_m/finish.jpg
E,day2_20260821,20260821_165320,data/session_e/day2_20260821/logs/audit_20260821_165320.jsonl,xplorer-c,1,2026-08-21T13:54:40+00:00,2.1,v4.8-review,E5,,pair3,1,show me where the potted plants are,L3b_vlm,,14,plant_5,,mission_complete,True,0.119,4.116,6.4765,1.6903,-3.0502,6.5866,5.2863,1.4791,True,0.106651,0.3857612609863281,10792.560815811157,33.46,0,vlm_landmark,True,HIGH,False,6,97241265217eb4b08e26fb718eb21f40,0fd61f9e82e8fe6991f0311014384e0c,data/session_e/day2_20260821/20260821_165320/mission_1_plant_5/start.jpg,data/session_e/day2_20260821/20260821_165320/mission_1_plant_5/finish.jpg
E,day2_20260821,20260821_170007,data/session_e/day2_20260821/logs/audit_20260821_170007.jsonl,xplorer-b,1,2026-08-21T14:00:36+00:00,2.1,v4.8-review,E0,,AS,1,take me to cb202,L3a_deterministic,2,8,cb202,8,mission_complete,True,0.226,1.859,2.0257,1.8042,-1.4668,2.354,0.1651,-1.4344,True,0.062774,0.3592967987060547,0.0,18.91,0,vlm_landmark,False,LOW,False,6,97241265217eb4b08e26fb718eb21f40,0fd61f9e82e8fe6991f0311014384e0c,data/session_e/day2_20260821/20260821_170007/mission_1_cb202/start.jpg,data/session_e/day2_20260821/20260821_170007/mission_1_cb202/finish.jpg
E,day2_20260821,20260821_170226,data/session_e/day2_20260821/logs/audit_20260821_170226.jsonl,xplorer-c,1,2026-08-21T14:03:19+00:00,2.1,v4.8-review,E0,,AS,1,take me to cb202,L3a_deterministic,2,8,cb202,8,mission_complete,True,0.182,1.754,2.4482,1.662,-1.5863,2.164,0.1787,-1.5225,True,0.051898,0.385284423828125,0.0,16.56,0,vlm_landmark,True,HIGH,False,6,97241265217eb4b08e26fb718eb21f40,0fd61f9e82e8fe6991f0311014384e0c,data/session_e/day2_20260821/20260821_170226/mission_1_cb202/start.jpg,data/session_e/day2_20260821/20260821_170226/mission_1_cb202/finish.jpg
E,day2_20260821,20260821_172025,data/session_e/day2_20260821/logs/audit_20260821_172025.jsonl,xplorer-b,1,2026-08-21T14:21:12+00:00,2.1,v4.8-review,E4b,E4b.0,E4b-G,0,"my gloves are wet, where can I dry them",L3b_vlm,,9,radiator,,mission_complete,True,0.212,5.234,2.2435,2.2351,-1.6664,4.5539,-0.5949,-1.5363,True,0.020569,0.408172607421875,10062.046527862549,32.49,0,vlm_landmark,True,HIGH,False,6,97241265217eb4b08e26fb718eb21f40,0fd61f9e82e8fe6991f0311014384e0c,data/session_e/day2_20260821/20260821_172025/mission_1_radiator/start.jpg,data/session_e/day2_20260821/20260821_172025/mission_1_radiator/finish.jpg
E,day2_20260821,20260821_172417,data/session_e/day2_20260821/logs/audit_20260821_172417.jsonl,xplorer-c,1,2026-08-21T14:25:06+00:00,2.1,v4.8-review,E4b,E4b.1,E4b-G,1,"my gloves are wet, where can I dry them",L3b_vlm,,9,radiator,,mission_complete,True,0.119,4.99,2.2395,1.8,-1.5891,4.4949,-0.681,-1.4707,True,0.056179,0.4725456237792969,11265.657901763916,29.78,0,vlm_landmark,True,HIGH,False,6,97241265217eb4b08e26fb718eb21f40,0fd61f9e82e8fe6991f0311014384e0c,data/session_e/day2_20260821/20260821_172417/mission_1_radiator/start.jpg,data/session_e/day2_20260821/20260821_172417/mission_1_radiator/finish.jpg
E,day2_20260821,20260821_172547,data/session_e/day2_20260821/logs/audit_20260821_172547.jsonl,xplorer-c,1,2026-08-21T14:26:39+00:00,2.1,v4.8-review,E4b,E4b.1,E4b-G,2,"my gloves are wet, where can I dry them",L3b_vlm,,9,radiator,,mission_complete,True,0.176,4.785,2.2462,1.6967,-1.4241,4.416,-0.6453,-1.5893,True,0.04989,0.4239082336425781,11379.67562675476,33.85,0,vlm_landmark,True,HIGH,False,6,97241265217eb4b08e26fb718eb21f40,0fd61f9e82e8fe6991f0311014384e0c,data/session_e/day2_20260821/20260821_172547/mission_1_radiator/start.jpg,data/session_e/day2_20260821/20260821_172547/mission_1_radiator/finish.jpg
E,day2_20260821,20260821_172706,data/session_e/day2_20260821/logs/audit_20260821_172706.jsonl,xplorer-c,1,2026-08-21T14:28:01+00:00,2.1,v4.8-review,E4b,E4b.1,E4b-G,3,"my gloves are wet, where can I dry them",L3b_vlm,,9,radiator,,mission_complete,True,0.203,4.928,2.1243,1.5752,-1.3806,4.5159,-0.5981,-1.5386,True,0.053034,0.47278404235839844,11328.167915344238,33.22,0,vlm_landmark,True,HIGH,False,6,97241265217eb4b08e26fb718eb21f40,0fd61f9e82e8fe6991f0311014384e0c,data/session_e/day2_20260821/20260821_172706/mission_1_radiator/start.jpg,data/session_e/day2_20260821/20260821_172706/mission_1_radiator/finish.jpg
E,day2_20260821,20260821_172836,data/session_e/day2_20260821/logs/audit_20260821_172836.jsonl,xplorer-c,1,2026-08-21T14:29:23+00:00,2.1,v4.8-review,E4b,E4b.1,E4b-G,4,"my gloves are wet, where can I dry them",L3b_vlm,,9,radiator,,mission_complete,True,0.163,4.937,2.1696,1.6707,-1.3506,4.4483,-0.6449,-1.5512,True,0.05762,0.4525184631347656,11222.026586532593,32.08,0,vlm_landmark,True,HIGH,False,6,97241265217eb4b08e26fb718eb21f40,0fd61f9e82e8fe6991f0311014384e0c,data/session_e/day2_20260821/20260821_172836/mission_1_radiator/start.jpg,data/session_e/day2_20260821/20260821_172836/mission_1_radiator/finish.jpg
E,day2_20260821,20260821_173339,data/session_e/day2_20260821/logs/audit_20260821_173339.jsonl,xplorer-b,1,2026-08-21T14:34:38+00:00,2.1,v4.8-review,E4b,E4b.3,E4b-G,1,"my gloves are wet, where can I dry them",L3a_m3_preference,0,9,radiator,,mission_complete,True,0.186,7.314,2.2666,1.55,-1.4463,4.6566,-0.6994,-1.4241,True,0.023053,0.1010894775390625,0.0,46.12,0,vlm_landmark,True,HIGH,True,1,eca5dbc8061bc3fdafdc49e12bc2c900,5b3f14bc71a1896da5b29a4e655479fa,data/session_e/day2_20260821/20260821_173339/mission_1_radiator/start.jpg,data/session_e/day2_20260821/20260821_173339/mission_1_radiator/finish.jpg
E,day2_20260821,20260821_173514,data/session_e/day2_20260821/logs/audit_20260821_173514.jsonl,xplorer-b,1,2026-08-21T14:35:50+00:00,2.1,v4.8-review,E4b,E4b.3,E4b-G,2,"my gloves are wet, where can I dry them",L3a_m3_preference,0,9,radiator,,mission_complete,True,0.179,4.067,2.3297,1.5806,-1.3912,4.5719,-0.6361,-1.5494,True,0.027536,0.08535385131835938,0.0,27.22,0,vlm_landmark,True,HIGH,True,1,eca5dbc8061bc3fdafdc49e12bc2c900,5b3f14bc71a1896da5b29a4e655479fa,data/session_e/day2_20260821/20260821_173514/mission_1_radiator/start.jpg,data/session_e/day2_20260821/20260821_173514/mission_1_radiator/finish.jpg
E,day2_20260821,20260821_173618,data/session_e/day2_20260821/logs/audit_20260821_173618.jsonl,xplorer-b,1,2026-08-21T14:36:54+00:00,2.1,v4.8-review,E4b,E4b.3,E4b-G,3,"my gloves are wet, where can I dry them",L3a_m3_preference,0,9,radiator,,mission_complete,True,0.176,5.27,2.3264,1.5886,-1.5851,4.642,-0.6952,-1.5917,True,0.021516,0.09632110595703125,0.0,32.6,0,vlm_landmark,True,HIGH,True,1,eca5dbc8061bc3fdafdc49e12bc2c900,5b3f14bc71a1896da5b29a4e655479fa,data/session_e/day2_20260821/20260821_173618/mission_1_radiator/start.jpg,data/session_e/day2_20260821/20260821_173618/mission_1_radiator/finish.jpg
E,day2_20260821,20260821_173717,data/session_e/day2_20260821/logs/audit_20260821_173717.jsonl,xplorer-b,1,2026-08-21T14:37:47+00:00,2.1,v4.8-review,E4b,E4b.3,E4b-G,4,"my gloves are wet, where can I dry them",L3a_m3_preference,0,9,radiator,,mission_complete,True,0.186,4.589,2.1622,1.6381,-1.3868,4.6353,-0.6723,-1.5393,True,0.022662,0.12254714965820312,0.0,23.66,0,vlm_landmark,True,HIGH,True,1,eca5dbc8061bc3fdafdc49e12bc2c900,5b3f14bc71a1896da5b29a4e655479fa,data/session_e/day2_20260821/20260821_173717/mission_1_radiator/start.jpg,data/session_e/day2_20260821/20260821_173717/mission_1_radiator/finish.jpg
E,day2_20260821,20260821_173949,data/session_e/day2_20260821/logs/audit_20260821_173949.jsonl,xplorer-b,1,2026-08-21T14:41:27+00:00,2.1,v4.8-review,E4b,E4b.N,E4b-NEG,1,I need to warm up,L3b_vlm,,9,radiator,,mission_complete,True,0.186,6.242,2.2818,3.2236,-1.5572,4.5435,-0.6187,-1.4667,True,0.02447,0.3745555877685547,11530.44581413269,34.49,0,vlm_landmark,True,HIGH,False,1,eca5dbc8061bc3fdafdc49e12bc2c900,5b3f14bc71a1896da5b29a4e655479fa,data/session_e/day2_20260821/20260821_173949/mission_1_radiator/start.jpg,data/session_e/day2_20260821/20260821_173949/mission_1_radiator/finish.jpg
