dataset_path	source_path	source_mtime	bytes	md5	renamed	content_modified	sealed	in_delivered_archive
_outside_delivery/session_notes_day2_ro_superseded_draft.md	ziua2_20260821/NOTE_ziua2_20260821.md	2026-08-21T14:54:12	21526	4ce045a4f5355ff961455bb7f017e158	yes	no	no	no
_outside_delivery/terminals_xplorer_b_c_ro.txt	Terminale Xplorer B-C.txt	2026-08-21T15:14:14	2534	bdea3c661588e6db29662b48e0aad49d	yes	no	no	no
_source/MANIFEST_ro.txt	MANIFEST.txt	2026-08-21T17:51:58	2584	e0a9d1afe59d7238bf107d49ad4dcf01	yes	no	no	yes
_source/MD5SUMS_TOTAL.txt	MD5SUMS_TOTAL.txt	2026-08-21T17:52:06	112384	5f2fcf0160349129a8e19bff9dc58598	yes	no	no	yes
day1_20260820/CHECKSUMS_source.md5	ziua1_20260820/MD5SUMS.txt	2026-08-20T16:11:48	7201	c7e916f03de47cc289b544dc8e398d7c	yes	no	no	yes
day1_20260820/code/COMMITS.txt	ziua1_20260820/cod/COMMITS.txt	2026-08-20T16:11:24	204	b9526f5713eead7c8287c56ce52cf3b3	yes	no	no	yes
day1_20260820/code/executive_contract.py	ziua1_20260820/cod/executive_contract.py	2026-04-17T14:59:58	17204	bcb689f790c8d40d0ed0b8176be30b3e	yes	no	no	yes
day1_20260820/code/memory_extractor.py	ziua1_20260820/cod/memory_extractor.py	2026-08-19T11:17:26	35175	53c872c5cf35e7c9d452e383ea9a5c40	yes	no	no	yes
day1_20260820/code/negation_guard.py	ziua1_20260820/cod/negation_guard.py	2026-08-19T11:32:04	11527	5ed4735a5a61b98e58c454d61ca77ef0	yes	no	no	yes
day1_20260820/code/sas_l3a.py	ziua1_20260820/cod/sas_l3a.py	2026-08-18T15:03:30	13807	d100d7c0794b62554ce96ff71853c055	yes	no	no	yes
day1_20260820/code/sas_text.py	ziua1_20260820/cod/sas_text.py	2026-08-19T11:17:26	8268	1a565713c579496b29692d22f03a5a2c	yes	no	no	yes
day1_20260820/code/test_regression_v4_8_review.py	ziua1_20260820/cod/test_regression_v4_8_review.py	2026-08-19T11:32:04	13070	dadfe183c87575ca9180ce27ec352af3	yes	no	no	yes
day1_20260820/code/visual_confirmation_v2.py	ziua1_20260820/cod/visual_confirmation_v2.py	2026-08-18T15:03:30	8263	2e10f873cfc429c99425ca908bb64a88	yes	no	no	yes
day1_20260820/code/vlm_navigator_node_v4_8_review.py	ziua1_20260820/cod/vlm_navigator_node_v4_8_review.py	2026-08-19T10:20:18	91774	8ca95d15f108dab06b4f183bcb52e332	yes	no	no	yes
day1_20260820/config/digest_hashes.txt	ziua1_20260820/config/digest_hashes.txt	2026-08-20T16:11:24	183	6d43c6e4a68ef44864b6fe554cbd48a2	yes	no	no	yes
day1_20260820/config/memory_digest.json	ziua1_20260820/config/memory_digest.json	2026-04-24T17:41:54	1844	97241265217eb4b08e26fb718eb21f40	yes	no	no	yes
day1_20260820/config/route_graph_fiir.geojson	ziua1_20260820/config/route_graph_fiir.geojson	2026-08-18T18:28:52	16549	440522bc9f0c32997698310f680bfb89	yes	no	yes	yes
day1_20260820/config/semantic_objects_static_v2.geojson	ziua1_20260820/config/semantic_objects_static_v2.geojson	2026-08-17T15:41:18	13293	2e48375071c0e4ea7cd38c0e48ef97c5	yes	no	no	yes
day1_20260820/dynamic_graph_archive/20260820_0912_ubuntu.geojson	ziua1_20260820/dyn_arhiva/20260820_0912_ubuntu.geojson	2026-08-20T16:11:48	208325	ccfbe4297d86003d2efb825bac256586	yes	no	no	yes
day1_20260820/dynamic_graph_archive/20260820_1152_saim-desktop.geojson	ziua1_20260820/dyn_arhiva/20260820_1152_saim-desktop.geojson	2026-08-20T16:11:44	287041	08c281b83be0dd5bc1e29392083e5726	yes	no	no	yes
day1_20260820/dynamic_graph_archive/20260820_1157_ubuntu.geojson	ziua1_20260820/dyn_arhiva/20260820_1157_ubuntu.geojson	2026-08-20T16:11:48	7987	0737dc438bf24b7376aa88ea4054c7cd	yes	no	no	yes
day1_20260820/dynamic_graph_archive/20260820_1158_ubuntu.geojson	ziua1_20260820/dyn_arhiva/20260820_1158_ubuntu.geojson	2026-08-20T16:11:48	236	b848dba6627c57b855c7d0150d8aa277	yes	no	no	yes
day1_20260820/dynamic_graph_archive/20260820_1532_saim-desktop.geojson	ziua1_20260820/dyn_arhiva/20260820_1532_saim-desktop.geojson	2026-08-20T16:11:44	29933	be85e6bbc757960e08b96a7f4c012b7c	yes	no	no	yes
day1_20260820/git_head.txt	ziua1_20260820/git_head.txt	2026-08-20T16:11:24	204	b9526f5713eead7c8287c56ce52cf3b3	yes	no	no	yes
day1_20260820/git_status.txt	ziua1_20260820/git_status.txt	2026-08-20T16:11:24	0	d41d8cd98f00b204e9800998ecf8427e	yes	no	no	yes
day1_20260820/logs/20260820_115934/mission_1_cb202/finish.jpg	ziua1_20260820/logs/20260820_115934/mission_1_cb202/finish.jpg	2026-08-20T12:00:10	85047	25292069068d8a731d2ccdbb17876b5c	yes	no	no	yes
day1_20260820/logs/20260820_115934/mission_1_cb202/start.jpg	ziua1_20260820/logs/20260820_115934/mission_1_cb202/start.jpg	2026-08-20T12:00:00	77396	d50f68bb6dcf5fb98f933908b5db04c5	yes	no	no	yes
day1_20260820/logs/20260820_115934/mission_1_cb202/vlm_confirmation_prompt.txt	ziua1_20260820/logs/20260820_115934/mission_1_cb202/vlm_confirmation_prompt.txt	2026-08-20T12:00:10	639	1e750e376384b9018b536a1728d123ae	yes	no	no	yes
day1_20260820/logs/20260820_115934/mission_1_cb202/vlm_confirmation_response.txt	ziua1_20260820/logs/20260820_115934/mission_1_cb202/vlm_confirmation_response.txt	2026-08-20T12:00:24	530	ccc76434a26f8900b0c327ae3aa2881b	yes	no	no	yes
day1_20260820/logs/20260820_121926/mission_1_cb202/finish.jpg	ziua1_20260820/logs/20260820_121926/mission_1_cb202/finish.jpg	2026-08-20T12:19:52	87849	e69e4eec5270d918ecf0b081938b7589	yes	no	no	yes
day1_20260820/logs/20260820_121926/mission_1_cb202/start.jpg	ziua1_20260820/logs/20260820_121926/mission_1_cb202/start.jpg	2026-08-20T12:19:38	82618	da50e868f22f4a2bacf991e96445f850	yes	no	no	yes
day1_20260820/logs/20260820_121926/mission_1_cb202/vlm_confirmation_prompt.txt	ziua1_20260820/logs/20260820_121926/mission_1_cb202/vlm_confirmation_prompt.txt	2026-08-20T12:19:52	639	1e750e376384b9018b536a1728d123ae	yes	no	no	yes
day1_20260820/logs/20260820_121926/mission_1_cb202/vlm_confirmation_response.txt	ziua1_20260820/logs/20260820_121926/mission_1_cb202/vlm_confirmation_response.txt	2026-08-20T12:20:02	320	d71cfb01eab061fbe69fe5cd27925261	yes	no	no	yes
day1_20260820/logs/20260820_122950/mission_1_toilet_m/finish.jpg	ziua1_20260820/logs/20260820_122950/mission_1_toilet_m/finish.jpg	2026-08-20T12:30:18	77074	83b965a55ed67ffe0d87b9079abd7e17	yes	no	no	yes
day1_20260820/logs/20260820_122950/mission_1_toilet_m/start.jpg	ziua1_20260820/logs/20260820_122950/mission_1_toilet_m/start.jpg	2026-08-20T12:30:02	80213	63dbbfd3b93ab5dc304c8f5ea81a2f7f	yes	no	no	yes
day1_20260820/logs/20260820_123127/mission_1_hall_entry/start.jpg	ziua1_20260820/logs/20260820_123127/mission_1_hall_entry/start.jpg	2026-08-20T12:31:36	80320	f5fceb77407f836947761b13153639f1	yes	no	no	yes
day1_20260820/logs/20260820_123233/mission_1_hall_exit/start.jpg	ziua1_20260820/logs/20260820_123233/mission_1_hall_exit/start.jpg	2026-08-20T12:32:40	78352	5bb34d471541ffb491b06ed9dc6bb03d	yes	no	no	yes
day1_20260820/logs/20260820_123335/mission_1_toilet_f/finish.jpg	ziua1_20260820/logs/20260820_123335/mission_1_toilet_f/finish.jpg	2026-08-20T12:34:16	84488	6b43fc27347f786729d565df048893fa	yes	no	no	yes
day1_20260820/logs/20260820_123335/mission_1_toilet_f/start.jpg	ziua1_20260820/logs/20260820_123335/mission_1_toilet_f/start.jpg	2026-08-20T12:33:40	80411	05e58dfafa82730440c3119afa9ba8f5	yes	no	no	yes
day1_20260820/logs/20260820_123503/mission_1_cb204/finish.jpg	ziua1_20260820/logs/20260820_123503/mission_1_cb204/finish.jpg	2026-08-20T12:35:34	90255	74448bf2a2f362dca5993f588f0f60d3	yes	no	no	yes
day1_20260820/logs/20260820_123503/mission_1_cb204/start.jpg	ziua1_20260820/logs/20260820_123503/mission_1_cb204/start.jpg	2026-08-20T12:35:14	79053	4a3bc365ee81c9bb13f450c1d92c33ee	yes	no	no	yes
day1_20260820/logs/20260820_123503/mission_1_cb204/vlm_confirmation_prompt.txt	ziua1_20260820/logs/20260820_123503/mission_1_cb204/vlm_confirmation_prompt.txt	2026-08-20T12:35:34	832	f594f968a1a3fef04c3095d9df17baa9	yes	no	no	yes
day1_20260820/logs/20260820_123503/mission_1_cb204/vlm_confirmation_response.txt	ziua1_20260820/logs/20260820_123503/mission_1_cb204/vlm_confirmation_response.txt	2026-08-20T12:35:44	509	3229e5df23ba9941200dabdc1e6f199f	yes	no	no	yes
day1_20260820/logs/20260820_123638/mission_1_cb202/finish.jpg	ziua1_20260820/logs/20260820_123638/mission_1_cb202/finish.jpg	2026-08-20T12:37:12	85053	c17260be918efff9deb01348870b03d6	yes	no	no	yes
day1_20260820/logs/20260820_123638/mission_1_cb202/start.jpg	ziua1_20260820/logs/20260820_123638/mission_1_cb202/start.jpg	2026-08-20T12:37:00	79950	13cfe05aa1384daf3c8cc99056429ad8	yes	no	no	yes
day1_20260820/logs/20260820_123638/mission_1_cb202/vlm_confirmation_prompt.txt	ziua1_20260820/logs/20260820_123638/mission_1_cb202/vlm_confirmation_prompt.txt	2026-08-20T12:37:12	639	1e750e376384b9018b536a1728d123ae	yes	no	no	yes
day1_20260820/logs/20260820_123638/mission_1_cb202/vlm_confirmation_response.txt	ziua1_20260820/logs/20260820_123638/mission_1_cb202/vlm_confirmation_response.txt	2026-08-20T12:37:20	571	3b72f8b6d52a1e72f888febe50b1842d	yes	no	no	yes
day1_20260820/logs/20260820_124328/mission_1_radiator/finish.jpg	ziua1_20260820/logs/20260820_124328/mission_1_radiator/finish.jpg	2026-08-20T12:44:42	102091	5c52a98fbf80a91cdafd7f549f9c8ad9	yes	no	no	yes
day1_20260820/logs/20260820_124328/mission_1_radiator/start.jpg	ziua1_20260820/logs/20260820_124328/mission_1_radiator/start.jpg	2026-08-20T12:44:24	78166	dfd5da552ba38c3f3bb041985b1091fa	yes	no	no	yes
day1_20260820/logs/20260820_124328/mission_1_radiator/vlm_confirmation_prompt.txt	ziua1_20260820/logs/20260820_124328/mission_1_radiator/vlm_confirmation_prompt.txt	2026-08-20T12:44:42	632	e089c782ec4bc1b920c344141b688498	yes	no	no	yes
day1_20260820/logs/20260820_124328/mission_1_radiator/vlm_confirmation_response.txt	ziua1_20260820/logs/20260820_124328/mission_1_radiator/vlm_confirmation_response.txt	2026-08-20T12:44:50	296	a8a8dfb6db2276f405b80d9d86f77ddc	yes	no	no	yes
day1_20260820/logs/20260820_124531/mission_1_plant_4/finish.jpg	ziua1_20260820/logs/20260820_124531/mission_1_plant_4/finish.jpg	2026-08-20T12:46:24	95555	ce891b5972dd49531326b12b80e2bfe9	yes	no	no	yes
day1_20260820/logs/20260820_124531/mission_1_plant_4/start.jpg	ziua1_20260820/logs/20260820_124531/mission_1_plant_4/start.jpg	2026-08-20T12:45:44	78740	e9fd2cde7061b80af70aaee4057d206c	yes	no	no	yes
day1_20260820/logs/20260820_124531/mission_1_plant_4/vlm_confirmation_prompt.txt	ziua1_20260820/logs/20260820_124531/mission_1_plant_4/vlm_confirmation_prompt.txt	2026-08-20T12:46:24	626	5bdc909e4adef6bae4c10646ed3ca1e0	yes	no	no	yes
day1_20260820/logs/20260820_124531/mission_1_plant_4/vlm_confirmation_response.txt	ziua1_20260820/logs/20260820_124531/mission_1_plant_4/vlm_confirmation_response.txt	2026-08-20T12:46:32	643	a5b144ee7368b36327f2701ac421ffb3	yes	no	no	yes
day1_20260820/logs/20260820_124642/mission_1_plant_5/start.jpg	ziua1_20260820/logs/20260820_124642/mission_1_plant_5/start.jpg	2026-08-20T12:48:28	77881	335ac979e471a47f5703d72aa9872f51	yes	no	no	yes
day1_20260820/logs/20260820_124642/mission_2_plant_5/start.jpg	ziua1_20260820/logs/20260820_124642/mission_2_plant_5/start.jpg	2026-08-20T12:48:56	86575	e985d5e254e6c52b3da64e748189e20c	yes	no	no	yes
day1_20260820/logs/20260820_125530/mission_1_plant_5/finish.jpg	ziua1_20260820/logs/20260820_125530/mission_1_plant_5/finish.jpg	2026-08-20T12:56:10	98346	f687613233b742b468daa850b275d222	yes	no	no	yes
day1_20260820/logs/20260820_125530/mission_1_plant_5/start.jpg	ziua1_20260820/logs/20260820_125530/mission_1_plant_5/start.jpg	2026-08-20T12:55:34	79661	3a3bb6d0f75509a452f9357b0d337358	yes	no	no	yes
day1_20260820/logs/20260820_125530/mission_1_plant_5/vlm_confirmation_prompt.txt	ziua1_20260820/logs/20260820_125530/mission_1_plant_5/vlm_confirmation_prompt.txt	2026-08-20T12:56:10	631	ace89171863277f13e882160d6034536	yes	no	no	yes
day1_20260820/logs/20260820_125530/mission_1_plant_5/vlm_confirmation_response.txt	ziua1_20260820/logs/20260820_125530/mission_1_plant_5/vlm_confirmation_response.txt	2026-08-20T12:56:22	637	dd1b0755f3a7fbe9977af3075b0d2038	yes	no	no	yes
day1_20260820/logs/20260820_125656/mission_1_junction_e1/start.jpg	ziua1_20260820/logs/20260820_125656/mission_1_junction_e1/start.jpg	2026-08-20T12:57:02	76898	b57476e5623e885d80d370c4e1321bf4	yes	no	no	yes
day1_20260820/logs/20260820_125656/mission_2_junction_e1/start.jpg	ziua1_20260820/logs/20260820_125656/mission_2_junction_e1/start.jpg	2026-08-20T12:57:06	75221	264bc17f1b74492f45bca4206957a834	yes	no	no	yes
day1_20260820/logs/20260820_125656/mission_3_junction_e1/finish.jpg	ziua1_20260820/logs/20260820_125656/mission_3_junction_e1/finish.jpg	2026-08-20T12:57:54	91622	e37c22beaa8040836ee9c96b7ff79d35	yes	no	no	yes
day1_20260820/logs/20260820_125656/mission_3_junction_e1/start.jpg	ziua1_20260820/logs/20260820_125656/mission_3_junction_e1/start.jpg	2026-08-20T12:57:26	67692	170168ce43f7906d73ac046c39a48e08	yes	no	no	yes
day1_20260820/logs/20260820_125656/mission_3_junction_e1/vlm_confirmation_prompt.txt	ziua1_20260820/logs/20260820_125656/mission_3_junction_e1/vlm_confirmation_prompt.txt	2026-08-20T12:57:54	641	de180d6fd3375e3f85159f2b90d031ab	yes	no	no	yes
day1_20260820/logs/20260820_125656/mission_3_junction_e1/vlm_confirmation_response.txt	ziua1_20260820/logs/20260820_125656/mission_3_junction_e1/vlm_confirmation_response.txt	2026-08-20T12:58:02	521	c07acb5222341d10f1f090c1870e5371	yes	no	no	yes
day1_20260820/logs/20260820_125837/mission_1_plant_3/finish.jpg	ziua1_20260820/logs/20260820_125837/mission_1_plant_3/finish.jpg	2026-08-20T12:59:04	78334	89d3b034e97ca368fe5e2fce32f4eb32	yes	no	no	yes
day1_20260820/logs/20260820_125837/mission_1_plant_3/start.jpg	ziua1_20260820/logs/20260820_125837/mission_1_plant_3/start.jpg	2026-08-20T12:58:40	75302	27c88eaa38838f4629b30964702713bd	yes	no	no	yes
day1_20260820/logs/20260820_125837/mission_1_plant_3/vlm_confirmation_prompt.txt	ziua1_20260820/logs/20260820_125837/mission_1_plant_3/vlm_confirmation_prompt.txt	2026-08-20T12:59:04	626	35a4edab17bfe1c82d8bc853388d482d	yes	no	no	yes
day1_20260820/logs/20260820_125837/mission_1_plant_3/vlm_confirmation_response.txt	ziua1_20260820/logs/20260820_125837/mission_1_plant_3/vlm_confirmation_response.txt	2026-08-20T12:59:12	520	3e15eee19bfefc8a4a2918aca71e5941	yes	no	no	yes
day1_20260820/logs/20260820_125951/mission_1_plant_2/finish.jpg	ziua1_20260820/logs/20260820_125951/mission_1_plant_2/finish.jpg	2026-08-20T13:00:22	80760	3c69c525a204539596759cab4bb3ebb1	yes	no	no	yes
day1_20260820/logs/20260820_125951/mission_1_plant_2/start.jpg	ziua1_20260820/logs/20260820_125951/mission_1_plant_2/start.jpg	2026-08-20T12:59:52	75661	69ea8ab6555c342fc6a09ec968df69b5	yes	no	no	yes
day1_20260820/logs/20260820_125951/mission_1_plant_2/vlm_confirmation_prompt.txt	ziua1_20260820/logs/20260820_125951/mission_1_plant_2/vlm_confirmation_prompt.txt	2026-08-20T13:00:22	631	893a544b18b857fc0932f50d348d0465	yes	no	no	yes
day1_20260820/logs/20260820_125951/mission_1_plant_2/vlm_confirmation_response.txt	ziua1_20260820/logs/20260820_125951/mission_1_plant_2/vlm_confirmation_response.txt	2026-08-20T13:00:30	568	feb0cd55aaba3c0ae02f21666039d957	yes	no	no	yes
day1_20260820/logs/20260820_130207/mission_1_plant_1/finish.jpg	ziua1_20260820/logs/20260820_130207/mission_1_plant_1/finish.jpg	2026-08-20T13:02:46	93419	015c7f9ddc3b56a79f35590a4bb5d2f8	yes	no	no	yes
day1_20260820/logs/20260820_130207/mission_1_plant_1/start.jpg	ziua1_20260820/logs/20260820_130207/mission_1_plant_1/start.jpg	2026-08-20T13:02:16	78788	07bf6226d7dc324b4013b22c9530c48e	yes	no	no	yes
day1_20260820/logs/20260820_130207/mission_1_plant_1/vlm_confirmation_prompt.txt	ziua1_20260820/logs/20260820_130207/mission_1_plant_1/vlm_confirmation_prompt.txt	2026-08-20T13:02:46	626	edf65dc3f3c1a383306370df5a43d8c8	yes	no	no	yes
day1_20260820/logs/20260820_130207/mission_1_plant_1/vlm_confirmation_response.txt	ziua1_20260820/logs/20260820_130207/mission_1_plant_1/vlm_confirmation_response.txt	2026-08-20T13:02:54	561	ca85c471d3db3491b388bf1b49ddd582	yes	no	no	yes
day1_20260820/logs/20260820_130331/mission_1_cb203_entrance/finish.jpg	ziua1_20260820/logs/20260820_130331/mission_1_cb203_entrance/finish.jpg	2026-08-20T13:04:24	64630	3c47c8730522b39a1f8a24108eecd7e9	yes	no	no	yes
day1_20260820/logs/20260820_130331/mission_1_cb203_entrance/start.jpg	ziua1_20260820/logs/20260820_130331/mission_1_cb203_entrance/start.jpg	2026-08-20T13:03:40	94992	9a962b4c4784b82a1174d8b358c370f0	yes	no	no	yes
day1_20260820/logs/20260820_130331/mission_1_cb203_entrance/vlm_confirmation_prompt.txt	ziua1_20260820/logs/20260820_130331/mission_1_cb203_entrance/vlm_confirmation_prompt.txt	2026-08-20T13:04:24	824	28736d6ebde0fc703cd8a746947d3db2	yes	no	no	yes
day1_20260820/logs/20260820_130331/mission_1_cb203_entrance/vlm_confirmation_response.txt	ziua1_20260820/logs/20260820_130331/mission_1_cb203_entrance/vlm_confirmation_response.txt	2026-08-20T13:04:30	279	7f30c9132aef56482db6f56c066112cb	yes	no	no	yes
day1_20260820/logs/20260820_130509/mission_1_cb203_exit/finish.jpg	ziua1_20260820/logs/20260820_130509/mission_1_cb203_exit/finish.jpg	2026-08-20T13:05:48	95040	18683c1d1a179f74571a5a87ddebaf99	yes	no	no	yes
day1_20260820/logs/20260820_130509/mission_1_cb203_exit/start.jpg	ziua1_20260820/logs/20260820_130509/mission_1_cb203_exit/start.jpg	2026-08-20T13:05:14	74311	d6ed6342eb2851c285b582797ed62c64	yes	no	no	yes
day1_20260820/logs/20260820_130509/mission_1_cb203_exit/vlm_confirmation_prompt.txt	ziua1_20260820/logs/20260820_130509/mission_1_cb203_exit/vlm_confirmation_prompt.txt	2026-08-20T13:05:48	816	9efebdf987690cc50e83bedb3d2d5bc2	yes	no	no	yes
day1_20260820/logs/20260820_130509/mission_1_cb203_exit/vlm_confirmation_response.txt	ziua1_20260820/logs/20260820_130509/mission_1_cb203_exit/vlm_confirmation_response.txt	2026-08-20T13:05:56	511	2ef904e35f172415f18387433932f93f	yes	no	no	yes
day1_20260820/logs/20260820_140042/mission_1_cb202/finish.jpg	ziua1_20260820/logs/20260820_140042/mission_1_cb202/finish.jpg	2026-08-20T14:01:06	87637	1d9670129c527724f842d62cccba5e92	yes	no	no	yes
day1_20260820/logs/20260820_140042/mission_1_cb202/start.jpg	ziua1_20260820/logs/20260820_140042/mission_1_cb202/start.jpg	2026-08-20T14:00:58	80496	e4182d50e5fa0cab3a4999438c94bf1b	yes	no	no	yes
day1_20260820/logs/20260820_140042/mission_1_cb202/vlm_confirmation_prompt.txt	ziua1_20260820/logs/20260820_140042/mission_1_cb202/vlm_confirmation_prompt.txt	2026-08-20T14:01:06	639	1e750e376384b9018b536a1728d123ae	yes	no	no	yes
day1_20260820/logs/20260820_140042/mission_1_cb202/vlm_confirmation_response.txt	ziua1_20260820/logs/20260820_140042/mission_1_cb202/vlm_confirmation_response.txt	2026-08-20T14:01:18	639	8452c3ef3a863cb8f4d39d6bedf8740b	yes	no	no	yes
day1_20260820/logs/20260820_140207/mission_1_cb202/finish.jpg	ziua1_20260820/logs/20260820_140207/mission_1_cb202/finish.jpg	2026-08-20T14:02:28	89305	298b2ff920c13406cb7368c423971bc4	yes	no	no	yes
day1_20260820/logs/20260820_140207/mission_1_cb202/start.jpg	ziua1_20260820/logs/20260820_140207/mission_1_cb202/start.jpg	2026-08-20T14:02:14	80800	2c3db97077392e6dfbe8334e5f44d80c	yes	no	no	yes
day1_20260820/logs/20260820_140207/mission_1_cb202/vlm_confirmation_prompt.txt	ziua1_20260820/logs/20260820_140207/mission_1_cb202/vlm_confirmation_prompt.txt	2026-08-20T14:02:28	639	1e750e376384b9018b536a1728d123ae	yes	no	no	yes
day1_20260820/logs/20260820_140207/mission_1_cb202/vlm_confirmation_response.txt	ziua1_20260820/logs/20260820_140207/mission_1_cb202/vlm_confirmation_response.txt	2026-08-20T14:02:36	596	2d18ab582b10643f8a2d62ef2837cbce	yes	no	no	yes
day1_20260820/logs/20260820_141007/mission_1_cb202/finish.jpg	ziua1_20260820/logs/20260820_141007/mission_1_cb202/finish.jpg	2026-08-20T14:10:24	88412	1ebcf34c02d5033bf9e95271b88fd016	yes	no	no	yes
day1_20260820/logs/20260820_141007/mission_1_cb202/start.jpg	ziua1_20260820/logs/20260820_141007/mission_1_cb202/start.jpg	2026-08-20T14:10:14	77988	264c6f2062c1d16cf9c8a9d799fc0ccc	yes	no	no	yes
day1_20260820/logs/20260820_141007/mission_1_cb202/vlm_confirmation_prompt.txt	ziua1_20260820/logs/20260820_141007/mission_1_cb202/vlm_confirmation_prompt.txt	2026-08-20T14:10:24	639	1e750e376384b9018b536a1728d123ae	yes	no	no	yes
day1_20260820/logs/20260820_141007/mission_1_cb202/vlm_confirmation_response.txt	ziua1_20260820/logs/20260820_141007/mission_1_cb202/vlm_confirmation_response.txt	2026-08-20T14:10:34	322	43478c1fc39e75490812720de9ce6812	yes	no	no	yes
day1_20260820/logs/20260820_141131/mission_1_cb202/finish.jpg	ziua1_20260820/logs/20260820_141131/mission_1_cb202/finish.jpg	2026-08-20T14:11:48	88491	e76d17cfe255f2c6e11a806599e80d19	yes	no	no	yes
day1_20260820/logs/20260820_141131/mission_1_cb202/start.jpg	ziua1_20260820/logs/20260820_141131/mission_1_cb202/start.jpg	2026-08-20T14:11:40	80874	f23bce21d8dcd13da3cc204e2f9756ea	yes	no	no	yes
day1_20260820/logs/20260820_141131/mission_1_cb202/vlm_confirmation_prompt.txt	ziua1_20260820/logs/20260820_141131/mission_1_cb202/vlm_confirmation_prompt.txt	2026-08-20T14:11:48	639	1e750e376384b9018b536a1728d123ae	yes	no	no	yes
day1_20260820/logs/20260820_141131/mission_1_cb202/vlm_confirmation_response.txt	ziua1_20260820/logs/20260820_141131/mission_1_cb202/vlm_confirmation_response.txt	2026-08-20T14:11:54	313	4e82b9303c5c819a51269b8e858fbfe0	yes	no	no	yes
day1_20260820/logs/20260820_141656/mission_1_cb202/finish.jpg	ziua1_20260820/logs/20260820_141656/mission_1_cb202/finish.jpg	2026-08-20T14:17:20	83369	ef7219dd52b4ab9a637951f5bfce6b11	yes	no	no	yes
day1_20260820/logs/20260820_141656/mission_1_cb202/start.jpg	ziua1_20260820/logs/20260820_141656/mission_1_cb202/start.jpg	2026-08-20T14:17:06	78927	4cce801e72a01acc058268d6e7013ddb	yes	no	no	yes
day1_20260820/logs/20260820_141656/mission_1_cb202/vlm_confirmation_prompt.txt	ziua1_20260820/logs/20260820_141656/mission_1_cb202/vlm_confirmation_prompt.txt	2026-08-20T14:17:20	639	1e750e376384b9018b536a1728d123ae	yes	no	no	yes
day1_20260820/logs/20260820_141656/mission_1_cb202/vlm_confirmation_response.txt	ziua1_20260820/logs/20260820_141656/mission_1_cb202/vlm_confirmation_response.txt	2026-08-20T14:17:30	287	d88e4473787126ec6680377f4f74d6da	yes	no	no	yes
day1_20260820/logs/20260820_141906/mission_1_cb202/finish.jpg	ziua1_20260820/logs/20260820_141906/mission_1_cb202/finish.jpg	2026-08-20T14:19:30	83211	8697c44ad39e69c2dfcc8425c5335729	yes	no	no	yes
day1_20260820/logs/20260820_141906/mission_1_cb202/start.jpg	ziua1_20260820/logs/20260820_141906/mission_1_cb202/start.jpg	2026-08-20T14:19:16	77703	2afd4bd7c84d05ef106e6ce6e86dc7ae	yes	no	no	yes
day1_20260820/logs/20260820_141906/mission_1_cb202/vlm_confirmation_prompt.txt	ziua1_20260820/logs/20260820_141906/mission_1_cb202/vlm_confirmation_prompt.txt	2026-08-20T14:19:30	639	1e750e376384b9018b536a1728d123ae	yes	no	no	yes
day1_20260820/logs/20260820_141906/mission_1_cb202/vlm_confirmation_response.txt	ziua1_20260820/logs/20260820_141906/mission_1_cb202/vlm_confirmation_response.txt	2026-08-20T14:19:36	308	6a2af5e75dba3df43311b3983db989ee	yes	no	no	yes
day1_20260820/logs/20260820_142701/mission_1_cb202/finish.jpg	ziua1_20260820/logs/20260820_142701/mission_1_cb202/finish.jpg	2026-08-20T14:27:20	84428	798aa0f5145f70966be67b6a6afaff53	yes	no	no	yes
day1_20260820/logs/20260820_142701/mission_1_cb202/start.jpg	ziua1_20260820/logs/20260820_142701/mission_1_cb202/start.jpg	2026-08-20T14:27:12	75223	1065ae362cb36427a74604cee66c2822	yes	no	no	yes
day1_20260820/logs/20260820_142701/mission_1_cb202/vlm_confirmation_prompt.txt	ziua1_20260820/logs/20260820_142701/mission_1_cb202/vlm_confirmation_prompt.txt	2026-08-20T14:27:20	639	1e750e376384b9018b536a1728d123ae	yes	no	no	yes
day1_20260820/logs/20260820_142701/mission_1_cb202/vlm_confirmation_response.txt	ziua1_20260820/logs/20260820_142701/mission_1_cb202/vlm_confirmation_response.txt	2026-08-20T14:27:30	303	b5edce4f159045cd3f9f05e69165db2a	yes	no	no	yes
day1_20260820/logs/20260820_142805/mission_1_cb202/finish.jpg	ziua1_20260820/logs/20260820_142805/mission_1_cb202/finish.jpg	2026-08-20T14:28:20	83951	1eca7aa4e902b4a418ae4f810226e0b7	yes	no	no	yes
day1_20260820/logs/20260820_142805/mission_1_cb202/start.jpg	ziua1_20260820/logs/20260820_142805/mission_1_cb202/start.jpg	2026-08-20T14:28:12	76666	c66a610f0f4f8ba98d46119f3023adc8	yes	no	no	yes
day1_20260820/logs/20260820_142805/mission_1_cb202/vlm_confirmation_prompt.txt	ziua1_20260820/logs/20260820_142805/mission_1_cb202/vlm_confirmation_prompt.txt	2026-08-20T14:28:20	639	1e750e376384b9018b536a1728d123ae	yes	no	no	yes
day1_20260820/logs/20260820_142805/mission_1_cb202/vlm_confirmation_response.txt	ziua1_20260820/logs/20260820_142805/mission_1_cb202/vlm_confirmation_response.txt	2026-08-20T14:28:26	307	5caf474ad3b2dc2c741da77210d6c9bb	yes	no	no	yes
day1_20260820/logs/20260820_143504/mission_1_cb204/finish.jpg	ziua1_20260820/logs/20260820_143504/mission_1_cb204/finish.jpg	2026-08-20T14:35:20	94780	34d1dbced07c6a419355b3e711e2adba	yes	no	no	yes
day1_20260820/logs/20260820_143504/mission_1_cb204/start.jpg	ziua1_20260820/logs/20260820_143504/mission_1_cb204/start.jpg	2026-08-20T14:35:08	80013	978528a6cbe3727452476a08f6085df6	yes	no	no	yes
day1_20260820/logs/20260820_143504/mission_1_cb204/vlm_confirmation_prompt.txt	ziua1_20260820/logs/20260820_143504/mission_1_cb204/vlm_confirmation_prompt.txt	2026-08-20T14:35:20	832	f594f968a1a3fef04c3095d9df17baa9	yes	no	no	yes
day1_20260820/logs/20260820_143504/mission_1_cb204/vlm_confirmation_response.txt	ziua1_20260820/logs/20260820_143504/mission_1_cb204/vlm_confirmation_response.txt	2026-08-20T14:35:30	597	be49d20d2daf213222e019402d72a2d8	yes	no	no	yes
day1_20260820/logs/20260820_143557/mission_1_cb204/finish.jpg	ziua1_20260820/logs/20260820_143557/mission_1_cb204/finish.jpg	2026-08-20T14:36:22	92405	e6042c1111ecf35f55e43925a3c84c83	yes	no	no	yes
day1_20260820/logs/20260820_143557/mission_1_cb204/start.jpg	ziua1_20260820/logs/20260820_143557/mission_1_cb204/start.jpg	2026-08-20T14:36:08	77890	eb4673cacaa90f855ee93de9f8b1d5b8	yes	no	no	yes
day1_20260820/logs/20260820_143557/mission_1_cb204/vlm_confirmation_prompt.txt	ziua1_20260820/logs/20260820_143557/mission_1_cb204/vlm_confirmation_prompt.txt	2026-08-20T14:36:22	832	f594f968a1a3fef04c3095d9df17baa9	yes	no	no	yes
day1_20260820/logs/20260820_143557/mission_1_cb204/vlm_confirmation_response.txt	ziua1_20260820/logs/20260820_143557/mission_1_cb204/vlm_confirmation_response.txt	2026-08-20T14:36:28	495	9dd83bc30ad329c985f0c55e5741ce0e	yes	no	no	yes
day1_20260820/logs/20260820_143644/mission_1_cb204/finish.jpg	ziua1_20260820/logs/20260820_143644/mission_1_cb204/finish.jpg	2026-08-20T14:37:06	92748	70aa860c820ab6394e81a82e2bb2941b	yes	no	no	yes
day1_20260820/logs/20260820_143644/mission_1_cb204/start.jpg	ziua1_20260820/logs/20260820_143644/mission_1_cb204/start.jpg	2026-08-20T14:36:54	79211	bab9943840d288fc07742dc3404a291e	yes	no	no	yes
day1_20260820/logs/20260820_143644/mission_1_cb204/vlm_confirmation_prompt.txt	ziua1_20260820/logs/20260820_143644/mission_1_cb204/vlm_confirmation_prompt.txt	2026-08-20T14:37:06	832	f594f968a1a3fef04c3095d9df17baa9	yes	no	no	yes
day1_20260820/logs/20260820_143644/mission_1_cb204/vlm_confirmation_response.txt	ziua1_20260820/logs/20260820_143644/mission_1_cb204/vlm_confirmation_response.txt	2026-08-20T14:37:14	529	184dce5ae59630e05b76bf687b18f24f	yes	no	no	yes
day1_20260820/logs/20260820_143732/mission_1_cb204/finish.jpg	ziua1_20260820/logs/20260820_143732/mission_1_cb204/finish.jpg	2026-08-20T14:37:50	92480	b0d9ac618f1fd511dacd149d03b5a57f	yes	no	no	yes
day1_20260820/logs/20260820_143732/mission_1_cb204/start.jpg	ziua1_20260820/logs/20260820_143732/mission_1_cb204/start.jpg	2026-08-20T14:37:36	78673	454e11faabf542320998041a94aa13e0	yes	no	no	yes
day1_20260820/logs/20260820_143732/mission_1_cb204/vlm_confirmation_prompt.txt	ziua1_20260820/logs/20260820_143732/mission_1_cb204/vlm_confirmation_prompt.txt	2026-08-20T14:37:50	832	f594f968a1a3fef04c3095d9df17baa9	yes	no	no	yes
day1_20260820/logs/20260820_143732/mission_1_cb204/vlm_confirmation_response.txt	ziua1_20260820/logs/20260820_143732/mission_1_cb204/vlm_confirmation_response.txt	2026-08-20T14:37:56	526	90e3bb026b41bcbec1fdc569b0c8e220	yes	no	no	yes
day1_20260820/logs/20260820_144036/mission_1_cb204/finish.jpg	ziua1_20260820/logs/20260820_144036/mission_1_cb204/finish.jpg	2026-08-20T14:40:52	94279	48dfe57a94a19a56d3c808edee973425	yes	no	no	yes
day1_20260820/logs/20260820_144036/mission_1_cb204/start.jpg	ziua1_20260820/logs/20260820_144036/mission_1_cb204/start.jpg	2026-08-20T14:40:42	79333	e9cf25b6dec5bd46d266824bcbfb2c1c	yes	no	no	yes
day1_20260820/logs/20260820_144036/mission_1_cb204/vlm_confirmation_prompt.txt	ziua1_20260820/logs/20260820_144036/mission_1_cb204/vlm_confirmation_prompt.txt	2026-08-20T14:40:52	832	f594f968a1a3fef04c3095d9df17baa9	yes	no	no	yes
day1_20260820/logs/20260820_144036/mission_1_cb204/vlm_confirmation_response.txt	ziua1_20260820/logs/20260820_144036/mission_1_cb204/vlm_confirmation_response.txt	2026-08-20T14:41:00	543	f7cb6fbfc755a50e5ff278f7654fe183	yes	no	no	yes
day1_20260820/logs/20260820_144134/mission_1_cb204/finish.jpg	ziua1_20260820/logs/20260820_144134/mission_1_cb204/finish.jpg	2026-08-20T14:42:04	94862	960ac650f5c57d7f7a1433a57cb64236	yes	no	no	yes
day1_20260820/logs/20260820_144134/mission_1_cb204/start.jpg	ziua1_20260820/logs/20260820_144134/mission_1_cb204/start.jpg	2026-08-20T14:41:52	81155	9c05a5875672717131d975d70b5e2392	yes	no	no	yes
day1_20260820/logs/20260820_144134/mission_1_cb204/vlm_confirmation_prompt.txt	ziua1_20260820/logs/20260820_144134/mission_1_cb204/vlm_confirmation_prompt.txt	2026-08-20T14:42:04	832	f594f968a1a3fef04c3095d9df17baa9	yes	no	no	yes
day1_20260820/logs/20260820_144134/mission_1_cb204/vlm_confirmation_response.txt	ziua1_20260820/logs/20260820_144134/mission_1_cb204/vlm_confirmation_response.txt	2026-08-20T14:42:12	517	40dd21d3939749e26c568bb81f5a15e0	yes	no	no	yes
day1_20260820/logs/20260820_144235/mission_1_cb204/finish.jpg	ziua1_20260820/logs/20260820_144235/mission_1_cb204/finish.jpg	2026-08-20T14:42:54	95641	df8f273e0440ced8189e27c82a3bb362	yes	no	no	yes
day1_20260820/logs/20260820_144235/mission_1_cb204/start.jpg	ziua1_20260820/logs/20260820_144235/mission_1_cb204/start.jpg	2026-08-20T14:42:42	79495	f6741ec59256d8a7e9a670ade424d006	yes	no	no	yes
day1_20260820/logs/20260820_144235/mission_1_cb204/vlm_confirmation_prompt.txt	ziua1_20260820/logs/20260820_144235/mission_1_cb204/vlm_confirmation_prompt.txt	2026-08-20T14:42:54	832	f594f968a1a3fef04c3095d9df17baa9	yes	no	no	yes
day1_20260820/logs/20260820_144235/mission_1_cb204/vlm_confirmation_response.txt	ziua1_20260820/logs/20260820_144235/mission_1_cb204/vlm_confirmation_response.txt	2026-08-20T14:43:02	511	5ff41bb49f161cdd25d1da462810dcf2	yes	no	no	yes
day1_20260820/logs/20260820_144319/mission_1_cb204/finish.jpg	ziua1_20260820/logs/20260820_144319/mission_1_cb204/finish.jpg	2026-08-20T14:43:38	94670	500eb95fec4fd1dd69636dd993690c03	yes	no	no	yes
day1_20260820/logs/20260820_144319/mission_1_cb204/start.jpg	ziua1_20260820/logs/20260820_144319/mission_1_cb204/start.jpg	2026-08-20T14:43:28	80655	ce869315c159f987907a3b90bfe426e4	yes	no	no	yes
day1_20260820/logs/20260820_144319/mission_1_cb204/vlm_confirmation_prompt.txt	ziua1_20260820/logs/20260820_144319/mission_1_cb204/vlm_confirmation_prompt.txt	2026-08-20T14:43:38	832	f594f968a1a3fef04c3095d9df17baa9	yes	no	no	yes
day1_20260820/logs/20260820_144319/mission_1_cb204/vlm_confirmation_response.txt	ziua1_20260820/logs/20260820_144319/mission_1_cb204/vlm_confirmation_response.txt	2026-08-20T14:43:46	505	bf341590b5c9800a9f6afacb73ba2754	yes	no	no	yes
day1_20260820/logs/20260820_144526/mission_1_plant_3/finish.jpg	ziua1_20260820/logs/20260820_144526/mission_1_plant_3/finish.jpg	2026-08-20T14:45:54	81613	d2822e58ab130152f1435d07524dda6a	yes	no	no	yes
day1_20260820/logs/20260820_144526/mission_1_plant_3/start.jpg	ziua1_20260820/logs/20260820_144526/mission_1_plant_3/start.jpg	2026-08-20T14:45:30	66918	f4231c12f41d5165e6df04a964102038	yes	no	no	yes
day1_20260820/logs/20260820_144526/mission_1_plant_3/vlm_confirmation_prompt.txt	ziua1_20260820/logs/20260820_144526/mission_1_plant_3/vlm_confirmation_prompt.txt	2026-08-20T14:45:54	626	35a4edab17bfe1c82d8bc853388d482d	yes	no	no	yes
day1_20260820/logs/20260820_144526/mission_1_plant_3/vlm_confirmation_response.txt	ziua1_20260820/logs/20260820_144526/mission_1_plant_3/vlm_confirmation_response.txt	2026-08-20T14:46:00	302	a7d4214f6354f6a39f315346c36714ef	yes	no	no	yes
day1_20260820/logs/20260820_144633/mission_1_plant_3/finish.jpg	ziua1_20260820/logs/20260820_144633/mission_1_plant_3/finish.jpg	2026-08-20T14:47:30	78849	628b23f64cc117d374ca8c3d1c50da6c	yes	no	no	yes
day1_20260820/logs/20260820_144633/mission_1_plant_3/start.jpg	ziua1_20260820/logs/20260820_144633/mission_1_plant_3/start.jpg	2026-08-20T14:46:44	69496	c5b3436629e647da1e223dbe01a8f56f	yes	no	no	yes
day1_20260820/logs/20260820_144633/mission_1_plant_3/vlm_confirmation_prompt.txt	ziua1_20260820/logs/20260820_144633/mission_1_plant_3/vlm_confirmation_prompt.txt	2026-08-20T14:47:30	626	35a4edab17bfe1c82d8bc853388d482d	yes	no	no	yes
day1_20260820/logs/20260820_144633/mission_1_plant_3/vlm_confirmation_response.txt	ziua1_20260820/logs/20260820_144633/mission_1_plant_3/vlm_confirmation_response.txt	2026-08-20T14:47:36	301	7cccfc1dd760e63ac2302d3812b9bba8	yes	no	no	yes
day1_20260820/logs/20260820_145232/mission_1_plant_3/finish.jpg	ziua1_20260820/logs/20260820_145232/mission_1_plant_3/finish.jpg	2026-08-20T14:53:06	80920	53c263cedc9336f1c999231e97ca5327	yes	no	no	yes
day1_20260820/logs/20260820_145232/mission_1_plant_3/start.jpg	ziua1_20260820/logs/20260820_145232/mission_1_plant_3/start.jpg	2026-08-20T14:52:40	67767	32b2308cfbdd213e80c629e04ceba6ef	yes	no	no	yes
day1_20260820/logs/20260820_145232/mission_1_plant_3/vlm_confirmation_prompt.txt	ziua1_20260820/logs/20260820_145232/mission_1_plant_3/vlm_confirmation_prompt.txt	2026-08-20T14:53:06	626	35a4edab17bfe1c82d8bc853388d482d	yes	no	no	yes
day1_20260820/logs/20260820_145232/mission_1_plant_3/vlm_confirmation_response.txt	ziua1_20260820/logs/20260820_145232/mission_1_plant_3/vlm_confirmation_response.txt	2026-08-20T14:53:16	303	68334e4fcb92f3b4efa1c5e6a0d214a1	yes	no	no	yes
day1_20260820/logs/20260820_145354/mission_1_plant_3/start.jpg	ziua1_20260820/logs/20260820_145354/mission_1_plant_3/start.jpg	2026-08-20T14:54:02	66458	779f49a91771bd7ba52b3ebcc440e8fe	yes	no	no	yes
day1_20260820/logs/20260820_145354/mission_2_plant_3/finish.jpg	ziua1_20260820/logs/20260820_145354/mission_2_plant_3/finish.jpg	2026-08-20T14:54:58	81576	f17498d366db53714c35eb5426d5e935	yes	no	no	yes
day1_20260820/logs/20260820_145354/mission_2_plant_3/start.jpg	ziua1_20260820/logs/20260820_145354/mission_2_plant_3/start.jpg	2026-08-20T14:54:36	82615	e2de268cad3ed5f0295fb98f4b75b863	yes	no	no	yes
day1_20260820/logs/20260820_145354/mission_2_plant_3/vlm_confirmation_prompt.txt	ziua1_20260820/logs/20260820_145354/mission_2_plant_3/vlm_confirmation_prompt.txt	2026-08-20T14:54:58	626	35a4edab17bfe1c82d8bc853388d482d	yes	no	no	yes
day1_20260820/logs/20260820_145354/mission_2_plant_3/vlm_confirmation_response.txt	ziua1_20260820/logs/20260820_145354/mission_2_plant_3/vlm_confirmation_response.txt	2026-08-20T14:55:06	335	a19d1fe642d4da617a8fc9d59ee0af27	yes	no	no	yes
day1_20260820/logs/20260820_150456/mission_1_cb204/finish.jpg	ziua1_20260820/logs/20260820_150456/mission_1_cb204/finish.jpg	2026-08-20T15:05:30	95139	f1a1e5e1e46f97efd4eacdfad2ebba01	yes	no	no	yes
day1_20260820/logs/20260820_150456/mission_1_cb204/start.jpg	ziua1_20260820/logs/20260820_150456/mission_1_cb204/start.jpg	2026-08-20T15:05:12	80904	045fb8cb2b4d0c6c5ebe6758b8920ba6	yes	no	no	yes
day1_20260820/logs/20260820_150456/mission_1_cb204/vlm_confirmation_prompt.txt	ziua1_20260820/logs/20260820_150456/mission_1_cb204/vlm_confirmation_prompt.txt	2026-08-20T15:05:30	832	f594f968a1a3fef04c3095d9df17baa9	yes	no	no	yes
day1_20260820/logs/20260820_150456/mission_1_cb204/vlm_confirmation_response.txt	ziua1_20260820/logs/20260820_150456/mission_1_cb204/vlm_confirmation_response.txt	2026-08-20T15:05:42	550	8496caee5eeee59471f0cef594bac654	yes	no	no	yes
day1_20260820/logs/20260820_150456/mission_1_cb204/vlm_decision_prompt.txt	ziua1_20260820/logs/20260820_150456/mission_1_cb204/vlm_decision_prompt.txt	2026-08-20T15:05:12	6366	c384643cb210737f7624e34959dabdd9	yes	no	no	yes
day1_20260820/logs/20260820_150456/mission_1_cb204/vlm_decision_response.txt	ziua1_20260820/logs/20260820_150456/mission_1_cb204/vlm_decision_response.txt	2026-08-20T15:05:12	517	11b6fb11116aa77e66e525c870ab85f0	yes	no	no	yes
day1_20260820/logs/20260820_150652/mission_1_radiator/finish.jpg	ziua1_20260820/logs/20260820_150652/mission_1_radiator/finish.jpg	2026-08-20T15:07:26	101295	d82ff2659dfdd13e4bef16a25d5ac6e4	yes	no	no	yes
day1_20260820/logs/20260820_150652/mission_1_radiator/start.jpg	ziua1_20260820/logs/20260820_150652/mission_1_radiator/start.jpg	2026-08-20T15:07:08	76955	52a4866c95f8c4161fe52126076f6ad9	yes	no	no	yes
day1_20260820/logs/20260820_150652/mission_1_radiator/vlm_confirmation_prompt.txt	ziua1_20260820/logs/20260820_150652/mission_1_radiator/vlm_confirmation_prompt.txt	2026-08-20T15:07:26	632	e089c782ec4bc1b920c344141b688498	yes	no	no	yes
day1_20260820/logs/20260820_150652/mission_1_radiator/vlm_confirmation_response.txt	ziua1_20260820/logs/20260820_150652/mission_1_radiator/vlm_confirmation_response.txt	2026-08-20T15:07:38	583	a89ed9c1c3089eb2ce51a1f021775a15	yes	no	no	yes
day1_20260820/logs/20260820_150652/mission_1_radiator/vlm_decision_prompt.txt	ziua1_20260820/logs/20260820_150652/mission_1_radiator/vlm_decision_prompt.txt	2026-08-20T15:07:08	6430	a414bc07da2abd3f3992561fa557635a	yes	no	no	yes
day1_20260820/logs/20260820_150652/mission_1_radiator/vlm_decision_response.txt	ziua1_20260820/logs/20260820_150652/mission_1_radiator/vlm_decision_response.txt	2026-08-20T15:07:08	1146	d9a937b629e5add43ae9a4b48beb66ed	yes	no	no	yes
day1_20260820/logs/20260820_150931/mission_1_radiator/finish.jpg	ziua1_20260820/logs/20260820_150931/mission_1_radiator/finish.jpg	2026-08-20T15:10:06	101239	8db8c26b85119a9932a8568c02ea7755	yes	no	no	yes
day1_20260820/logs/20260820_150931/mission_1_radiator/start.jpg	ziua1_20260820/logs/20260820_150931/mission_1_radiator/start.jpg	2026-08-20T15:09:46	76236	065865835dfb5c7b8565a58b51de348e	yes	no	no	yes
day1_20260820/logs/20260820_150931/mission_1_radiator/vlm_confirmation_prompt.txt	ziua1_20260820/logs/20260820_150931/mission_1_radiator/vlm_confirmation_prompt.txt	2026-08-20T15:10:06	632	e089c782ec4bc1b920c344141b688498	yes	no	no	yes
day1_20260820/logs/20260820_150931/mission_1_radiator/vlm_confirmation_response.txt	ziua1_20260820/logs/20260820_150931/mission_1_radiator/vlm_confirmation_response.txt	2026-08-20T15:10:18	322	747d61382c9485858a174fd295912e4b	yes	no	no	yes
day1_20260820/logs/20260820_150931/mission_1_radiator/vlm_decision_prompt.txt	ziua1_20260820/logs/20260820_150931/mission_1_radiator/vlm_decision_prompt.txt	2026-08-20T15:09:46	6564	5b93c5cea21b8d0a1f256eea801107ec	yes	no	no	yes
day1_20260820/logs/20260820_150931/mission_1_radiator/vlm_decision_response.txt	ziua1_20260820/logs/20260820_150931/mission_1_radiator/vlm_decision_response.txt	2026-08-20T15:09:46	559	5e57740115fdc1ddc03047017984ed14	yes	no	no	yes
day1_20260820/logs/20260820_151214/mission_1_radiator/finish.jpg	ziua1_20260820/logs/20260820_151214/mission_1_radiator/finish.jpg	2026-08-20T15:12:52	102308	4b3403576dfae1ba45e409fc6d59db28	yes	no	no	yes
day1_20260820/logs/20260820_151214/mission_1_radiator/start.jpg	ziua1_20260820/logs/20260820_151214/mission_1_radiator/start.jpg	2026-08-20T15:12:34	78094	d5f0d7fe9d9e15d480e9199d4d3c7183	yes	no	no	yes
day1_20260820/logs/20260820_151214/mission_1_radiator/vlm_confirmation_prompt.txt	ziua1_20260820/logs/20260820_151214/mission_1_radiator/vlm_confirmation_prompt.txt	2026-08-20T15:12:52	632	e089c782ec4bc1b920c344141b688498	yes	no	no	yes
day1_20260820/logs/20260820_151214/mission_1_radiator/vlm_confirmation_response.txt	ziua1_20260820/logs/20260820_151214/mission_1_radiator/vlm_confirmation_response.txt	2026-08-20T15:13:02	329	c2744dd7e191ef1f432d2f963774efe8	yes	no	no	yes
day1_20260820/logs/20260820_151214/mission_1_radiator/vlm_decision_prompt.txt	ziua1_20260820/logs/20260820_151214/mission_1_radiator/vlm_decision_prompt.txt	2026-08-20T15:12:34	6567	f8fdeb78a22e0f155586b3392650257b	yes	no	no	yes
day1_20260820/logs/20260820_151214/mission_1_radiator/vlm_decision_response.txt	ziua1_20260820/logs/20260820_151214/mission_1_radiator/vlm_decision_response.txt	2026-08-20T15:12:34	642	f53b9fc02dde1742fc8d43ef0c469254	yes	no	no	yes
day1_20260820/logs/20260820_151458/mission_1_radiator/start.jpg	ziua1_20260820/logs/20260820_151458/mission_1_radiator/start.jpg	2026-08-20T15:15:10	80519	ef28cd0295bff35016d950b5374c8716	yes	no	no	yes
day1_20260820/logs/20260820_151458/mission_1_radiator/vlm_decision_prompt.txt	ziua1_20260820/logs/20260820_151458/mission_1_radiator/vlm_decision_prompt.txt	2026-08-20T15:15:10	6422	edd76a42bb3c2802df16243d08a0bc8d	yes	no	no	yes
day1_20260820/logs/20260820_151458/mission_1_radiator/vlm_decision_response.txt	ziua1_20260820/logs/20260820_151458/mission_1_radiator/vlm_decision_response.txt	2026-08-20T15:15:10	339	b4635a66d78498a32a00fa09e54c1f67	yes	no	no	yes
day1_20260820/logs/20260820_151458/mission_2_radiator/finish.jpg	ziua1_20260820/logs/20260820_151458/mission_2_radiator/finish.jpg	2026-08-20T15:16:00	101388	b2fa4bcf51cb4f70248f73df241b0236	yes	no	no	yes
day1_20260820/logs/20260820_151458/mission_2_radiator/start.jpg	ziua1_20260820/logs/20260820_151458/mission_2_radiator/start.jpg	2026-08-20T15:15:44	80649	06bf65000b8408a31006f5af45e36246	yes	no	no	yes
day1_20260820/logs/20260820_151458/mission_2_radiator/vlm_confirmation_prompt.txt	ziua1_20260820/logs/20260820_151458/mission_2_radiator/vlm_confirmation_prompt.txt	2026-08-20T15:16:00	632	e089c782ec4bc1b920c344141b688498	yes	no	no	yes
day1_20260820/logs/20260820_151458/mission_2_radiator/vlm_confirmation_response.txt	ziua1_20260820/logs/20260820_151458/mission_2_radiator/vlm_confirmation_response.txt	2026-08-20T15:16:10	319	9bdab86b9e1bc3836cb8de260c2369db	yes	no	no	yes
day1_20260820/logs/20260820_151458/mission_2_radiator/vlm_decision_prompt.txt	ziua1_20260820/logs/20260820_151458/mission_2_radiator/vlm_decision_prompt.txt	2026-08-20T15:15:44	6491	97adcd218f9328e7a0d1cdb6bd5f022f	yes	no	no	yes
day1_20260820/logs/20260820_151458/mission_2_radiator/vlm_decision_response.txt	ziua1_20260820/logs/20260820_151458/mission_2_radiator/vlm_decision_response.txt	2026-08-20T15:15:44	299	be81f0de8a3fdd22431807f3dd7bf891	yes	no	no	yes
day1_20260820/logs/20260820_151916/mission_1_radiator/finish.jpg	ziua1_20260820/logs/20260820_151916/mission_1_radiator/finish.jpg	2026-08-20T15:19:44	102234	fb6e06753301d6ba2079739e96383d33	yes	no	no	yes
day1_20260820/logs/20260820_151916/mission_1_radiator/start.jpg	ziua1_20260820/logs/20260820_151916/mission_1_radiator/start.jpg	2026-08-20T15:19:28	76960	f48ff8d82bad03d2cc0a883b591904f9	yes	no	no	yes
day1_20260820/logs/20260820_151916/mission_1_radiator/vlm_confirmation_prompt.txt	ziua1_20260820/logs/20260820_151916/mission_1_radiator/vlm_confirmation_prompt.txt	2026-08-20T15:19:44	632	e089c782ec4bc1b920c344141b688498	yes	no	no	yes
day1_20260820/logs/20260820_151916/mission_1_radiator/vlm_confirmation_response.txt	ziua1_20260820/logs/20260820_151916/mission_1_radiator/vlm_confirmation_response.txt	2026-08-20T15:19:56	315	9f11869e742eb9858c8c5f88c43eb41f	yes	no	no	yes
day1_20260820/logs/20260820_151916/mission_1_radiator/vlm_decision_prompt.txt	ziua1_20260820/logs/20260820_151916/mission_1_radiator/vlm_decision_prompt.txt	2026-08-20T15:19:28	6394	4c4b23e108e55a03d9dc131a4c9799b4	yes	no	no	yes
day1_20260820/logs/20260820_151916/mission_1_radiator/vlm_decision_response.txt	ziua1_20260820/logs/20260820_151916/mission_1_radiator/vlm_decision_response.txt	2026-08-20T15:19:28	531	9457d5de6eab2597afc0ed1d8407020a	yes	no	no	yes
day1_20260820/logs/20260820_152130/mission_1_radiator/finish.jpg	ziua1_20260820/logs/20260820_152130/mission_1_radiator/finish.jpg	2026-08-20T15:22:00	100610	40ad11c60dc662f4da5d0f9a9cfb5721	yes	no	no	yes
day1_20260820/logs/20260820_152130/mission_1_radiator/start.jpg	ziua1_20260820/logs/20260820_152130/mission_1_radiator/start.jpg	2026-08-20T15:21:42	76700	9a0f97108c8dd12c0c99b8b640fe64b6	yes	no	no	yes
day1_20260820/logs/20260820_152130/mission_1_radiator/vlm_confirmation_prompt.txt	ziua1_20260820/logs/20260820_152130/mission_1_radiator/vlm_confirmation_prompt.txt	2026-08-20T15:22:00	632	e089c782ec4bc1b920c344141b688498	yes	no	no	yes
day1_20260820/logs/20260820_152130/mission_1_radiator/vlm_confirmation_response.txt	ziua1_20260820/logs/20260820_152130/mission_1_radiator/vlm_confirmation_response.txt	2026-08-20T15:22:12	586	2d9713d3842aa9640f05002b37e53582	yes	no	no	yes
day1_20260820/logs/20260820_152130/mission_1_radiator/vlm_decision_prompt.txt	ziua1_20260820/logs/20260820_152130/mission_1_radiator/vlm_decision_prompt.txt	2026-08-20T15:21:42	6500	94d13fc22d5dc219ffd1d137a80cdf24	yes	no	no	yes
day1_20260820/logs/20260820_152130/mission_1_radiator/vlm_decision_response.txt	ziua1_20260820/logs/20260820_152130/mission_1_radiator/vlm_decision_response.txt	2026-08-20T15:21:42	237	38177f354a5b222b4a2ca9c4b1eb0b7a	yes	no	no	yes
day1_20260820/logs/20260820_152237/mission_1_radiator/finish.jpg	ziua1_20260820/logs/20260820_152237/mission_1_radiator/finish.jpg	2026-08-20T15:23:14	100924	aae78b8fa6ae75cc7b510e236b949ad5	yes	no	no	yes
day1_20260820/logs/20260820_152237/mission_1_radiator/start.jpg	ziua1_20260820/logs/20260820_152237/mission_1_radiator/start.jpg	2026-08-20T15:22:56	80068	b87c42f6926d0a924d66905eef2ef5c3	yes	no	no	yes
day1_20260820/logs/20260820_152237/mission_1_radiator/vlm_confirmation_prompt.txt	ziua1_20260820/logs/20260820_152237/mission_1_radiator/vlm_confirmation_prompt.txt	2026-08-20T15:23:14	632	e089c782ec4bc1b920c344141b688498	yes	no	no	yes
day1_20260820/logs/20260820_152237/mission_1_radiator/vlm_confirmation_response.txt	ziua1_20260820/logs/20260820_152237/mission_1_radiator/vlm_confirmation_response.txt	2026-08-20T15:23:26	580	7db59a6775928f7a97096f11a311b3e5	yes	no	no	yes
day1_20260820/logs/20260820_152237/mission_1_radiator/vlm_decision_prompt.txt	ziua1_20260820/logs/20260820_152237/mission_1_radiator/vlm_decision_prompt.txt	2026-08-20T15:22:56	6492	82d69b9c1c5d1f3ffd0aef9c8d16847c	yes	no	no	yes
day1_20260820/logs/20260820_152237/mission_1_radiator/vlm_decision_response.txt	ziua1_20260820/logs/20260820_152237/mission_1_radiator/vlm_decision_response.txt	2026-08-20T15:22:56	1079	0850e843c867311168a8ae115f768760	yes	no	no	yes
day1_20260820/logs/20260820_152450/mission_1_cb202/finish.jpg	ziua1_20260820/logs/20260820_152450/mission_1_cb202/finish.jpg	2026-08-20T15:25:12	88808	df02da3450794c62bfc6fe10768f83bb	yes	no	no	yes
day1_20260820/logs/20260820_152450/mission_1_cb202/start.jpg	ziua1_20260820/logs/20260820_152450/mission_1_cb202/start.jpg	2026-08-20T15:25:02	75362	2bb0c3061bb81d0a1f638ac0703fd60a	yes	no	no	yes
day1_20260820/logs/20260820_152450/mission_1_cb202/vlm_confirmation_prompt.txt	ziua1_20260820/logs/20260820_152450/mission_1_cb202/vlm_confirmation_prompt.txt	2026-08-20T15:25:12	639	1e750e376384b9018b536a1728d123ae	yes	no	no	yes
day1_20260820/logs/20260820_152450/mission_1_cb202/vlm_confirmation_response.txt	ziua1_20260820/logs/20260820_152450/mission_1_cb202/vlm_confirmation_response.txt	2026-08-20T15:25:22	305	1a6f66a43618b779ad40f78e4b2a4295	yes	no	no	yes
day1_20260820/logs/20260820_152450/mission_1_cb202/vlm_decision_prompt.txt	ziua1_20260820/logs/20260820_152450/mission_1_cb202/vlm_decision_prompt.txt	2026-08-20T15:25:02	5805	61ec4c3eeed3d5ed00fd322390aff4ef	yes	no	no	yes
day1_20260820/logs/20260820_152450/mission_1_cb202/vlm_decision_response.txt	ziua1_20260820/logs/20260820_152450/mission_1_cb202/vlm_decision_response.txt	2026-08-20T15:25:02	221	6b8995bf08f8806ed7191108886868d4	yes	no	no	yes
day1_20260820/logs/20260820_152555/mission_1_cb204/finish.jpg	ziua1_20260820/logs/20260820_152555/mission_1_cb204/finish.jpg	2026-08-20T15:26:18	92232	d3d9233d6f910bdcd1d965f498137d50	yes	no	no	yes
day1_20260820/logs/20260820_152555/mission_1_cb204/start.jpg	ziua1_20260820/logs/20260820_152555/mission_1_cb204/start.jpg	2026-08-20T15:26:00	79266	c48ff92802d60961c1e3c9eeff886619	yes	no	no	yes
day1_20260820/logs/20260820_152555/mission_1_cb204/vlm_confirmation_prompt.txt	ziua1_20260820/logs/20260820_152555/mission_1_cb204/vlm_confirmation_prompt.txt	2026-08-20T15:26:18	832	f594f968a1a3fef04c3095d9df17baa9	yes	no	no	yes
day1_20260820/logs/20260820_152555/mission_1_cb204/vlm_confirmation_response.txt	ziua1_20260820/logs/20260820_152555/mission_1_cb204/vlm_confirmation_response.txt	2026-08-20T15:26:24	507	46f87885ab19fc2d22720ec36942604e	yes	no	no	yes
day1_20260820/logs/20260820_152656/mission_1_toilet_m/finish.jpg	ziua1_20260820/logs/20260820_152656/mission_1_toilet_m/finish.jpg	2026-08-20T15:27:16	85311	1d69844b061bb4f98078fd515666d96b	yes	no	no	yes
day1_20260820/logs/20260820_152656/mission_1_toilet_m/start.jpg	ziua1_20260820/logs/20260820_152656/mission_1_toilet_m/start.jpg	2026-08-20T15:27:02	82062	9cd3889b6ad32484fcc68fda43efaa87	yes	no	no	yes
day1_20260820/logs/20260820_152803/mission_1_cb202/finish.jpg	ziua1_20260820/logs/20260820_152803/mission_1_cb202/finish.jpg	2026-08-20T15:28:22	85086	cce6674d23ddcffb0c9ea595f12ebdda	yes	no	no	yes
day1_20260820/logs/20260820_152803/mission_1_cb202/start.jpg	ziua1_20260820/logs/20260820_152803/mission_1_cb202/start.jpg	2026-08-20T15:28:10	76376	dbbc971d4d0023e1bcf281cf375955a7	yes	no	no	yes
day1_20260820/logs/20260820_152803/mission_1_cb202/vlm_confirmation_prompt.txt	ziua1_20260820/logs/20260820_152803/mission_1_cb202/vlm_confirmation_prompt.txt	2026-08-20T15:28:22	639	1e750e376384b9018b536a1728d123ae	yes	no	no	yes
day1_20260820/logs/20260820_152803/mission_1_cb202/vlm_confirmation_response.txt	ziua1_20260820/logs/20260820_152803/mission_1_cb202/vlm_confirmation_response.txt	2026-08-20T15:28:30	559	006222b242443f829f73016274157229	yes	no	no	yes
day1_20260820/logs/20260820_153008/mission_1_cb204/finish.jpg	ziua1_20260820/logs/20260820_153008/mission_1_cb204/finish.jpg	2026-08-20T15:30:34	93604	1289c22f8cc3528203fbe24c71d508e7	yes	no	no	yes
day1_20260820/logs/20260820_153008/mission_1_cb204/start.jpg	ziua1_20260820/logs/20260820_153008/mission_1_cb204/start.jpg	2026-08-20T15:30:18	80412	36d8a6937aedab7c89a9e093b4958a30	yes	no	no	yes
day1_20260820/logs/20260820_153008/mission_1_cb204/vlm_confirmation_prompt.txt	ziua1_20260820/logs/20260820_153008/mission_1_cb204/vlm_confirmation_prompt.txt	2026-08-20T15:30:34	832	f594f968a1a3fef04c3095d9df17baa9	yes	no	no	yes
day1_20260820/logs/20260820_153008/mission_1_cb204/vlm_confirmation_response.txt	ziua1_20260820/logs/20260820_153008/mission_1_cb204/vlm_confirmation_response.txt	2026-08-20T15:30:40	494	ed3e9df644b14244dd2212151a5a03b2	yes	no	no	yes
day1_20260820/logs/20260820_153723/mission_1_radiator/finish.jpg	ziua1_20260820/logs/20260820_153723/mission_1_radiator/finish.jpg	2026-08-20T15:38:22	99347	f6f421f219d977fb82a8369d329c6a8d	yes	no	no	yes
day1_20260820/logs/20260820_153723/mission_1_radiator/start.jpg	ziua1_20260820/logs/20260820_153723/mission_1_radiator/start.jpg	2026-08-20T15:37:40	75158	318e85124aa80d231e70e158e0bd299b	yes	no	no	yes
day1_20260820/logs/20260820_153723/mission_1_radiator/vlm_confirmation_prompt.txt	ziua1_20260820/logs/20260820_153723/mission_1_radiator/vlm_confirmation_prompt.txt	2026-08-20T15:38:22	632	e089c782ec4bc1b920c344141b688498	yes	no	no	yes
day1_20260820/logs/20260820_153723/mission_1_radiator/vlm_confirmation_response.txt	ziua1_20260820/logs/20260820_153723/mission_1_radiator/vlm_confirmation_response.txt	2026-08-20T15:38:32	316	3b6057168e30c9db288e1e55808b03c9	yes	no	no	yes
day1_20260820/logs/20260820_153723/mission_1_radiator/vlm_decision_prompt.txt	ziua1_20260820/logs/20260820_153723/mission_1_radiator/vlm_decision_prompt.txt	2026-08-20T15:37:40	6430	f8cbb38534489a1f26995118c176e9b1	yes	no	no	yes
day1_20260820/logs/20260820_153723/mission_1_radiator/vlm_decision_response.txt	ziua1_20260820/logs/20260820_153723/mission_1_radiator/vlm_decision_response.txt	2026-08-20T15:37:40	1291	d24462da6169ddb7ee222331b9a01cca	yes	no	no	yes
day1_20260820/logs/20260820_154029/mission_1_hall_entry/start.jpg	ziua1_20260820/logs/20260820_154029/mission_1_hall_entry/start.jpg	2026-08-20T15:40:50	77918	1cb47ee03a45acdf9dc67e5aa713a14c	yes	no	no	yes
day1_20260820/logs/20260820_154029/mission_1_hall_entry/vlm_decision_prompt.txt	ziua1_20260820/logs/20260820_154029/mission_1_hall_entry/vlm_decision_prompt.txt	2026-08-20T15:40:50	6499	fa4b3a5dd044a90c93106bbf46980343	yes	no	no	yes
day1_20260820/logs/20260820_154029/mission_1_hall_entry/vlm_decision_response.txt	ziua1_20260820/logs/20260820_154029/mission_1_hall_entry/vlm_decision_response.txt	2026-08-20T15:40:50	716	464485fc8eb63a1c2979a6a020820d12	yes	no	no	yes
day1_20260820/logs/20260820_154520/mission_1_junction_e1/start.jpg	ziua1_20260820/logs/20260820_154520/mission_1_junction_e1/start.jpg	2026-08-20T15:45:32	77791	d9b1d7133e5effb0f24c850089a64978	yes	no	no	yes
day1_20260820/logs/20260820_154520/mission_1_junction_e1/vlm_decision_prompt.txt	ziua1_20260820/logs/20260820_154520/mission_1_junction_e1/vlm_decision_prompt.txt	2026-08-20T15:45:32	6528	da3b3bf008d7df52c0e444e77cd5fb18	yes	no	no	yes
day1_20260820/logs/20260820_154520/mission_1_junction_e1/vlm_decision_response.txt	ziua1_20260820/logs/20260820_154520/mission_1_junction_e1/vlm_decision_response.txt	2026-08-20T15:45:32	251	584d733b1829b3707dcded08b7b43361	yes	no	no	yes
day1_20260820/logs/20260820_154520/mission_2_radiator/start.jpg	ziua1_20260820/logs/20260820_154520/mission_2_radiator/start.jpg	2026-08-20T15:46:12	83850	ff83a4820623d7b93f39aed1e6567c3c	yes	no	no	yes
day1_20260820/logs/20260820_154520/mission_2_radiator/vlm_decision_prompt.txt	ziua1_20260820/logs/20260820_154520/mission_2_radiator/vlm_decision_prompt.txt	2026-08-20T15:46:12	6527	de17bf8c9727303dcdb993beaf1b7e51	yes	no	no	yes
day1_20260820/logs/20260820_154520/mission_2_radiator/vlm_decision_response.txt	ziua1_20260820/logs/20260820_154520/mission_2_radiator/vlm_decision_response.txt	2026-08-20T15:46:12	241	5e8086634710f8b15effcdb5c5b72c19	yes	no	no	yes
day1_20260820/logs/20260820_155048/mission_1_cb202/finish.jpg	ziua1_20260820/logs/20260820_155048/mission_1_cb202/finish.jpg	2026-08-20T15:51:08	83396	42931d47db788f85196cba866dd851b5	yes	no	no	yes
day1_20260820/logs/20260820_155048/mission_1_cb202/start.jpg	ziua1_20260820/logs/20260820_155048/mission_1_cb202/start.jpg	2026-08-20T15:51:00	74600	745bf102d4f10fcd72aaf6711ef1cd1b	yes	no	no	yes
day1_20260820/logs/20260820_155048/mission_1_cb202/vlm_confirmation_prompt.txt	ziua1_20260820/logs/20260820_155048/mission_1_cb202/vlm_confirmation_prompt.txt	2026-08-20T15:51:08	639	1e750e376384b9018b536a1728d123ae	yes	no	no	yes
day1_20260820/logs/20260820_155048/mission_1_cb202/vlm_confirmation_response.txt	ziua1_20260820/logs/20260820_155048/mission_1_cb202/vlm_confirmation_response.txt	2026-08-20T15:51:22	518	156c4c2cfd7f78bb921a999d292552bd	yes	no	no	yes
day1_20260820/logs/20260820_155048/mission_1_cb202/vlm_decision_prompt.txt	ziua1_20260820/logs/20260820_155048/mission_1_cb202/vlm_decision_prompt.txt	2026-08-20T15:51:00	6019	190a8f321e0f4210c0ac7eede1f44dc4	yes	no	no	yes
day1_20260820/logs/20260820_155048/mission_1_cb202/vlm_decision_response.txt	ziua1_20260820/logs/20260820_155048/mission_1_cb202/vlm_decision_response.txt	2026-08-20T15:51:00	168	a4e45e86cbec6c0e13afbedde2bb07a7	yes	no	no	yes
day1_20260820/logs/20260820_155138/mission_1_cb204/finish.jpg	ziua1_20260820/logs/20260820_155138/mission_1_cb204/finish.jpg	2026-08-20T15:52:04	93444	469f79d87a50cc7c593b3e05430099b9	yes	no	no	yes
day1_20260820/logs/20260820_155138/mission_1_cb204/start.jpg	ziua1_20260820/logs/20260820_155138/mission_1_cb204/start.jpg	2026-08-20T15:51:44	77460	586e0a7b71b8c9fe374f199ecd674a0a	yes	no	no	yes
day1_20260820/logs/20260820_155138/mission_1_cb204/vlm_confirmation_prompt.txt	ziua1_20260820/logs/20260820_155138/mission_1_cb204/vlm_confirmation_prompt.txt	2026-08-20T15:52:04	832	f594f968a1a3fef04c3095d9df17baa9	yes	no	no	yes
day1_20260820/logs/20260820_155138/mission_1_cb204/vlm_confirmation_response.txt	ziua1_20260820/logs/20260820_155138/mission_1_cb204/vlm_confirmation_response.txt	2026-08-20T15:52:12	631	0295f02a268d160811683ba980f71273	yes	no	no	yes
day1_20260820/logs/20260820_155310/mission_1_toilet_m/finish.jpg	ziua1_20260820/logs/20260820_155310/mission_1_toilet_m/finish.jpg	2026-08-20T15:53:38	75896	ece6a22352d036815e817389177d15a5	yes	no	no	yes
day1_20260820/logs/20260820_155310/mission_1_toilet_m/start.jpg	ziua1_20260820/logs/20260820_155310/mission_1_toilet_m/start.jpg	2026-08-20T15:53:26	77763	33a0d32192d1d6056eb7ec3ff4bb81a2	yes	no	no	yes
day1_20260820/logs/20260820_155407/mission_1_cb202/finish.jpg	ziua1_20260820/logs/20260820_155407/mission_1_cb202/finish.jpg	2026-08-20T15:54:20	87651	af3c479601eaf88ab6381d51c1e003fc	yes	no	no	yes
day1_20260820/logs/20260820_155407/mission_1_cb202/start.jpg	ziua1_20260820/logs/20260820_155407/mission_1_cb202/start.jpg	2026-08-20T15:54:12	77859	1232ef6bb1ee7d04706b6dc474354c02	yes	no	no	yes
day1_20260820/logs/20260820_155407/mission_1_cb202/vlm_confirmation_prompt.txt	ziua1_20260820/logs/20260820_155407/mission_1_cb202/vlm_confirmation_prompt.txt	2026-08-20T15:54:20	639	1e750e376384b9018b536a1728d123ae	yes	no	no	yes
day1_20260820/logs/20260820_155407/mission_1_cb202/vlm_confirmation_response.txt	ziua1_20260820/logs/20260820_155407/mission_1_cb202/vlm_confirmation_response.txt	2026-08-20T15:54:26	330	f6283aceeb3ef2764a6a6c1f1b643569	yes	no	no	yes
day1_20260820/logs/20260820_155439/mission_1_cb204/finish.jpg	ziua1_20260820/logs/20260820_155439/mission_1_cb204/finish.jpg	2026-08-20T15:55:06	96083	6cca8e4e3dea4f90bb283301f92398d3	yes	no	no	yes
day1_20260820/logs/20260820_155439/mission_1_cb204/start.jpg	ziua1_20260820/logs/20260820_155439/mission_1_cb204/start.jpg	2026-08-20T15:54:48	78962	e1da77471064aafd0b67a3748acb7330	yes	no	no	yes
day1_20260820/logs/20260820_155439/mission_1_cb204/vlm_confirmation_prompt.txt	ziua1_20260820/logs/20260820_155439/mission_1_cb204/vlm_confirmation_prompt.txt	2026-08-20T15:55:06	832	f594f968a1a3fef04c3095d9df17baa9	yes	no	no	yes
day1_20260820/logs/20260820_155439/mission_1_cb204/vlm_confirmation_response.txt	ziua1_20260820/logs/20260820_155439/mission_1_cb204/vlm_confirmation_response.txt	2026-08-20T15:55:14	505	65b552fb0cbba781ff819c3248c91ea7	yes	no	no	yes
day1_20260820/logs/20260820_155612/mission_1_hall_entry/start.jpg	ziua1_20260820/logs/20260820_155612/mission_1_hall_entry/start.jpg	2026-08-20T15:56:28	78740	8efc3a23b78c77515bd408e5c6bdd66f	yes	no	no	yes
day1_20260820/logs/20260820_155612/mission_1_hall_entry/vlm_decision_prompt.txt	ziua1_20260820/logs/20260820_155612/mission_1_hall_entry/vlm_decision_prompt.txt	2026-08-20T15:56:28	6054	4fdd233ea5505083a7821c4c382236d6	yes	no	no	yes
day1_20260820/logs/20260820_155612/mission_1_hall_entry/vlm_decision_response.txt	ziua1_20260820/logs/20260820_155612/mission_1_hall_entry/vlm_decision_response.txt	2026-08-20T15:56:28	231	be3cae1207de2e1a6f54bd1c326da8ae	yes	no	no	yes
day1_20260820/logs/20260820_155830/mission_1_cb202/finish.jpg	ziua1_20260820/logs/20260820_155830/mission_1_cb202/finish.jpg	2026-08-20T15:58:42	87415	ca59c332090ad48ef0d96eed8e403d26	yes	no	no	yes
day1_20260820/logs/20260820_155830/mission_1_cb202/start.jpg	ziua1_20260820/logs/20260820_155830/mission_1_cb202/start.jpg	2026-08-20T15:58:34	79916	ad7035634450dc8578d1ab1fefacba45	yes	no	no	yes
day1_20260820/logs/20260820_155830/mission_1_cb202/vlm_confirmation_prompt.txt	ziua1_20260820/logs/20260820_155830/mission_1_cb202/vlm_confirmation_prompt.txt	2026-08-20T15:58:42	639	1e750e376384b9018b536a1728d123ae	yes	no	no	yes
day1_20260820/logs/20260820_155830/mission_1_cb202/vlm_confirmation_response.txt	ziua1_20260820/logs/20260820_155830/mission_1_cb202/vlm_confirmation_response.txt	2026-08-20T15:58:54	506	523635dd373769b981d9373d0fe07972	yes	no	no	yes
day1_20260820/logs/20260820_160313/mission_1_cb202/finish.jpg	ziua1_20260820/logs/20260820_160313/mission_1_cb202/finish.jpg	2026-08-20T16:03:34	87876	c31956a17a1d103802d9700e1ce286e3	yes	no	no	yes
day1_20260820/logs/20260820_160313/mission_1_cb202/start.jpg	ziua1_20260820/logs/20260820_160313/mission_1_cb202/start.jpg	2026-08-20T16:03:26	80743	e1fce606517cb6b9f1668e73e10d5933	yes	no	no	yes
day1_20260820/logs/20260820_160313/mission_1_cb202/vlm_confirmation_prompt.txt	ziua1_20260820/logs/20260820_160313/mission_1_cb202/vlm_confirmation_prompt.txt	2026-08-20T16:03:34	639	1e750e376384b9018b536a1728d123ae	yes	no	no	yes
day1_20260820/logs/20260820_160313/mission_1_cb202/vlm_confirmation_response.txt	ziua1_20260820/logs/20260820_160313/mission_1_cb202/vlm_confirmation_response.txt	2026-08-20T16:03:42	515	d85c444582c7efcf63db275866b0960b	yes	no	no	yes
day1_20260820/logs/audit_20260820_115934.jsonl	ziua1_20260820/logs/audit_20260820_115934.jsonl	2026-08-20T12:00:24	5413	c93820dd45534b93b6b8843b184a1d1f	yes	no	no	yes
day1_20260820/logs/audit_20260820_121926.jsonl	ziua1_20260820/logs/audit_20260820_121926.jsonl	2026-08-20T12:20:02	5374	413a994d269088ed1437a020eec35387	yes	no	no	yes
day1_20260820/logs/audit_20260820_122950.jsonl	ziua1_20260820/logs/audit_20260820_122950.jsonl	2026-08-20T12:30:18	4052	48a838c8296bfccc48c9bb9d738bab5c	yes	no	no	yes
day1_20260820/logs/audit_20260820_123127.jsonl	ziua1_20260820/logs/audit_20260820_123127.jsonl	2026-08-20T12:31:48	3575	e5ee54472ab25924f793ec448b959686	yes	no	no	yes
day1_20260820/logs/audit_20260820_123233.jsonl	ziua1_20260820/logs/audit_20260820_123233.jsonl	2026-08-20T12:32:58	3575	046f107b5b9363f8edf87c5e83fcd9b4	yes	no	no	yes
day1_20260820/logs/audit_20260820_123335.jsonl	ziua1_20260820/logs/audit_20260820_123335.jsonl	2026-08-20T12:34:16	4052	8ef21a0dee626db47dbdbec6078f1989	yes	no	no	yes
day1_20260820/logs/audit_20260820_123503.jsonl	ziua1_20260820/logs/audit_20260820_123503.jsonl	2026-08-20T12:35:44	5144	d0ef64d46683df0daa79d4ab59370410	yes	no	no	yes
day1_20260820/logs/audit_20260820_123638.jsonl	ziua1_20260820/logs/audit_20260820_123638.jsonl	2026-08-20T12:37:20	5178	de6a8343b00f184aaeecad4539002a69	yes	no	no	yes
day1_20260820/logs/audit_20260820_124328.jsonl	ziua1_20260820/logs/audit_20260820_124328.jsonl	2026-08-20T12:44:50	4707	453d0ced1d5b7e59ae38a15a1140de2d	yes	no	no	yes
day1_20260820/logs/audit_20260820_124531.jsonl	ziua1_20260820/logs/audit_20260820_124531.jsonl	2026-08-20T12:46:32	5224	e9a4b65355b0cc8c5608f67e4d6af5f0	yes	no	no	yes
day1_20260820/logs/audit_20260820_124642.jsonl	ziua1_20260820/logs/audit_20260820_124642.jsonl	2026-08-20T12:48:56	3560	3adb247b1963e34fb7f9812c6bb2ce3e	yes	no	no	yes
day1_20260820/logs/audit_20260820_125530.jsonl	ziua1_20260820/logs/audit_20260820_125530.jsonl	2026-08-20T12:56:22	5236	a6bffa530efa46ecc4a94342204514c8	yes	no	no	yes
day1_20260820/logs/audit_20260820_125656.jsonl	ziua1_20260820/logs/audit_20260820_125656.jsonl	2026-08-20T12:58:02	8596	f35330307044946d987fd93d9dda0c64	yes	no	no	yes
day1_20260820/logs/audit_20260820_125837.jsonl	ziua1_20260820/logs/audit_20260820_125837.jsonl	2026-08-20T12:59:12	5121	cec82febdcc52aa1ea244be219f73ac9	yes	no	no	yes
day1_20260820/logs/audit_20260820_125951.jsonl	ziua1_20260820/logs/audit_20260820_125951.jsonl	2026-08-20T13:00:30	5156	619df3ccc414937636cfb700bc5ac0f4	yes	no	no	yes
day1_20260820/logs/audit_20260820_130207.jsonl	ziua1_20260820/logs/audit_20260820_130207.jsonl	2026-08-20T13:02:54	5161	c189523eae90a3cdf14b1f176743381a	yes	no	no	yes
day1_20260820/logs/audit_20260820_130331.jsonl	ziua1_20260820/logs/audit_20260820_130331.jsonl	2026-08-20T13:04:30	4742	33606306b7d0d45784e3a58d868e826b	yes	no	no	yes
day1_20260820/logs/audit_20260820_130509.jsonl	ziua1_20260820/logs/audit_20260820_130509.jsonl	2026-08-20T13:05:56	5159	c02258b9b72f355999c4579a9db17d64	yes	no	no	yes
day1_20260820/logs/audit_20260820_140042.jsonl	ziua1_20260820/logs/audit_20260820_140042.jsonl	2026-08-20T14:01:18	5786	1eafdbf4f0ac9bb86c720d106cd88037	yes	no	no	yes
day1_20260820/logs/audit_20260820_140207.jsonl	ziua1_20260820/logs/audit_20260820_140207.jsonl	2026-08-20T14:02:36	5756	a89f892796b49a8c38b13942c9032497	yes	no	no	yes
day1_20260820/logs/audit_20260820_141007.jsonl	ziua1_20260820/logs/audit_20260820_141007.jsonl	2026-08-20T14:10:34	5027	4ca4773f2f24e63f0d101b6f0806b22d	yes	no	no	yes
day1_20260820/logs/audit_20260820_141131.jsonl	ziua1_20260820/logs/audit_20260820_141131.jsonl	2026-08-20T14:11:54	5012	d3fcef25c58abd02335e67eac5ac1ff1	yes	no	no	yes
day1_20260820/logs/audit_20260820_141656.jsonl	ziua1_20260820/logs/audit_20260820_141656.jsonl	2026-08-20T14:17:30	4961	cd2e86ed85df7aa9f5e6ed684c252c7f	yes	no	no	yes
day1_20260820/logs/audit_20260820_141906.jsonl	ziua1_20260820/logs/audit_20260820_141906.jsonl	2026-08-20T14:19:36	5000	16347a87eef7c9ef3e0355fbb80c8f0d	yes	no	no	yes
day1_20260820/logs/audit_20260820_142701.jsonl	ziua1_20260820/logs/audit_20260820_142701.jsonl	2026-08-20T14:27:30	5334	5c8ad7a29b67ebd018ad76a61349b87e	yes	no	no	yes
day1_20260820/logs/audit_20260820_142805.jsonl	ziua1_20260820/logs/audit_20260820_142805.jsonl	2026-08-20T14:28:26	5343	f3676ff080f4b92314ed6f8131c2a2c7	yes	no	no	yes
day1_20260820/logs/audit_20260820_143504.jsonl	ziua1_20260820/logs/audit_20260820_143504.jsonl	2026-08-20T14:35:30	5536	77cc9c231ab699c9c21027cb435813e5	yes	no	no	yes
day1_20260820/logs/audit_20260820_143557.jsonl	ziua1_20260820/logs/audit_20260820_143557.jsonl	2026-08-20T14:36:28	5456	f2104d7c8d337f942d8aa8c4ff85d8c1	yes	no	no	yes
day1_20260820/logs/audit_20260820_143644.jsonl	ziua1_20260820/logs/audit_20260820_143644.jsonl	2026-08-20T14:37:14	5503	40a598c2756723b334a9ccd0907d017c	yes	no	no	yes
day1_20260820/logs/audit_20260820_143732.jsonl	ziua1_20260820/logs/audit_20260820_143732.jsonl	2026-08-20T14:37:56	5476	523099b047c71ae069cbef5bb1b4a7d2	yes	no	no	yes
day1_20260820/logs/audit_20260820_144036.jsonl	ziua1_20260820/logs/audit_20260820_144036.jsonl	2026-08-20T14:41:00	5180	86c6c61d2919fbb828eb2d25ad1bd622	yes	no	no	yes
day1_20260820/logs/audit_20260820_144134.jsonl	ziua1_20260820/logs/audit_20260820_144134.jsonl	2026-08-20T14:42:12	5151	3eb2eb9ccfc115512e9fbbfb58d72f76	yes	no	no	yes
day1_20260820/logs/audit_20260820_144235.jsonl	ziua1_20260820/logs/audit_20260820_144235.jsonl	2026-08-20T14:43:02	5146	178c2fc90b2bc300508b5c81ba33ac4d	yes	no	no	yes
day1_20260820/logs/audit_20260820_144319.jsonl	ziua1_20260820/logs/audit_20260820_144319.jsonl	2026-08-20T14:43:46	5147	12210969ff4199dbe267fc4ac38f919c	yes	no	no	yes
day1_20260820/logs/audit_20260820_144526.jsonl	ziua1_20260820/logs/audit_20260820_144526.jsonl	2026-08-20T14:46:00	4716	29e8e98523a422206f13e599b462e840	yes	no	no	yes
day1_20260820/logs/audit_20260820_144633.jsonl	ziua1_20260820/logs/audit_20260820_144633.jsonl	2026-08-20T14:47:36	4713	891000d6c161070b05deeaee9bf34b7b	yes	no	no	yes
day1_20260820/logs/audit_20260820_145232.jsonl	ziua1_20260820/logs/audit_20260820_145232.jsonl	2026-08-20T14:53:16	5063	3539e6293d415d9f5648659fe85aacf5	yes	no	no	yes
day1_20260820/logs/audit_20260820_145354.jsonl	ziua1_20260820/logs/audit_20260820_145354.jsonl	2026-08-20T14:55:06	7093	b0a1975fef462fa38e0c20ba6c0573bc	yes	no	no	yes
day1_20260820/logs/audit_20260820_150456.jsonl	ziua1_20260820/logs/audit_20260820_150456.jsonl	2026-08-20T15:05:42	12994	5ca5203815ac73da8905e162fb086fdd	yes	no	no	yes
day1_20260820/logs/audit_20260820_150614.jsonl	ziua1_20260820/logs/audit_20260820_150614.jsonl	2026-08-20T15:06:28	10058	94da4f687e6c37d0181382542cae7e55	yes	no	no	yes
day1_20260820/logs/audit_20260820_150652.jsonl	ziua1_20260820/logs/audit_20260820_150652.jsonl	2026-08-20T15:07:38	13098	6c309a3c26a4b9d9c40af4a9bd0bfe7e	yes	no	no	yes
day1_20260820/logs/audit_20260820_150808.jsonl	ziua1_20260820/logs/audit_20260820_150808.jsonl	2026-08-20T15:08:26	10207	e1248805131f33cfa55f65a5ad44e0a3	yes	no	no	yes
day1_20260820/logs/audit_20260820_150840.jsonl	ziua1_20260820/logs/audit_20260820_150840.jsonl	2026-08-20T15:08:52	10210	4b604a01de7c0de8bcf8201c811797d1	yes	no	no	yes
day1_20260820/logs/audit_20260820_150904.jsonl	ziua1_20260820/logs/audit_20260820_150904.jsonl	2026-08-20T15:09:16	10206	4e5488b3a25e9cba64a9b505159b80f5	yes	no	no	yes
day1_20260820/logs/audit_20260820_150931.jsonl	ziua1_20260820/logs/audit_20260820_150931.jsonl	2026-08-20T15:10:18	12777	7a220520e580b9acbcc0262e36233ee4	yes	no	no	yes
day1_20260820/logs/audit_20260820_151130.jsonl	ziua1_20260820/logs/audit_20260820_151130.jsonl	2026-08-20T15:11:30	1955	dd2b9f2b1d20b80e37ee6ed9631f64df	yes	no	no	yes
day1_20260820/logs/audit_20260820_151133.jsonl	ziua1_20260820/logs/audit_20260820_151133.jsonl	2026-08-20T15:11:32	1955	8da7e8a8e3624c5836e1dbb60d8c0ab6	yes	no	no	yes
day1_20260820/logs/audit_20260820_151214.jsonl	ziua1_20260820/logs/audit_20260820_151214.jsonl	2026-08-20T15:13:02	12858	d9d2d2a33f2641f33cca03fcc46e67a6	yes	no	no	yes
day1_20260820/logs/audit_20260820_151349.jsonl	ziua1_20260820/logs/audit_20260820_151349.jsonl	2026-08-20T15:14:14	9928	26baa47fc08f020c08daf08b1bde8755	yes	no	no	yes
day1_20260820/logs/audit_20260820_151423.jsonl	ziua1_20260820/logs/audit_20260820_151423.jsonl	2026-08-20T15:14:40	9908	28729685d43f404737afdeef4e0e8a7b	yes	no	no	yes
day1_20260820/logs/audit_20260820_151458.jsonl	ziua1_20260820/logs/audit_20260820_151458.jsonl	2026-08-20T15:16:10	22263	5691646aa33b5f9f856c010a582d8cf1	yes	no	no	yes
day1_20260820/logs/audit_20260820_151704.jsonl	ziua1_20260820/logs/audit_20260820_151704.jsonl	2026-08-20T15:17:24	9989	71adb05497a45c3b29f3498b33b98e3b	yes	no	no	yes
day1_20260820/logs/audit_20260820_151743.jsonl	ziua1_20260820/logs/audit_20260820_151743.jsonl	2026-08-20T15:18:10	10136	1fe22e0174db3bd826bc9218dcc460ff	yes	no	no	yes
day1_20260820/logs/audit_20260820_151916.jsonl	ziua1_20260820/logs/audit_20260820_151916.jsonl	2026-08-20T15:19:56	12517	8b2c525596b14afe3306148748b705b1	yes	no	no	yes
day1_20260820/logs/audit_20260820_152059.jsonl	ziua1_20260820/logs/audit_20260820_152059.jsonl	2026-08-20T15:21:16	9972	cfb9eaa3d72b2aa71d1452d20e86b8a8	yes	no	no	yes
day1_20260820/logs/audit_20260820_152130.jsonl	ziua1_20260820/logs/audit_20260820_152130.jsonl	2026-08-20T15:22:12	13114	91e683ca86771a36e1c6163389f655f8	yes	no	no	yes
day1_20260820/logs/audit_20260820_152237.jsonl	ziua1_20260820/logs/audit_20260820_152237.jsonl	2026-08-20T15:23:26	13034	8b6093c13e9a4d7782cdb694a829079c	yes	no	no	yes
day1_20260820/logs/audit_20260820_152411.jsonl	ziua1_20260820/logs/audit_20260820_152411.jsonl	2026-08-20T15:24:30	9950	03538fc3bf76270140361e6f56dd3402	yes	no	no	yes
day1_20260820/logs/audit_20260820_152450.jsonl	ziua1_20260820/logs/audit_20260820_152450.jsonl	2026-08-20T15:25:22	11890	25ed8b5aec84c62e34eb1277b029e1c3	yes	no	no	yes
day1_20260820/logs/audit_20260820_152555.jsonl	ziua1_20260820/logs/audit_20260820_152555.jsonl	2026-08-20T15:26:24	5535	680eeae0d29bb3275bec97617f305eb0	yes	no	no	yes
day1_20260820/logs/audit_20260820_152656.jsonl	ziua1_20260820/logs/audit_20260820_152656.jsonl	2026-08-20T15:27:16	4644	0ff2e6a150f50fce81d68899e5ca1078	yes	no	no	yes
day1_20260820/logs/audit_20260820_152803.jsonl	ziua1_20260820/logs/audit_20260820_152803.jsonl	2026-08-20T15:28:30	5782	0ecd0d874a237d7606e6277272f16d2d	yes	no	no	yes
day1_20260820/logs/audit_20260820_153008.jsonl	ziua1_20260820/logs/audit_20260820_153008.jsonl	2026-08-20T15:30:40	5443	4fe65d323e72ed4c95b74fd322a89c00	yes	no	no	yes
day1_20260820/logs/audit_20260820_153622.jsonl	ziua1_20260820/logs/audit_20260820_153622.jsonl	2026-08-20T15:36:38	9887	adc7120b6ad448a80579ef4adaeaa6bd	yes	no	no	yes
day1_20260820/logs/audit_20260820_153654.jsonl	ziua1_20260820/logs/audit_20260820_153654.jsonl	2026-08-20T15:37:06	9890	a6f30f66c8235a04122930bb7a51d461	yes	no	no	yes
day1_20260820/logs/audit_20260820_153723.jsonl	ziua1_20260820/logs/audit_20260820_153723.jsonl	2026-08-20T15:38:32	12365	22a5a1e15f91f708f3da57444509bd28	yes	no	no	yes
day1_20260820/logs/audit_20260820_153859.jsonl	ziua1_20260820/logs/audit_20260820_153859.jsonl	2026-08-20T15:39:14	10108	25a81045f38b184f46b373cb7f966983	yes	no	no	yes
day1_20260820/logs/audit_20260820_153927.jsonl	ziua1_20260820/logs/audit_20260820_153927.jsonl	2026-08-20T15:39:40	10111	5d97b32a7ac7115ac24e04dabb4feca1	yes	no	no	yes
day1_20260820/logs/audit_20260820_153951.jsonl	ziua1_20260820/logs/audit_20260820_153951.jsonl	2026-08-20T15:40:02	10106	1ba6fe61232b38edf8a1c0ab87910cec	yes	no	no	yes
day1_20260820/logs/audit_20260820_154012.jsonl	ziua1_20260820/logs/audit_20260820_154012.jsonl	2026-08-20T15:40:24	10093	b0f45aa7e50859e7e5cd8d6a240273c2	yes	no	no	yes
day1_20260820/logs/audit_20260820_154029.jsonl	ziua1_20260820/logs/audit_20260820_154029.jsonl	2026-08-20T15:41:00	11196	3ecaefda82f5ae6b43de67ba7bb3fec0	yes	no	no	yes
day1_20260820/logs/audit_20260820_154142.jsonl	ziua1_20260820/logs/audit_20260820_154142.jsonl	2026-08-20T15:41:56	9971	c7ea86724941f35b65506a58b300b27c	yes	no	no	yes
day1_20260820/logs/audit_20260820_154206.jsonl	ziua1_20260820/logs/audit_20260820_154206.jsonl	2026-08-20T15:42:18	9953	8abf42f14c7a6717e453d583e5feeb05	yes	no	no	yes
day1_20260820/logs/audit_20260820_154234.jsonl	ziua1_20260820/logs/audit_20260820_154234.jsonl	2026-08-20T15:42:52	9899	54486e251638aed84c2bdc4fa7c6af47	yes	no	no	yes
day1_20260820/logs/audit_20260820_154348.jsonl	ziua1_20260820/logs/audit_20260820_154348.jsonl	2026-08-20T15:44:02	9958	59b1c75b9c622ff41db1e1e757bc3f28	yes	no	no	yes
day1_20260820/logs/audit_20260820_154422.jsonl	ziua1_20260820/logs/audit_20260820_154422.jsonl	2026-08-20T15:44:34	9871	fe781196c187d8ab582f6e4b284ad98d	yes	no	no	yes
day1_20260820/logs/audit_20260820_154520.jsonl	ziua1_20260820/logs/audit_20260820_154520.jsonl	2026-08-20T15:46:30	20662	a5b6be5422c2b8554b08893409815c91	yes	no	no	yes
day1_20260820/logs/audit_20260820_154745.jsonl	ziua1_20260820/logs/audit_20260820_154745.jsonl	2026-08-20T15:47:56	10074	b5504b5fa20440fcf64597c9bced4fb2	yes	no	no	yes
day1_20260820/logs/audit_20260820_154819.jsonl	ziua1_20260820/logs/audit_20260820_154819.jsonl	2026-08-20T15:48:32	10024	f17c912f7b57f8bbb9a16f3dadec97c2	yes	no	no	yes
day1_20260820/logs/audit_20260820_154847.jsonl	ziua1_20260820/logs/audit_20260820_154847.jsonl	2026-08-20T15:49:00	10042	0d2498b0d5a59dbaf0ad73da5ef0758d	yes	no	no	yes
day1_20260820/logs/audit_20260820_154912.jsonl	ziua1_20260820/logs/audit_20260820_154912.jsonl	2026-08-20T15:49:30	10188	3dafa47bd80e7331f5a1b4d07d46631b	yes	no	no	yes
day1_20260820/logs/audit_20260820_155021.jsonl	ziua1_20260820/logs/audit_20260820_155021.jsonl	2026-08-20T15:50:32	10074	82ea407a15ded656bd271d1c8baf6268	yes	no	no	yes
day1_20260820/logs/audit_20260820_155048.jsonl	ziua1_20260820/logs/audit_20260820_155048.jsonl	2026-08-20T15:51:22	12121	93bc258f437616826e3116c9a39aff97	yes	no	no	yes
day1_20260820/logs/audit_20260820_155138.jsonl	ziua1_20260820/logs/audit_20260820_155138.jsonl	2026-08-20T15:52:12	5309	a926776df7b6e745101753158cafd492	yes	no	no	yes
day1_20260820/logs/audit_20260820_155310.jsonl	ziua1_20260820/logs/audit_20260820_155310.jsonl	2026-08-20T15:53:38	4299	e40befa7bb0285a771c24f3f6636c851	yes	no	no	yes
day1_20260820/logs/audit_20260820_155407.jsonl	ziua1_20260820/logs/audit_20260820_155407.jsonl	2026-08-20T15:54:26	5044	4144f4894dbd4d5ea548b1da9388ca3a	yes	no	no	yes
day1_20260820/logs/audit_20260820_155439.jsonl	ziua1_20260820/logs/audit_20260820_155439.jsonl	2026-08-20T15:55:14	5141	f1ded72c7ef56982338e6b6071773532	yes	no	no	yes
day1_20260820/logs/audit_20260820_155612.jsonl	ziua1_20260820/logs/audit_20260820_155612.jsonl	2026-08-20T15:56:42	10587	125c6fa1e75317b5ec5e57a2865394f5	yes	no	no	yes
day1_20260820/logs/audit_20260820_155830.jsonl	ziua1_20260820/logs/audit_20260820_155830.jsonl	2026-08-20T15:58:54	5395	94d105e73029ca25474d7882a1e8ebd3	yes	no	no	yes
day1_20260820/logs/audit_20260820_160313.jsonl	ziua1_20260820/logs/audit_20260820_160313.jsonl	2026-08-20T16:03:42	5743	5a2789ced4753593ed2eccf4efdb0a8e	yes	no	no	yes
day1_20260820/mission_index_ro.txt	ziua1_20260820/INDEX_misiuni.txt	2026-08-20T16:11:48	11797	f8222a9213828a2d559e48d1d3065e2a	yes	no	no	yes
day1_20260820/session_notes_day1_ro.md	ziua1_20260820/NOTE_ziua1_20260820.md	2026-08-20T16:11:56	8055	9554cb6a2dbc14f1567ba897c4a53b6a	yes	no	no	yes
day2_20260821/CHECKSUMS_source.md5	ziua2_20260821/MD5SUMS.txt	2026-08-21T17:49:36	13208	85e358d2583d5959c3d74be9c3d339d7	yes	no	no	yes
day2_20260821/E7_seal.txt	ziua2_20260821/SIGILIU_E7.txt	2026-08-21T17:49:36	64	654f7a8ed3700d2f0b6cc225859434ed	yes	no	no	yes
day2_20260821/code/COMMITS.txt	ziua2_20260821/cod/COMMITS.txt	2026-08-21T17:49:28	204	b9526f5713eead7c8287c56ce52cf3b3	yes	no	no	yes
day2_20260821/code/executive_contract.py	ziua2_20260821/cod/executive_contract.py	2026-04-17T14:59:58	17204	bcb689f790c8d40d0ed0b8176be30b3e	yes	no	no	yes
day2_20260821/code/memory_extractor.py	ziua2_20260821/cod/memory_extractor.py	2026-08-19T11:17:26	35175	53c872c5cf35e7c9d452e383ea9a5c40	yes	no	no	yes
day2_20260821/code/negation_guard.py	ziua2_20260821/cod/negation_guard.py	2026-08-19T11:32:04	11527	5ed4735a5a61b98e58c454d61ca77ef0	yes	no	no	yes
day2_20260821/code/sas_l3a.py	ziua2_20260821/cod/sas_l3a.py	2026-08-18T15:03:30	13807	d100d7c0794b62554ce96ff71853c055	yes	no	no	yes
day2_20260821/code/sas_text.py	ziua2_20260821/cod/sas_text.py	2026-08-19T11:17:26	8268	1a565713c579496b29692d22f03a5a2c	yes	no	no	yes
day2_20260821/code/test_regression_v4_8_review.py	ziua2_20260821/cod/test_regression_v4_8_review.py	2026-08-19T11:32:04	13070	dadfe183c87575ca9180ce27ec352af3	yes	no	no	yes
day2_20260821/code/visual_confirmation_v2.py	ziua2_20260821/cod/visual_confirmation_v2.py	2026-08-18T15:03:30	8263	2e10f873cfc429c99425ca908bb64a88	yes	no	no	yes
day2_20260821/code/vlm_navigator_node_v4_8_review.py	ziua2_20260821/cod/vlm_navigator_node_v4_8_review.py	2026-08-19T10:20:18	91774	8ca95d15f108dab06b4f183bcb52e332	yes	no	no	yes
day2_20260821/config/digest_hashes_day2.txt	ziua2_20260821/config/digest_hashes_ziua2.txt	2026-08-21T17:49:28	1058	ff9b4c0376f428cc1f5af9b91cb63294	yes	no	no	yes
day2_20260821/config/memory_digest_active_end_of_day.json	ziua2_20260821/config/memory_digest_ACTIV_la_sfarsitul_zilei.json	2026-08-21T17:31:04	711	eca5dbc8061bc3fdafdc49e12bc2c900	yes	no	no	yes
day2_20260821/config/route_graph_fiir.geojson	ziua2_20260821/config/route_graph_fiir.geojson	2026-08-18T18:28:52	16549	440522bc9f0c32997698310f680bfb89	yes	no	yes	yes
day2_20260821/config/semantic_objects_static_v2.geojson	ziua2_20260821/config/semantic_objects_static_v2.geojson	2026-08-17T15:41:18	13293	2e48375071c0e4ea7cd38c0e48ef97c5	yes	no	no	yes
day2_20260821/dynamic_graph_archive/20260820_0912_ubuntu.geojson	ziua2_20260821/dyn_arhiva/20260820_0912_ubuntu.geojson	2026-08-21T17:49:36	208325	ccfbe4297d86003d2efb825bac256586	yes	no	no	yes
day2_20260821/dynamic_graph_archive/20260820_1152_saim-desktop.geojson	ziua2_20260821/dyn_arhiva/20260820_1152_saim-desktop.geojson	2026-08-21T17:49:32	287041	08c281b83be0dd5bc1e29392083e5726	yes	no	no	yes
day2_20260821/dynamic_graph_archive/20260820_1157_ubuntu.geojson	ziua2_20260821/dyn_arhiva/20260820_1157_ubuntu.geojson	2026-08-21T17:49:36	7987	0737dc438bf24b7376aa88ea4054c7cd	yes	no	no	yes
day2_20260821/dynamic_graph_archive/20260820_1158_ubuntu.geojson	ziua2_20260821/dyn_arhiva/20260820_1158_ubuntu.geojson	2026-08-21T17:49:36	236	b848dba6627c57b855c7d0150d8aa277	yes	no	no	yes
day2_20260821/dynamic_graph_archive/20260820_1532_saim-desktop.geojson	ziua2_20260821/dyn_arhiva/20260820_1532_saim-desktop.geojson	2026-08-21T17:49:32	29933	be85e6bbc757960e08b96a7f4c012b7c	yes	no	no	yes
day2_20260821/dynamic_graph_archive/20260821_0722_ubuntu.geojson	ziua2_20260821/dyn_arhiva/20260821_0722_ubuntu.geojson	2026-08-21T17:49:36	13397	2aca219914df6cc426396eb129b35b86	yes	no	no	yes
day2_20260821/dynamic_graph_archive/20260821_1008_ubuntu.geojson	ziua2_20260821/dyn_arhiva/20260821_1008_ubuntu.geojson	2026-08-21T17:49:36	28740	e7cf59d0ca436be2a3b086b0d0a9a9d2	yes	no	no	yes
day2_20260821/dynamic_graph_archive/20260821_1023_saim-desktop.geojson	ziua2_20260821/dyn_arhiva/20260821_1023_saim-desktop.geojson	2026-08-21T17:49:32	11193	f56fdb95eb2a609729d67e91019ff604	yes	no	no	yes
day2_20260821/dynamic_graph_archive/20260821_1102_ubuntu.geojson	ziua2_20260821/dyn_arhiva/20260821_1102_ubuntu.geojson	2026-08-21T17:49:36	20050	e7ddaa73114288e1e66ed4d4f7348687	yes	no	no	yes
day2_20260821/dynamic_graph_archive/20260821_1145_saim-desktop.geojson	ziua2_20260821/dyn_arhiva/20260821_1145_saim-desktop.geojson	2026-08-21T17:49:32	5208	978ca1a6c037f261261eb2e603d9c231	yes	no	no	yes
day2_20260821/dynamic_graph_archive/20260821_1335_ubuntu.geojson	ziua2_20260821/dyn_arhiva/20260821_1335_ubuntu.geojson	2026-08-21T17:49:36	10190	700e16d23ff58457b22b62553e1197b1	yes	no	no	yes
day2_20260821/dynamic_graph_archive/20260821_1414_ubuntu.geojson	ziua2_20260821/dyn_arhiva/20260821_1414_ubuntu.geojson	2026-08-21T17:49:36	7896	4d3f6b1006a3dc2492344526ef893784	yes	no	no	yes
day2_20260821/dynamic_graph_archive/20260821_1416_saim-desktop.geojson	ziua2_20260821/dyn_arhiva/20260821_1416_saim-desktop.geojson	2026-08-21T17:49:32	25470	ee638b1a10f0fd5b0aa8c79a40ff0cd5	yes	no	no	yes
day2_20260821/dynamic_graph_archive/20260821_1429_saim-desktop.geojson	ziua2_20260821/dyn_arhiva/20260821_1429_saim-desktop.geojson	2026-08-21T17:49:32	9590	37edae5c4ddf035a1fbca7d07e9e422a	yes	no	no	yes
day2_20260821/dynamic_graph_archive/20260821_1632_saim-desktop.geojson	ziua2_20260821/dyn_arhiva/20260821_1632_saim-desktop.geojson	2026-08-21T17:49:32	19478	b77e16bb63eb82a09cdaf58487df4d24	yes	no	no	yes
day2_20260821/evidence/E5_pair3_ultim_payl.json	ziua2_20260821/dovezi/E5_pair3_ultim_payl.json	2026-08-21T16:56:32	122033	056b2d50fa7ca99788066d36512f84eb	yes	no	no	yes
day2_20260821/evidence/E5_pair3_ultim_resp.json	ziua2_20260821/dovezi/E5_pair3_ultim_resp.json	2026-08-21T16:56:32	538	58a56fb53d3a6f2db17b0968dbef1a55	yes	no	no	yes
day2_20260821/git_head.txt	ziua2_20260821/git_head.txt	2026-08-21T17:49:28	204	b9526f5713eead7c8287c56ce52cf3b3	yes	no	no	yes
day2_20260821/git_status.txt	ziua2_20260821/git_status.txt	2026-08-21T17:49:28	0	d41d8cd98f00b204e9800998ecf8427e	yes	no	no	yes
day2_20260821/logs/20260821_103929/mission_1_cb202/finish.jpg	ziua2_20260821/logs/20260821_103929/mission_1_cb202/finish.jpg	2026-08-21T10:39:46	82600	e3d4726db8281b8ce3939795e3e40983	yes	no	no	yes
day2_20260821/logs/20260821_103929/mission_1_cb202/start.jpg	ziua2_20260821/logs/20260821_103929/mission_1_cb202/start.jpg	2026-08-21T10:39:32	81873	87d13ca164cba0a4346180d9759da18d	yes	no	no	yes
day2_20260821/logs/20260821_103929/mission_1_cb202/vlm_confirmation_prompt.txt	ziua2_20260821/logs/20260821_103929/mission_1_cb202/vlm_confirmation_prompt.txt	2026-08-21T10:39:46	639	1e750e376384b9018b536a1728d123ae	yes	no	no	yes
day2_20260821/logs/20260821_103929/mission_1_cb202/vlm_confirmation_response.txt	ziua2_20260821/logs/20260821_103929/mission_1_cb202/vlm_confirmation_response.txt	2026-08-21T10:39:56	316	e0380fd75c52683c846f54d7e720cc70	yes	no	no	yes
day2_20260821/logs/20260821_104307/mission_1_cb202/start.jpg	ziua2_20260821/logs/20260821_104307/mission_1_cb202/start.jpg	2026-08-21T10:43:14	83371	b5c3e70fb0dc1bf59a2b8f2002be03ea	yes	no	no	yes
day2_20260821/logs/20260821_104534/mission_1_cb202/finish.jpg	ziua2_20260821/logs/20260821_104534/mission_1_cb202/finish.jpg	2026-08-21T10:45:46	82237	509ac76d595d9b4df854320420fb9c36	yes	no	no	yes
day2_20260821/logs/20260821_104534/mission_1_cb202/start.jpg	ziua2_20260821/logs/20260821_104534/mission_1_cb202/start.jpg	2026-08-21T10:45:38	82288	a411a766d8f24422b6bd1393f0d32883	yes	no	no	yes
day2_20260821/logs/20260821_104534/mission_1_cb202/vlm_confirmation_prompt.txt	ziua2_20260821/logs/20260821_104534/mission_1_cb202/vlm_confirmation_prompt.txt	2026-08-21T10:45:46	639	1e750e376384b9018b536a1728d123ae	yes	no	no	yes
day2_20260821/logs/20260821_104534/mission_1_cb202/vlm_confirmation_response.txt	ziua2_20260821/logs/20260821_104534/mission_1_cb202/vlm_confirmation_response.txt	2026-08-21T10:45:58	610	dcb6a552f12cef172b5e16977e7b9cb6	yes	no	no	yes
day2_20260821/logs/20260821_105438/mission_1_cb202/finish.jpg	ziua2_20260821/logs/20260821_105438/mission_1_cb202/finish.jpg	2026-08-21T10:54:58	85564	68e222267e68012624745fae259db222	yes	no	no	yes
day2_20260821/logs/20260821_105438/mission_1_cb202/start.jpg	ziua2_20260821/logs/20260821_105438/mission_1_cb202/start.jpg	2026-08-21T10:54:42	81994	aab5965037ee9858e1e39b93876d7580	yes	no	no	yes
day2_20260821/logs/20260821_105438/mission_1_cb202/vlm_confirmation_prompt.txt	ziua2_20260821/logs/20260821_105438/mission_1_cb202/vlm_confirmation_prompt.txt	2026-08-21T10:54:58	639	1e750e376384b9018b536a1728d123ae	yes	no	no	yes
day2_20260821/logs/20260821_105438/mission_1_cb202/vlm_confirmation_response.txt	ziua2_20260821/logs/20260821_105438/mission_1_cb202/vlm_confirmation_response.txt	2026-08-21T10:55:06	296	48486d65ff22247164aa53028c32a106	yes	no	no	yes
day2_20260821/logs/20260821_110624/mission_1_toilet_m/start.jpg	ziua2_20260821/logs/20260821_110624/mission_1_toilet_m/start.jpg	2026-08-21T11:06:30	83136	079b7b531a1818ddfb24ba5ec863d16b	yes	no	no	yes
day2_20260821/logs/20260821_110624/mission_2_toilet_m/finish.jpg	ziua2_20260821/logs/20260821_110624/mission_2_toilet_m/finish.jpg	2026-08-21T11:07:24	78937	86a2d5a55675bb2e32eb4105ae4ef5ee	yes	no	no	yes
day2_20260821/logs/20260821_110624/mission_2_toilet_m/start.jpg	ziua2_20260821/logs/20260821_110624/mission_2_toilet_m/start.jpg	2026-08-21T11:07:02	80920	7ce16ae5a9cc1654bdb2c12d20e4a14b	yes	no	no	yes
day2_20260821/logs/20260821_110814/mission_1_cb202/finish.jpg	ziua2_20260821/logs/20260821_110814/mission_1_cb202/finish.jpg	2026-08-21T11:08:50	84277	82b49fd76dd0ef8245bb7e9c993c25d6	yes	no	no	yes
day2_20260821/logs/20260821_110814/mission_1_cb202/start.jpg	ziua2_20260821/logs/20260821_110814/mission_1_cb202/start.jpg	2026-08-21T11:08:18	78984	18e05110f7d8c60cbbfe45c9eba39d2f	yes	no	no	yes
day2_20260821/logs/20260821_110814/mission_1_cb202/vlm_confirmation_prompt.txt	ziua2_20260821/logs/20260821_110814/mission_1_cb202/vlm_confirmation_prompt.txt	2026-08-21T11:08:50	639	1e750e376384b9018b536a1728d123ae	yes	no	no	yes
day2_20260821/logs/20260821_110814/mission_1_cb202/vlm_confirmation_response.txt	ziua2_20260821/logs/20260821_110814/mission_1_cb202/vlm_confirmation_response.txt	2026-08-21T11:09:02	585	5b20ac43d0dd392128558aaece24f6ff	yes	no	no	yes
day2_20260821/logs/20260821_110936/mission_1_radiator/start.jpg	ziua2_20260821/logs/20260821_110936/mission_1_radiator/start.jpg	2026-08-21T11:09:40	82236	4176ee6772c483e48e9e7e91e55ba230	yes	no	no	yes
day2_20260821/logs/20260821_110936/mission_2_radiator/finish.jpg	ziua2_20260821/logs/20260821_110936/mission_2_radiator/finish.jpg	2026-08-21T11:10:08	99910	9005145aa4d84e94c982cfeeba3a3089	yes	no	no	yes
day2_20260821/logs/20260821_110936/mission_2_radiator/start.jpg	ziua2_20260821/logs/20260821_110936/mission_2_radiator/start.jpg	2026-08-21T11:09:46	87022	8120936a96e25165c284957136b5ca1c	yes	no	no	yes
day2_20260821/logs/20260821_110936/mission_2_radiator/vlm_confirmation_prompt.txt	ziua2_20260821/logs/20260821_110936/mission_2_radiator/vlm_confirmation_prompt.txt	2026-08-21T11:10:08	632	e089c782ec4bc1b920c344141b688498	yes	no	no	yes
day2_20260821/logs/20260821_110936/mission_2_radiator/vlm_confirmation_response.txt	ziua2_20260821/logs/20260821_110936/mission_2_radiator/vlm_confirmation_response.txt	2026-08-21T11:10:14	325	404b832e8bfe757e69f7b7e2c06bbce9	yes	no	no	yes
day2_20260821/logs/20260821_111058/mission_1_plant_5/finish.jpg	ziua2_20260821/logs/20260821_111058/mission_1_plant_5/finish.jpg	2026-08-21T11:11:30	84760	6dfa7fb7aea799ec7fdece5239678797	yes	no	no	yes
day2_20260821/logs/20260821_111058/mission_1_plant_5/start.jpg	ziua2_20260821/logs/20260821_111058/mission_1_plant_5/start.jpg	2026-08-21T11:11:04	79941	883da42925267f3c92d28aaa1651897f	yes	no	no	yes
day2_20260821/logs/20260821_111058/mission_1_plant_5/vlm_confirmation_prompt.txt	ziua2_20260821/logs/20260821_111058/mission_1_plant_5/vlm_confirmation_prompt.txt	2026-08-21T11:11:30	631	ace89171863277f13e882160d6034536	yes	no	no	yes
day2_20260821/logs/20260821_111058/mission_1_plant_5/vlm_confirmation_response.txt	ziua2_20260821/logs/20260821_111058/mission_1_plant_5/vlm_confirmation_response.txt	2026-08-21T11:11:38	622	979d54507c2765d424296111b503ede5	yes	no	no	yes
day2_20260821/logs/20260821_111235/mission_1_cb204/finish.jpg	ziua2_20260821/logs/20260821_111235/mission_1_cb204/finish.jpg	2026-08-21T11:12:58	92776	718deec165ff2e999d0620fdfac16080	yes	no	no	yes
day2_20260821/logs/20260821_111235/mission_1_cb204/start.jpg	ziua2_20260821/logs/20260821_111235/mission_1_cb204/start.jpg	2026-08-21T11:12:40	78669	e9b5502debaca110da09d3e97c7a4d73	yes	no	no	yes
day2_20260821/logs/20260821_111235/mission_1_cb204/vlm_confirmation_prompt.txt	ziua2_20260821/logs/20260821_111235/mission_1_cb204/vlm_confirmation_prompt.txt	2026-08-21T11:12:58	832	f594f968a1a3fef04c3095d9df17baa9	yes	no	no	yes
day2_20260821/logs/20260821_111235/mission_1_cb204/vlm_confirmation_response.txt	ziua2_20260821/logs/20260821_111235/mission_1_cb204/vlm_confirmation_response.txt	2026-08-21T11:13:06	603	941bf89ed6d209fa07643b56b374a7e2	yes	no	no	yes
day2_20260821/logs/20260821_111411/mission_1_plant_3/start.jpg	ziua2_20260821/logs/20260821_111411/mission_1_plant_3/start.jpg	2026-08-21T11:14:16	83809	737b189c8d633f80eb410cbb6bd4166e	yes	no	no	yes
day2_20260821/logs/20260821_111411/mission_2_plant_3/start.jpg	ziua2_20260821/logs/20260821_111411/mission_2_plant_3/start.jpg	2026-08-21T11:14:26	68261	0d900dd392a96ea3dba1247aa735bb66	yes	no	no	yes
day2_20260821/logs/20260821_111411/mission_3_plant_3/start.jpg	ziua2_20260821/logs/20260821_111411/mission_3_plant_3/start.jpg	2026-08-21T11:14:32	73886	98b6805f5067989dc4aca022e79a9acf	yes	no	no	yes
day2_20260821/logs/20260821_111411/mission_4_plant_3/start.jpg	ziua2_20260821/logs/20260821_111411/mission_4_plant_3/start.jpg	2026-08-21T11:14:40	71152	94f122b2529d64dcb3b5dd54e91249d5	yes	no	no	yes
day2_20260821/logs/20260821_111411/mission_5_plant_3/start.jpg	ziua2_20260821/logs/20260821_111411/mission_5_plant_3/start.jpg	2026-08-21T11:14:48	77088	43944e4e7361761b68633f559731f4e4	yes	no	no	yes
day2_20260821/logs/20260821_111411/mission_6_plant_3/finish.jpg	ziua2_20260821/logs/20260821_111411/mission_6_plant_3/finish.jpg	2026-08-21T11:15:08	77151	90ad689cd9d41ba1330c71b9ae957d0f	yes	no	no	yes
day2_20260821/logs/20260821_111411/mission_6_plant_3/start.jpg	ziua2_20260821/logs/20260821_111411/mission_6_plant_3/start.jpg	2026-08-21T11:14:58	70134	d2cb169dbd83966c5490cd177f0f7c92	yes	no	no	yes
day2_20260821/logs/20260821_111411/mission_6_plant_3/vlm_confirmation_prompt.txt	ziua2_20260821/logs/20260821_111411/mission_6_plant_3/vlm_confirmation_prompt.txt	2026-08-21T11:15:08	626	35a4edab17bfe1c82d8bc853388d482d	yes	no	no	yes
day2_20260821/logs/20260821_111411/mission_6_plant_3/vlm_confirmation_response.txt	ziua2_20260821/logs/20260821_111411/mission_6_plant_3/vlm_confirmation_response.txt	2026-08-21T11:15:16	324	64188b3c3caf5bf9fca57def4f84196d	yes	no	no	yes
day2_20260821/logs/20260821_111601/mission_1_junction_e1/finish.jpg	ziua2_20260821/logs/20260821_111601/mission_1_junction_e1/finish.jpg	2026-08-21T11:16:32	87451	27e71993fc03a68238832190ae4d1076	yes	no	no	yes
day2_20260821/logs/20260821_111601/mission_1_junction_e1/start.jpg	ziua2_20260821/logs/20260821_111601/mission_1_junction_e1/start.jpg	2026-08-21T11:16:06	78763	756e2da59079812cc057763ee72c5c85	yes	no	no	yes
day2_20260821/logs/20260821_111601/mission_1_junction_e1/vlm_confirmation_prompt.txt	ziua2_20260821/logs/20260821_111601/mission_1_junction_e1/vlm_confirmation_prompt.txt	2026-08-21T11:16:32	641	de180d6fd3375e3f85159f2b90d031ab	yes	no	no	yes
day2_20260821/logs/20260821_111601/mission_1_junction_e1/vlm_confirmation_response.txt	ziua2_20260821/logs/20260821_111601/mission_1_junction_e1/vlm_confirmation_response.txt	2026-08-21T11:16:38	476	dee8a3d50b42676e3b6f7de9b18ff028	yes	no	no	yes
day2_20260821/logs/20260821_111727/mission_1_plant_5/finish.jpg	ziua2_20260821/logs/20260821_111727/mission_1_plant_5/finish.jpg	2026-08-21T11:18:12	84205	cc737c2ab080261018e242d4ad447815	yes	no	no	yes
day2_20260821/logs/20260821_111727/mission_1_plant_5/start.jpg	ziua2_20260821/logs/20260821_111727/mission_1_plant_5/start.jpg	2026-08-21T11:17:32	83009	832aee5e8e09ca2dacc3676cfdf90a30	yes	no	no	yes
day2_20260821/logs/20260821_111727/mission_1_plant_5/vlm_confirmation_prompt.txt	ziua2_20260821/logs/20260821_111727/mission_1_plant_5/vlm_confirmation_prompt.txt	2026-08-21T11:18:12	631	ace89171863277f13e882160d6034536	yes	no	no	yes
day2_20260821/logs/20260821_111727/mission_1_plant_5/vlm_confirmation_response.txt	ziua2_20260821/logs/20260821_111727/mission_1_plant_5/vlm_confirmation_response.txt	2026-08-21T11:18:20	371	d2007e58784afb58093fc24507099984	yes	no	no	yes
day2_20260821/logs/20260821_111905/mission_1_toilet_f/finish.jpg	ziua2_20260821/logs/20260821_111905/mission_1_toilet_f/finish.jpg	2026-08-21T11:19:34	82511	57b98292ab65ad471b217e796ecd1d76	yes	no	no	yes
day2_20260821/logs/20260821_111905/mission_1_toilet_f/start.jpg	ziua2_20260821/logs/20260821_111905/mission_1_toilet_f/start.jpg	2026-08-21T11:19:06	82824	5ae2230a7dd7a0d32af17ad1e29f7b25	yes	no	no	yes
day2_20260821/logs/20260821_112007/mission_1_cb203_entrance/finish.jpg	ziua2_20260821/logs/20260821_112007/mission_1_cb203_entrance/finish.jpg	2026-08-21T11:20:30	90484	8a728745aebf1ab260a0d826d57ccaf7	yes	no	no	yes
day2_20260821/logs/20260821_112007/mission_1_cb203_entrance/start.jpg	ziua2_20260821/logs/20260821_112007/mission_1_cb203_entrance/start.jpg	2026-08-21T11:20:10	81863	595df5022f809e2a397765b69c1e6e65	yes	no	no	yes
day2_20260821/logs/20260821_112007/mission_1_cb203_entrance/vlm_confirmation_prompt.txt	ziua2_20260821/logs/20260821_112007/mission_1_cb203_entrance/vlm_confirmation_prompt.txt	2026-08-21T11:20:30	824	28736d6ebde0fc703cd8a746947d3db2	yes	no	no	yes
day2_20260821/logs/20260821_112007/mission_1_cb203_entrance/vlm_confirmation_response.txt	ziua2_20260821/logs/20260821_112007/mission_1_cb203_entrance/vlm_confirmation_response.txt	2026-08-21T11:20:36	314	a5132c58e221f39955ddb4186ef8cbcc	yes	no	no	yes
day2_20260821/logs/20260821_112108/mission_1_cb203_exit/finish.jpg	ziua2_20260821/logs/20260821_112108/mission_1_cb203_exit/finish.jpg	2026-08-21T11:21:44	84994	e5e28777330a208c80b7ebf7bd637964	yes	no	no	yes
day2_20260821/logs/20260821_112108/mission_1_cb203_exit/start.jpg	ziua2_20260821/logs/20260821_112108/mission_1_cb203_exit/start.jpg	2026-08-21T11:21:10	81734	8c3347af0913a45a6461ba474701b8ea	yes	no	no	yes
day2_20260821/logs/20260821_112108/mission_1_cb203_exit/vlm_confirmation_prompt.txt	ziua2_20260821/logs/20260821_112108/mission_1_cb203_exit/vlm_confirmation_prompt.txt	2026-08-21T11:21:44	816	9efebdf987690cc50e83bedb3d2d5bc2	yes	no	no	yes
day2_20260821/logs/20260821_112108/mission_1_cb203_exit/vlm_confirmation_response.txt	ziua2_20260821/logs/20260821_112108/mission_1_cb203_exit/vlm_confirmation_response.txt	2026-08-21T11:21:50	331	378c2ec711f69fa3f4ac494384bb36e1	yes	no	no	yes
day2_20260821/logs/20260821_112225/mission_1_toilet_m/finish.jpg	ziua2_20260821/logs/20260821_112225/mission_1_toilet_m/finish.jpg	2026-08-21T11:22:40	86474	dcb4a0f023f467b3f3fcd639ec42fc1b	yes	no	no	yes
day2_20260821/logs/20260821_112225/mission_1_toilet_m/start.jpg	ziua2_20260821/logs/20260821_112225/mission_1_toilet_m/start.jpg	2026-08-21T11:22:26	82250	dc7cccd6a96032246f09b8bb383ba431	yes	no	no	yes
day2_20260821/logs/20260821_112314/mission_1_cb203_exit/finish.jpg	ziua2_20260821/logs/20260821_112314/mission_1_cb203_exit/finish.jpg	2026-08-21T11:23:52	57724	4a4e4caa4b6d634f89204cff1b33fa88	yes	no	no	yes
day2_20260821/logs/20260821_112314/mission_1_cb203_exit/start.jpg	ziua2_20260821/logs/20260821_112314/mission_1_cb203_exit/start.jpg	2026-08-21T11:23:20	79791	be18b4c52c45cd378419e166bde76dcd	yes	no	no	yes
day2_20260821/logs/20260821_112314/mission_1_cb203_exit/vlm_confirmation_prompt.txt	ziua2_20260821/logs/20260821_112314/mission_1_cb203_exit/vlm_confirmation_prompt.txt	2026-08-21T11:23:52	816	9efebdf987690cc50e83bedb3d2d5bc2	yes	no	no	yes
day2_20260821/logs/20260821_112314/mission_1_cb203_exit/vlm_confirmation_response.txt	ziua2_20260821/logs/20260821_112314/mission_1_cb203_exit/vlm_confirmation_response.txt	2026-08-21T11:24:00	540	138c558ea0df5938a48cec3273815c5b	yes	no	no	yes
day2_20260821/logs/20260821_112534/mission_1_cb203_entrance/finish.jpg	ziua2_20260821/logs/20260821_112534/mission_1_cb203_entrance/finish.jpg	2026-08-21T11:26:06	89810	3d64a642c391045ba9fb02ca5343e28d	yes	no	no	yes
day2_20260821/logs/20260821_112534/mission_1_cb203_entrance/start.jpg	ziua2_20260821/logs/20260821_112534/mission_1_cb203_entrance/start.jpg	2026-08-21T11:25:38	79957	d6a95dbf04f6a1cf16ef348be56bf4a8	yes	no	no	yes
day2_20260821/logs/20260821_112534/mission_1_cb203_entrance/vlm_confirmation_prompt.txt	ziua2_20260821/logs/20260821_112534/mission_1_cb203_entrance/vlm_confirmation_prompt.txt	2026-08-21T11:26:06	824	28736d6ebde0fc703cd8a746947d3db2	yes	no	no	yes
day2_20260821/logs/20260821_112534/mission_1_cb203_entrance/vlm_confirmation_response.txt	ziua2_20260821/logs/20260821_112534/mission_1_cb203_entrance/vlm_confirmation_response.txt	2026-08-21T11:26:14	358	0a92a37bbe0e697821a52ec33c9e1dca	yes	no	no	yes
day2_20260821/logs/20260821_112657/mission_1_toilet_f/finish.jpg	ziua2_20260821/logs/20260821_112657/mission_1_toilet_f/finish.jpg	2026-08-21T11:27:32	81871	d44d452c7be8d098395ec22f1e38ffa8	yes	no	no	yes
day2_20260821/logs/20260821_112657/mission_1_toilet_f/start.jpg	ziua2_20260821/logs/20260821_112657/mission_1_toilet_f/start.jpg	2026-08-21T11:27:02	75879	d4f5abb35bed1acbc7468a56a510a0a6	yes	no	no	yes
day2_20260821/logs/20260821_112757/mission_1_plant_5/finish.jpg	ziua2_20260821/logs/20260821_112757/mission_1_plant_5/finish.jpg	2026-08-21T11:28:40	84024	4142ac3895426c9c96e3cac04d6f12c5	yes	no	no	yes
day2_20260821/logs/20260821_112757/mission_1_plant_5/start.jpg	ziua2_20260821/logs/20260821_112757/mission_1_plant_5/start.jpg	2026-08-21T11:28:00	81999	b0635093b4883541be04fd9a662b347d	yes	no	no	yes
day2_20260821/logs/20260821_112757/mission_1_plant_5/vlm_confirmation_prompt.txt	ziua2_20260821/logs/20260821_112757/mission_1_plant_5/vlm_confirmation_prompt.txt	2026-08-21T11:28:40	631	ace89171863277f13e882160d6034536	yes	no	no	yes
day2_20260821/logs/20260821_112757/mission_1_plant_5/vlm_confirmation_response.txt	ziua2_20260821/logs/20260821_112757/mission_1_plant_5/vlm_confirmation_response.txt	2026-08-21T11:28:46	345	c7b349726dfef18cec15e45a2e7f1a89	yes	no	no	yes
day2_20260821/logs/20260821_112926/mission_1_junction_e1/finish.jpg	ziua2_20260821/logs/20260821_112926/mission_1_junction_e1/finish.jpg	2026-08-21T11:30:18	88536	d81eefd5b762bc7d7834e4ea4dffb9c5	yes	no	no	yes
day2_20260821/logs/20260821_112926/mission_1_junction_e1/start.jpg	ziua2_20260821/logs/20260821_112926/mission_1_junction_e1/start.jpg	2026-08-21T11:29:28	83104	106b03c58612dc60a8881953d7f94207	yes	no	no	yes
day2_20260821/logs/20260821_112926/mission_1_junction_e1/vlm_confirmation_prompt.txt	ziua2_20260821/logs/20260821_112926/mission_1_junction_e1/vlm_confirmation_prompt.txt	2026-08-21T11:30:18	641	de180d6fd3375e3f85159f2b90d031ab	yes	no	no	yes
day2_20260821/logs/20260821_112926/mission_1_junction_e1/vlm_confirmation_response.txt	ziua2_20260821/logs/20260821_112926/mission_1_junction_e1/vlm_confirmation_response.txt	2026-08-21T11:30:24	464	d4322c3ac95072cb98667868c45d3f64	yes	no	no	yes
day2_20260821/logs/20260821_113110/mission_1_plant_3/finish.jpg	ziua2_20260821/logs/20260821_113110/mission_1_plant_3/finish.jpg	2026-08-21T11:32:14	78382	2b187ed6a123c6c37ac0a996dfc84c03	yes	no	no	yes
day2_20260821/logs/20260821_113110/mission_1_plant_3/start.jpg	ziua2_20260821/logs/20260821_113110/mission_1_plant_3/start.jpg	2026-08-21T11:31:12	79268	5d800c6e2005dec73ab9e899e8b2a012	yes	no	no	yes
day2_20260821/logs/20260821_113110/mission_1_plant_3/vlm_confirmation_prompt.txt	ziua2_20260821/logs/20260821_113110/mission_1_plant_3/vlm_confirmation_prompt.txt	2026-08-21T11:32:14	626	35a4edab17bfe1c82d8bc853388d482d	yes	no	no	yes
day2_20260821/logs/20260821_113110/mission_1_plant_3/vlm_confirmation_response.txt	ziua2_20260821/logs/20260821_113110/mission_1_plant_3/vlm_confirmation_response.txt	2026-08-21T11:32:22	619	b71c2dffdb4bbde29d1d0047d7d2bb2d	yes	no	no	yes
day2_20260821/logs/20260821_113258/mission_1_cb204/finish.jpg	ziua2_20260821/logs/20260821_113258/mission_1_cb204/finish.jpg	2026-08-21T11:33:18	88194	38785aa6803bf756b526b78700e0d886	yes	no	no	yes
day2_20260821/logs/20260821_113258/mission_1_cb204/start.jpg	ziua2_20260821/logs/20260821_113258/mission_1_cb204/start.jpg	2026-08-21T11:33:00	80723	9962eb5fe26a8b0816ee5e07006e3ef9	yes	no	no	yes
day2_20260821/logs/20260821_113258/mission_1_cb204/vlm_confirmation_prompt.txt	ziua2_20260821/logs/20260821_113258/mission_1_cb204/vlm_confirmation_prompt.txt	2026-08-21T11:33:18	832	f594f968a1a3fef04c3095d9df17baa9	yes	no	no	yes
day2_20260821/logs/20260821_113258/mission_1_cb204/vlm_confirmation_response.txt	ziua2_20260821/logs/20260821_113258/mission_1_cb204/vlm_confirmation_response.txt	2026-08-21T11:33:26	651	05e904bd99d2055b88568df90f764455	yes	no	no	yes
day2_20260821/logs/20260821_113407/mission_1_plant_5/finish.jpg	ziua2_20260821/logs/20260821_113407/mission_1_plant_5/finish.jpg	2026-08-21T11:34:48	85454	5429c3f7849cbf736f9b5989206a7435	yes	no	no	yes
day2_20260821/logs/20260821_113407/mission_1_plant_5/start.jpg	ziua2_20260821/logs/20260821_113407/mission_1_plant_5/start.jpg	2026-08-21T11:34:10	82167	bc0d7c5452e7bbbd8fc808374a76bf58	yes	no	no	yes
day2_20260821/logs/20260821_113407/mission_1_plant_5/vlm_confirmation_prompt.txt	ziua2_20260821/logs/20260821_113407/mission_1_plant_5/vlm_confirmation_prompt.txt	2026-08-21T11:34:48	631	ace89171863277f13e882160d6034536	yes	no	no	yes
day2_20260821/logs/20260821_113407/mission_1_plant_5/vlm_confirmation_response.txt	ziua2_20260821/logs/20260821_113407/mission_1_plant_5/vlm_confirmation_response.txt	2026-08-21T11:34:54	344	708d13095417ced44063eaae3d894679	yes	no	no	yes
day2_20260821/logs/20260821_113529/mission_1_radiator/finish.jpg	ziua2_20260821/logs/20260821_113529/mission_1_radiator/finish.jpg	2026-08-21T11:35:50	97855	d214f537166c2e4ac889743925b802e3	yes	no	no	yes
day2_20260821/logs/20260821_113529/mission_1_radiator/start.jpg	ziua2_20260821/logs/20260821_113529/mission_1_radiator/start.jpg	2026-08-21T11:35:32	81459	8a922ae9dddbc930b4af5422dafed6d1	yes	no	no	yes
day2_20260821/logs/20260821_113529/mission_1_radiator/vlm_confirmation_prompt.txt	ziua2_20260821/logs/20260821_113529/mission_1_radiator/vlm_confirmation_prompt.txt	2026-08-21T11:35:50	632	e089c782ec4bc1b920c344141b688498	yes	no	no	yes
day2_20260821/logs/20260821_113529/mission_1_radiator/vlm_confirmation_response.txt	ziua2_20260821/logs/20260821_113529/mission_1_radiator/vlm_confirmation_response.txt	2026-08-21T11:35:56	321	bc7ecf921eee255e1d0b98e2a61f4dbb	yes	no	no	yes
day2_20260821/logs/20260821_113623/mission_1_cb202/finish.jpg	ziua2_20260821/logs/20260821_113623/mission_1_cb202/finish.jpg	2026-08-21T11:36:34	85578	b695a3a228e8277e7145fb160f915d95	yes	no	no	yes
day2_20260821/logs/20260821_113623/mission_1_cb202/start.jpg	ziua2_20260821/logs/20260821_113623/mission_1_cb202/start.jpg	2026-08-21T11:36:26	78292	747aba563fe239b1b3332c937331c5f2	yes	no	no	yes
day2_20260821/logs/20260821_113623/mission_1_cb202/vlm_confirmation_prompt.txt	ziua2_20260821/logs/20260821_113623/mission_1_cb202/vlm_confirmation_prompt.txt	2026-08-21T11:36:34	639	1e750e376384b9018b536a1728d123ae	yes	no	no	yes
day2_20260821/logs/20260821_113623/mission_1_cb202/vlm_confirmation_response.txt	ziua2_20260821/logs/20260821_113623/mission_1_cb202/vlm_confirmation_response.txt	2026-08-21T11:36:40	295	694f09180638e2cbbd41e11d9d14165e	yes	no	no	yes
day2_20260821/logs/20260821_113656/mission_1_toilet_m/finish.jpg	ziua2_20260821/logs/20260821_113656/mission_1_toilet_m/finish.jpg	2026-08-21T11:37:14	79216	745cb834ac31e380f209ad23d8070832	yes	no	no	yes
day2_20260821/logs/20260821_113656/mission_1_toilet_m/start.jpg	ziua2_20260821/logs/20260821_113656/mission_1_toilet_m/start.jpg	2026-08-21T11:37:00	81371	b139db7b1a25368238693ba32aa8b406	yes	no	no	yes
day2_20260821/logs/20260821_113738/mission_1_toilet_m/finish.jpg	ziua2_20260821/logs/20260821_113738/mission_1_toilet_m/finish.jpg	2026-08-21T11:37:52	88403	37da0aa74585a050ea537a553c30c906	yes	no	no	yes
day2_20260821/logs/20260821_113738/mission_1_toilet_m/start.jpg	ziua2_20260821/logs/20260821_113738/mission_1_toilet_m/start.jpg	2026-08-21T11:37:40	78290	e79e445e298113e2b7f2fde011938f2b	yes	no	no	yes
day2_20260821/logs/20260821_113819/mission_1_toilet_m/start.jpg	ziua2_20260821/logs/20260821_113819/mission_1_toilet_m/start.jpg	2026-08-21T11:38:20	78385	9e48813c41330d71a9c3659907411b0c	yes	no	no	yes
day2_20260821/logs/20260821_115152/mission_1_toilet_m/finish.jpg	ziua2_20260821/logs/20260821_115152/mission_1_toilet_m/finish.jpg	2026-08-21T11:52:32	68046	18c4811c53abca8824bc16436eb6d2b3	yes	no	no	yes
day2_20260821/logs/20260821_115152/mission_1_toilet_m/start.jpg	ziua2_20260821/logs/20260821_115152/mission_1_toilet_m/start.jpg	2026-08-21T11:51:56	77500	2de324b7cf9b02e08f17eed4d2f7b8c7	yes	no	no	yes
day2_20260821/logs/20260821_115254/mission_1_cb202/finish.jpg	ziua2_20260821/logs/20260821_115254/mission_1_cb202/finish.jpg	2026-08-21T11:53:08	85189	8db2c3a3be3d7d2c02031e06b5bdec96	yes	no	no	yes
day2_20260821/logs/20260821_115254/mission_1_cb202/start.jpg	ziua2_20260821/logs/20260821_115254/mission_1_cb202/start.jpg	2026-08-21T11:52:58	80974	4c741ca84c10dea210fc6ec8305ef715	yes	no	no	yes
day2_20260821/logs/20260821_115254/mission_1_cb202/vlm_confirmation_prompt.txt	ziua2_20260821/logs/20260821_115254/mission_1_cb202/vlm_confirmation_prompt.txt	2026-08-21T11:53:08	639	1e750e376384b9018b536a1728d123ae	yes	no	no	yes
day2_20260821/logs/20260821_115254/mission_1_cb202/vlm_confirmation_response.txt	ziua2_20260821/logs/20260821_115254/mission_1_cb202/vlm_confirmation_response.txt	2026-08-21T11:53:18	332	596f291c2c465b06dbf7f2c4739b6bd4	yes	no	no	yes
day2_20260821/logs/20260821_115341/mission_1_radiator/finish.jpg	ziua2_20260821/logs/20260821_115341/mission_1_radiator/finish.jpg	2026-08-21T11:54:00	101983	c50f5ac127a94435beb606eee762bd08	yes	no	no	yes
day2_20260821/logs/20260821_115341/mission_1_radiator/start.jpg	ziua2_20260821/logs/20260821_115341/mission_1_radiator/start.jpg	2026-08-21T11:53:42	79855	8c2ca1cfacfaa22401a503d780d70ca2	yes	no	no	yes
day2_20260821/logs/20260821_115341/mission_1_radiator/vlm_confirmation_prompt.txt	ziua2_20260821/logs/20260821_115341/mission_1_radiator/vlm_confirmation_prompt.txt	2026-08-21T11:54:00	632	e089c782ec4bc1b920c344141b688498	yes	no	no	yes
day2_20260821/logs/20260821_115341/mission_1_radiator/vlm_confirmation_response.txt	ziua2_20260821/logs/20260821_115341/mission_1_radiator/vlm_confirmation_response.txt	2026-08-21T11:54:08	605	172b9892025f312e2cd9f94c3a4a5169	yes	no	no	yes
day2_20260821/logs/20260821_115538/mission_1_plant_5/finish.jpg	ziua2_20260821/logs/20260821_115538/mission_1_plant_5/finish.jpg	2026-08-21T11:56:16	100507	b3f053c8f31417463f13af123924d4b0	yes	no	no	yes
day2_20260821/logs/20260821_115538/mission_1_plant_5/start.jpg	ziua2_20260821/logs/20260821_115538/mission_1_plant_5/start.jpg	2026-08-21T11:55:44	80113	93419fd6e2d55e380fb91613da475ed5	yes	no	no	yes
day2_20260821/logs/20260821_115538/mission_1_plant_5/vlm_confirmation_prompt.txt	ziua2_20260821/logs/20260821_115538/mission_1_plant_5/vlm_confirmation_prompt.txt	2026-08-21T11:56:16	631	ace89171863277f13e882160d6034536	yes	no	no	yes
day2_20260821/logs/20260821_115538/mission_1_plant_5/vlm_confirmation_response.txt	ziua2_20260821/logs/20260821_115538/mission_1_plant_5/vlm_confirmation_response.txt	2026-08-21T11:56:24	623	7f61328e5263fb53905094bc3cd5718a	yes	no	no	yes
day2_20260821/logs/20260821_115711/mission_1_cb204/finish.jpg	ziua2_20260821/logs/20260821_115711/mission_1_cb204/finish.jpg	2026-08-21T11:57:30	93697	db0120370772d84d3d4ab0fbe8d7f387	yes	no	no	yes
day2_20260821/logs/20260821_115711/mission_1_cb204/start.jpg	ziua2_20260821/logs/20260821_115711/mission_1_cb204/start.jpg	2026-08-21T11:57:12	76915	af503a4decf5962b3e639cdb190fcb92	yes	no	no	yes
day2_20260821/logs/20260821_115711/mission_1_cb204/vlm_confirmation_prompt.txt	ziua2_20260821/logs/20260821_115711/mission_1_cb204/vlm_confirmation_prompt.txt	2026-08-21T11:57:30	832	f594f968a1a3fef04c3095d9df17baa9	yes	no	no	yes
day2_20260821/logs/20260821_115711/mission_1_cb204/vlm_confirmation_response.txt	ziua2_20260821/logs/20260821_115711/mission_1_cb204/vlm_confirmation_response.txt	2026-08-21T11:57:38	632	de8a111923e1a816966cf48ea26410dc	yes	no	no	yes
day2_20260821/logs/20260821_115814/mission_1_plant_3/finish.jpg	ziua2_20260821/logs/20260821_115814/mission_1_plant_3/finish.jpg	2026-08-21T11:58:46	78306	ac9fd453ecf57b7547e7799a143f8f8b	yes	no	no	yes
day2_20260821/logs/20260821_115814/mission_1_plant_3/start.jpg	ziua2_20260821/logs/20260821_115814/mission_1_plant_3/start.jpg	2026-08-21T11:58:18	80472	3ce7d68d15719cb99f93908efd9cbf2f	yes	no	no	yes
day2_20260821/logs/20260821_115814/mission_1_plant_3/vlm_confirmation_prompt.txt	ziua2_20260821/logs/20260821_115814/mission_1_plant_3/vlm_confirmation_prompt.txt	2026-08-21T11:58:46	626	35a4edab17bfe1c82d8bc853388d482d	yes	no	no	yes
day2_20260821/logs/20260821_115814/mission_1_plant_3/vlm_confirmation_response.txt	ziua2_20260821/logs/20260821_115814/mission_1_plant_3/vlm_confirmation_response.txt	2026-08-21T11:58:52	314	b5e9eec6491ef4482f6099190e715644	yes	no	no	yes
day2_20260821/logs/20260821_115924/mission_1_junction_e1/finish.jpg	ziua2_20260821/logs/20260821_115924/mission_1_junction_e1/finish.jpg	2026-08-21T12:00:18	91551	0d1a04a07e17613d1a5f9902ecb472d4	yes	no	no	yes
day2_20260821/logs/20260821_115924/mission_1_junction_e1/start.jpg	ziua2_20260821/logs/20260821_115924/mission_1_junction_e1/start.jpg	2026-08-21T11:59:28	81115	3f7312eed7ca65314eab889c64e4b947	yes	no	no	yes
day2_20260821/logs/20260821_115924/mission_1_junction_e1/vlm_confirmation_prompt.txt	ziua2_20260821/logs/20260821_115924/mission_1_junction_e1/vlm_confirmation_prompt.txt	2026-08-21T12:00:18	641	de180d6fd3375e3f85159f2b90d031ab	yes	no	no	yes
day2_20260821/logs/20260821_115924/mission_1_junction_e1/vlm_confirmation_response.txt	ziua2_20260821/logs/20260821_115924/mission_1_junction_e1/vlm_confirmation_response.txt	2026-08-21T12:00:24	313	f43e11a6216ffd27a963feee3b068dc9	yes	no	no	yes
day2_20260821/logs/20260821_120124/mission_1_plant_5/finish.jpg	ziua2_20260821/logs/20260821_120124/mission_1_plant_5/finish.jpg	2026-08-21T12:02:14	98392	0fc7ce2639a35df448b9d3442e0d5873	yes	no	no	yes
day2_20260821/logs/20260821_120124/mission_1_plant_5/start.jpg	ziua2_20260821/logs/20260821_120124/mission_1_plant_5/start.jpg	2026-08-21T12:01:26	74255	f6d052bb134097ace646cc69bd3a00e3	yes	no	no	yes
day2_20260821/logs/20260821_120124/mission_1_plant_5/vlm_confirmation_prompt.txt	ziua2_20260821/logs/20260821_120124/mission_1_plant_5/vlm_confirmation_prompt.txt	2026-08-21T12:02:14	631	ace89171863277f13e882160d6034536	yes	no	no	yes
day2_20260821/logs/20260821_120124/mission_1_plant_5/vlm_confirmation_response.txt	ziua2_20260821/logs/20260821_120124/mission_1_plant_5/vlm_confirmation_response.txt	2026-08-21T12:02:20	317	dce8a4581d54a078a35c443de1458679	yes	no	no	yes
day2_20260821/logs/20260821_120305/mission_1_toilet_f/finish.jpg	ziua2_20260821/logs/20260821_120305/mission_1_toilet_f/finish.jpg	2026-08-21T12:03:40	83006	46a653476b43e9e12579d41c7a255116	yes	no	no	yes
day2_20260821/logs/20260821_120305/mission_1_toilet_f/start.jpg	ziua2_20260821/logs/20260821_120305/mission_1_toilet_f/start.jpg	2026-08-21T12:03:10	76222	ecaa6c96d5ac7fc0bc84d9f579957955	yes	no	no	yes
day2_20260821/logs/20260821_120446/mission_1_cb203_entrance/finish.jpg	ziua2_20260821/logs/20260821_120446/mission_1_cb203_entrance/finish.jpg	2026-08-21T12:05:32	74008	fa18cb6397d9f9bfb8a1d34e50c39c9d	yes	no	no	yes
day2_20260821/logs/20260821_120446/mission_1_cb203_entrance/start.jpg	ziua2_20260821/logs/20260821_120446/mission_1_cb203_entrance/start.jpg	2026-08-21T12:04:48	78963	7d59b0e9f9f05f40d21ec018dfaa8b31	yes	no	no	yes
day2_20260821/logs/20260821_120446/mission_1_cb203_entrance/vlm_confirmation_prompt.txt	ziua2_20260821/logs/20260821_120446/mission_1_cb203_entrance/vlm_confirmation_prompt.txt	2026-08-21T12:05:32	824	28736d6ebde0fc703cd8a746947d3db2	yes	no	no	yes
day2_20260821/logs/20260821_120446/mission_1_cb203_entrance/vlm_confirmation_response.txt	ziua2_20260821/logs/20260821_120446/mission_1_cb203_entrance/vlm_confirmation_response.txt	2026-08-21T12:05:40	539	02eac236855faba1d7fb10f47b2912e0	yes	no	no	yes
day2_20260821/logs/20260821_120634/mission_1_cb203_exit/finish.jpg	ziua2_20260821/logs/20260821_120634/mission_1_cb203_exit/finish.jpg	2026-08-21T12:07:10	89903	48d17cae7f43b2e11d519efde07487c6	yes	no	no	yes
day2_20260821/logs/20260821_120634/mission_1_cb203_exit/start.jpg	ziua2_20260821/logs/20260821_120634/mission_1_cb203_exit/start.jpg	2026-08-21T12:06:38	72979	3542a3cca9837663cb2db0232d77cdd7	yes	no	no	yes
day2_20260821/logs/20260821_120634/mission_1_cb203_exit/vlm_confirmation_prompt.txt	ziua2_20260821/logs/20260821_120634/mission_1_cb203_exit/vlm_confirmation_prompt.txt	2026-08-21T12:07:10	816	9efebdf987690cc50e83bedb3d2d5bc2	yes	no	no	yes
day2_20260821/logs/20260821_120634/mission_1_cb203_exit/vlm_confirmation_response.txt	ziua2_20260821/logs/20260821_120634/mission_1_cb203_exit/vlm_confirmation_response.txt	2026-08-21T12:07:18	343	9babf69c11231556404c5eca7fdd8d1a	yes	no	no	yes
day2_20260821/logs/20260821_120808/mission_1_toilet_m/finish.jpg	ziua2_20260821/logs/20260821_120808/mission_1_toilet_m/finish.jpg	2026-08-21T12:08:34	70035	7d0c653b1da9922e08c95035d14ca773	yes	no	no	yes
day2_20260821/logs/20260821_120808/mission_1_toilet_m/start.jpg	ziua2_20260821/logs/20260821_120808/mission_1_toilet_m/start.jpg	2026-08-21T12:08:10	74318	66fbfd78a117526a646f03496ba04e9b	yes	no	no	yes
day2_20260821/logs/20260821_120902/mission_1_cb203_exit/finish.jpg	ziua2_20260821/logs/20260821_120902/mission_1_cb203_exit/finish.jpg	2026-08-21T12:09:42	90455	7f3b894f5d14641524894a8ac8eb12d3	yes	no	no	yes
day2_20260821/logs/20260821_120902/mission_1_cb203_exit/start.jpg	ziua2_20260821/logs/20260821_120902/mission_1_cb203_exit/start.jpg	2026-08-21T12:09:06	77920	051ac06a104903d940a95268288263a3	yes	no	no	yes
day2_20260821/logs/20260821_120902/mission_1_cb203_exit/vlm_confirmation_prompt.txt	ziua2_20260821/logs/20260821_120902/mission_1_cb203_exit/vlm_confirmation_prompt.txt	2026-08-21T12:09:42	816	9efebdf987690cc50e83bedb3d2d5bc2	yes	no	no	yes
day2_20260821/logs/20260821_120902/mission_1_cb203_exit/vlm_confirmation_response.txt	ziua2_20260821/logs/20260821_120902/mission_1_cb203_exit/vlm_confirmation_response.txt	2026-08-21T12:09:48	305	445cdf1efbc3b0a1169fceff9b9fd683	yes	no	no	yes
day2_20260821/logs/20260821_121016/mission_1_cb203_entrance/finish.jpg	ziua2_20260821/logs/20260821_121016/mission_1_cb203_entrance/finish.jpg	2026-08-21T12:10:40	83515	2fcd8e86ab47c96da802cfaaccbbe734	yes	no	no	yes
day2_20260821/logs/20260821_121016/mission_1_cb203_entrance/start.jpg	ziua2_20260821/logs/20260821_121016/mission_1_cb203_entrance/start.jpg	2026-08-21T12:10:20	73772	e8aa35204982b43965e5cde850761e84	yes	no	no	yes
day2_20260821/logs/20260821_121016/mission_1_cb203_entrance/vlm_confirmation_prompt.txt	ziua2_20260821/logs/20260821_121016/mission_1_cb203_entrance/vlm_confirmation_prompt.txt	2026-08-21T12:10:40	824	28736d6ebde0fc703cd8a746947d3db2	yes	no	no	yes
day2_20260821/logs/20260821_121016/mission_1_cb203_entrance/vlm_confirmation_response.txt	ziua2_20260821/logs/20260821_121016/mission_1_cb203_entrance/vlm_confirmation_response.txt	2026-08-21T12:10:48	508	13fd0b6a6ebd093815c7ad2f7b1395bb	yes	no	no	yes
day2_20260821/logs/20260821_121153/mission_1_toilet_f/finish.jpg	ziua2_20260821/logs/20260821_121153/mission_1_toilet_f/finish.jpg	2026-08-21T12:12:26	70840	68e0355670304acc1d9d10de7888090a	yes	no	no	yes
day2_20260821/logs/20260821_121153/mission_1_toilet_f/start.jpg	ziua2_20260821/logs/20260821_121153/mission_1_toilet_f/start.jpg	2026-08-21T12:11:56	73656	7e9fa25368676d259448b8a429887183	yes	no	no	yes
day2_20260821/logs/20260821_121300/mission_1_plant_5/finish.jpg	ziua2_20260821/logs/20260821_121300/mission_1_plant_5/finish.jpg	2026-08-21T12:13:32	98825	f28d017ae892e14a925b21339ad6dcdb	yes	no	no	yes
day2_20260821/logs/20260821_121300/mission_1_plant_5/start.jpg	ziua2_20260821/logs/20260821_121300/mission_1_plant_5/start.jpg	2026-08-21T12:13:02	78710	fa216e0ad60bc476ec5229c55add00a3	yes	no	no	yes
day2_20260821/logs/20260821_121300/mission_1_plant_5/vlm_confirmation_prompt.txt	ziua2_20260821/logs/20260821_121300/mission_1_plant_5/vlm_confirmation_prompt.txt	2026-08-21T12:13:32	631	ace89171863277f13e882160d6034536	yes	no	no	yes
day2_20260821/logs/20260821_121300/mission_1_plant_5/vlm_confirmation_response.txt	ziua2_20260821/logs/20260821_121300/mission_1_plant_5/vlm_confirmation_response.txt	2026-08-21T12:13:40	774	b2eda20358b57f8f853a683e7a72ee98	yes	no	no	yes
day2_20260821/logs/20260821_121432/mission_1_junction_e1/finish.jpg	ziua2_20260821/logs/20260821_121432/mission_1_junction_e1/finish.jpg	2026-08-21T12:15:24	93534	6d7b5242e762d814f0a81a70ca3cb2a3	yes	no	no	yes
day2_20260821/logs/20260821_121432/mission_1_junction_e1/start.jpg	ziua2_20260821/logs/20260821_121432/mission_1_junction_e1/start.jpg	2026-08-21T12:14:54	76269	1a8ff6e49874364fa9e90a061adbd7a2	yes	no	no	yes
day2_20260821/logs/20260821_121432/mission_1_junction_e1/vlm_confirmation_prompt.txt	ziua2_20260821/logs/20260821_121432/mission_1_junction_e1/vlm_confirmation_prompt.txt	2026-08-21T12:15:24	641	de180d6fd3375e3f85159f2b90d031ab	yes	no	no	yes
day2_20260821/logs/20260821_121432/mission_1_junction_e1/vlm_confirmation_response.txt	ziua2_20260821/logs/20260821_121432/mission_1_junction_e1/vlm_confirmation_response.txt	2026-08-21T12:15:30	324	b4896b33dc71f7ee7fc1862fc374b4fa	yes	no	no	yes
day2_20260821/logs/20260821_121718/mission_1_plant_3/finish.jpg	ziua2_20260821/logs/20260821_121718/mission_1_plant_3/finish.jpg	2026-08-21T12:17:46	81350	2d5e30b41a4f5c5062933efe3d055c2c	yes	no	no	yes
day2_20260821/logs/20260821_121718/mission_1_plant_3/start.jpg	ziua2_20260821/logs/20260821_121718/mission_1_plant_3/start.jpg	2026-08-21T12:17:20	79660	497ec611b705287dbb1b59307a913394	yes	no	no	yes
day2_20260821/logs/20260821_121718/mission_1_plant_3/vlm_confirmation_prompt.txt	ziua2_20260821/logs/20260821_121718/mission_1_plant_3/vlm_confirmation_prompt.txt	2026-08-21T12:17:46	626	35a4edab17bfe1c82d8bc853388d482d	yes	no	no	yes
day2_20260821/logs/20260821_121718/mission_1_plant_3/vlm_confirmation_response.txt	ziua2_20260821/logs/20260821_121718/mission_1_plant_3/vlm_confirmation_response.txt	2026-08-21T12:17:54	318	1347805a937eb83337f8ec639a58e1dc	yes	no	no	yes
day2_20260821/logs/20260821_121837/mission_1_cb204/finish.jpg	ziua2_20260821/logs/20260821_121837/mission_1_cb204/finish.jpg	2026-08-21T12:19:12	85813	e82ee7c230863f7029c25a7dd38668b2	yes	no	no	yes
day2_20260821/logs/20260821_121837/mission_1_cb204/start.jpg	ziua2_20260821/logs/20260821_121837/mission_1_cb204/start.jpg	2026-08-21T12:18:42	80448	0e524a4eb5d9fa8cc66c1eb5463ddbc2	yes	no	no	yes
day2_20260821/logs/20260821_121837/mission_1_cb204/vlm_confirmation_prompt.txt	ziua2_20260821/logs/20260821_121837/mission_1_cb204/vlm_confirmation_prompt.txt	2026-08-21T12:19:12	832	f594f968a1a3fef04c3095d9df17baa9	yes	no	no	yes
day2_20260821/logs/20260821_121837/mission_1_cb204/vlm_confirmation_response.txt	ziua2_20260821/logs/20260821_121837/mission_1_cb204/vlm_confirmation_response.txt	2026-08-21T12:19:20	637	bb81b4088c1db89c67a8c8fb7b1f384c	yes	no	no	yes
day2_20260821/logs/20260821_122052/mission_1_plant_5/finish.jpg	ziua2_20260821/logs/20260821_122052/mission_1_plant_5/finish.jpg	2026-08-21T12:21:32	98711	1a1024fd58b8f9abfc2c4edf9dbae067	yes	no	no	yes
day2_20260821/logs/20260821_122052/mission_1_plant_5/start.jpg	ziua2_20260821/logs/20260821_122052/mission_1_plant_5/start.jpg	2026-08-21T12:20:56	77394	e02c1e3daa8237a40b1f6944c1f53b6d	yes	no	no	yes
day2_20260821/logs/20260821_122052/mission_1_plant_5/vlm_confirmation_prompt.txt	ziua2_20260821/logs/20260821_122052/mission_1_plant_5/vlm_confirmation_prompt.txt	2026-08-21T12:21:32	631	ace89171863277f13e882160d6034536	yes	no	no	yes
day2_20260821/logs/20260821_122052/mission_1_plant_5/vlm_confirmation_response.txt	ziua2_20260821/logs/20260821_122052/mission_1_plant_5/vlm_confirmation_response.txt	2026-08-21T12:21:40	588	94f3a6c85113183ffa658b75f56f9d4f	yes	no	no	yes
day2_20260821/logs/20260821_122227/mission_1_radiator/finish.jpg	ziua2_20260821/logs/20260821_122227/mission_1_radiator/finish.jpg	2026-08-21T12:22:48	102548	a99474a584fb661cfc487b4a0eb1ec0e	yes	no	no	yes
day2_20260821/logs/20260821_122227/mission_1_radiator/start.jpg	ziua2_20260821/logs/20260821_122227/mission_1_radiator/start.jpg	2026-08-21T12:22:30	76756	63c65dcb950ea1328b7c27b1cda10f6d	yes	no	no	yes
day2_20260821/logs/20260821_122227/mission_1_radiator/vlm_confirmation_prompt.txt	ziua2_20260821/logs/20260821_122227/mission_1_radiator/vlm_confirmation_prompt.txt	2026-08-21T12:22:48	632	e089c782ec4bc1b920c344141b688498	yes	no	no	yes
day2_20260821/logs/20260821_122227/mission_1_radiator/vlm_confirmation_response.txt	ziua2_20260821/logs/20260821_122227/mission_1_radiator/vlm_confirmation_response.txt	2026-08-21T12:22:54	306	57316fe48914f199e303c1dcfcca2731	yes	no	no	yes
day2_20260821/logs/20260821_122328/mission_1_cb202/finish.jpg	ziua2_20260821/logs/20260821_122328/mission_1_cb202/finish.jpg	2026-08-21T12:23:44	88359	dcbad38d6ed2485659dd8331d826cc25	yes	no	no	yes
day2_20260821/logs/20260821_122328/mission_1_cb202/start.jpg	ziua2_20260821/logs/20260821_122328/mission_1_cb202/start.jpg	2026-08-21T12:23:32	79549	5eb0a39639d0c8db51191d0badb6ff48	yes	no	no	yes
day2_20260821/logs/20260821_122328/mission_1_cb202/vlm_confirmation_prompt.txt	ziua2_20260821/logs/20260821_122328/mission_1_cb202/vlm_confirmation_prompt.txt	2026-08-21T12:23:44	639	1e750e376384b9018b536a1728d123ae	yes	no	no	yes
day2_20260821/logs/20260821_122328/mission_1_cb202/vlm_confirmation_response.txt	ziua2_20260821/logs/20260821_122328/mission_1_cb202/vlm_confirmation_response.txt	2026-08-21T12:23:50	323	454ad5006984bcef4ff1531a5e67b368	yes	no	no	yes
day2_20260821/logs/20260821_122430/mission_1_toilet_m/finish.jpg	ziua2_20260821/logs/20260821_122430/mission_1_toilet_m/finish.jpg	2026-08-21T12:24:56	73321	985020cf46664eebad73223ad85c60a6	yes	no	no	yes
day2_20260821/logs/20260821_122430/mission_1_toilet_m/start.jpg	ziua2_20260821/logs/20260821_122430/mission_1_toilet_m/start.jpg	2026-08-21T12:24:36	78987	b0aa6a66de7bff0ab6851fc1f1ea9bf3	yes	no	no	yes
day2_20260821/logs/20260821_122544/mission_1_toilet_m/finish.jpg	ziua2_20260821/logs/20260821_122544/mission_1_toilet_m/finish.jpg	2026-08-21T12:26:06	75042	6d56a118de90521572e7a297ddde3485	yes	no	no	yes
day2_20260821/logs/20260821_122544/mission_1_toilet_m/start.jpg	ziua2_20260821/logs/20260821_122544/mission_1_toilet_m/start.jpg	2026-08-21T12:25:46	78810	c5e82a479586b9ab7a721fbeba4ca692	yes	no	no	yes
day2_20260821/logs/20260821_122656/mission_1_toilet_m/finish.jpg	ziua2_20260821/logs/20260821_122656/mission_1_toilet_m/finish.jpg	2026-08-21T12:27:16	72031	25f72fe2fb30b06e1cd323b9563d4b66	yes	no	no	yes
day2_20260821/logs/20260821_122656/mission_1_toilet_m/start.jpg	ziua2_20260821/logs/20260821_122656/mission_1_toilet_m/start.jpg	2026-08-21T12:26:58	78824	cb59c6c91d905693f0dc961119319ef5	yes	no	no	yes
day2_20260821/logs/20260821_131951/mission_1_cb203_exit/finish.jpg	ziua2_20260821/logs/20260821_131951/mission_1_cb203_exit/finish.jpg	2026-08-21T13:20:54	93725	b3f292f286a18fb99180cd705e562bb2	yes	no	no	yes
day2_20260821/logs/20260821_131951/mission_1_cb203_exit/start.jpg	ziua2_20260821/logs/20260821_131951/mission_1_cb203_exit/start.jpg	2026-08-21T13:20:18	79251	76bc982767a97db9241cbf5c9993cd43	yes	no	no	yes
day2_20260821/logs/20260821_131951/mission_1_cb203_exit/vlm_confirmation_prompt.txt	ziua2_20260821/logs/20260821_131951/mission_1_cb203_exit/vlm_confirmation_prompt.txt	2026-08-21T13:20:54	816	9efebdf987690cc50e83bedb3d2d5bc2	yes	no	no	yes
day2_20260821/logs/20260821_131951/mission_1_cb203_exit/vlm_confirmation_response.txt	ziua2_20260821/logs/20260821_131951/mission_1_cb203_exit/vlm_confirmation_response.txt	2026-08-21T13:21:04	325	115918eacb772508dad441babe49cf56	yes	no	no	yes
day2_20260821/logs/20260821_131951/mission_1_cb203_exit/vlm_decision_prompt.txt	ziua2_20260821/logs/20260821_131951/mission_1_cb203_exit/vlm_decision_prompt.txt	2026-08-21T13:20:18	5691	7a1dd1d5c4179adc521efbdd6164d6f9	yes	no	no	yes
day2_20260821/logs/20260821_131951/mission_1_cb203_exit/vlm_decision_response.txt	ziua2_20260821/logs/20260821_131951/mission_1_cb203_exit/vlm_decision_response.txt	2026-08-21T13:20:18	225	804e86d12c651893c8a501cf113f68ee	yes	no	no	yes
day2_20260821/logs/20260821_132139/mission_1_junction_e1/finish.jpg	ziua2_20260821/logs/20260821_132139/mission_1_junction_e1/finish.jpg	2026-08-21T13:22:24	92275	68202903dda5df249426773a9a1582b6	yes	no	no	yes
day2_20260821/logs/20260821_132139/mission_1_junction_e1/start.jpg	ziua2_20260821/logs/20260821_132139/mission_1_junction_e1/start.jpg	2026-08-21T13:21:54	78333	d60bb36ba06d1b1ba2d7f6a7935ad21c	yes	no	no	yes
day2_20260821/logs/20260821_132139/mission_1_junction_e1/vlm_confirmation_prompt.txt	ziua2_20260821/logs/20260821_132139/mission_1_junction_e1/vlm_confirmation_prompt.txt	2026-08-21T13:22:24	641	de180d6fd3375e3f85159f2b90d031ab	yes	no	no	yes
day2_20260821/logs/20260821_132139/mission_1_junction_e1/vlm_confirmation_response.txt	ziua2_20260821/logs/20260821_132139/mission_1_junction_e1/vlm_confirmation_response.txt	2026-08-21T13:22:36	294	33fe8831bd7a3ad7bab51f7f3ca75078	yes	no	no	yes
day2_20260821/logs/20260821_132139/mission_1_junction_e1/vlm_decision_prompt.txt	ziua2_20260821/logs/20260821_132139/mission_1_junction_e1/vlm_decision_prompt.txt	2026-08-21T13:21:54	5780	6618fbb89c855bb375db546f4a16cb33	yes	no	no	yes
day2_20260821/logs/20260821_132139/mission_1_junction_e1/vlm_decision_response.txt	ziua2_20260821/logs/20260821_132139/mission_1_junction_e1/vlm_decision_response.txt	2026-08-21T13:21:54	189	e2fdd981b29da458cba54102353e13ae	yes	no	no	yes
day2_20260821/logs/20260821_132326/mission_1_cb204/finish.jpg	ziua2_20260821/logs/20260821_132326/mission_1_cb204/finish.jpg	2026-08-21T13:24:04	95079	e258498915905bf2f935cad97a051231	yes	no	no	yes
day2_20260821/logs/20260821_132326/mission_1_cb204/start.jpg	ziua2_20260821/logs/20260821_132326/mission_1_cb204/start.jpg	2026-08-21T13:23:46	80189	933f423cf162b91bdc68273b71d22d20	yes	no	no	yes
day2_20260821/logs/20260821_132326/mission_1_cb204/vlm_confirmation_prompt.txt	ziua2_20260821/logs/20260821_132326/mission_1_cb204/vlm_confirmation_prompt.txt	2026-08-21T13:24:04	832	f594f968a1a3fef04c3095d9df17baa9	yes	no	no	yes
day2_20260821/logs/20260821_132326/mission_1_cb204/vlm_confirmation_response.txt	ziua2_20260821/logs/20260821_132326/mission_1_cb204/vlm_confirmation_response.txt	2026-08-21T13:24:16	509	98f46489c3880943fb9a4515feac4811	yes	no	no	yes
day2_20260821/logs/20260821_132326/mission_1_cb204/vlm_decision_prompt.txt	ziua2_20260821/logs/20260821_132326/mission_1_cb204/vlm_decision_prompt.txt	2026-08-21T13:23:46	5841	f9dc57a144d05fb7eee357ce5ef2e443	yes	no	no	yes
day2_20260821/logs/20260821_132326/mission_1_cb204/vlm_decision_response.txt	ziua2_20260821/logs/20260821_132326/mission_1_cb204/vlm_decision_response.txt	2026-08-21T13:23:46	1516	b269ea664f78c5b01bb323bd6ccb88fd	yes	no	no	yes
day2_20260821/logs/20260821_132452/mission_1_radiator/finish.jpg	ziua2_20260821/logs/20260821_132452/mission_1_radiator/finish.jpg	2026-08-21T13:25:40	102215	b9ec77e49f89bcdfb8ea0bb2618c7f46	yes	no	no	yes
day2_20260821/logs/20260821_132452/mission_1_radiator/start.jpg	ziua2_20260821/logs/20260821_132452/mission_1_radiator/start.jpg	2026-08-21T13:25:08	78093	8a7722f688f03790059a15fdd6d80a34	yes	no	no	yes
day2_20260821/logs/20260821_132452/mission_1_radiator/vlm_confirmation_prompt.txt	ziua2_20260821/logs/20260821_132452/mission_1_radiator/vlm_confirmation_prompt.txt	2026-08-21T13:25:40	632	e089c782ec4bc1b920c344141b688498	yes	no	no	yes
day2_20260821/logs/20260821_132452/mission_1_radiator/vlm_confirmation_response.txt	ziua2_20260821/logs/20260821_132452/mission_1_radiator/vlm_confirmation_response.txt	2026-08-21T13:25:50	316	1c041f308c003c66670b278d1d92d446	yes	no	no	yes
day2_20260821/logs/20260821_132452/mission_1_radiator/vlm_decision_prompt.txt	ziua2_20260821/logs/20260821_132452/mission_1_radiator/vlm_decision_prompt.txt	2026-08-21T13:25:08	5836	bf866848e24a4f4dc79be9d1439d1669	yes	no	no	yes
day2_20260821/logs/20260821_132452/mission_1_radiator/vlm_decision_response.txt	ziua2_20260821/logs/20260821_132452/mission_1_radiator/vlm_decision_response.txt	2026-08-21T13:25:08	222	f2498a76592936846a80e27017b9c2cd	yes	no	no	yes
day2_20260821/logs/20260821_132616/mission_1_toilet_m/finish.jpg	ziua2_20260821/logs/20260821_132616/mission_1_toilet_m/finish.jpg	2026-08-21T13:26:32	86313	da3fa30fef70f2036a6ce89ca0483bdf	yes	no	no	yes
day2_20260821/logs/20260821_132616/mission_1_toilet_m/start.jpg	ziua2_20260821/logs/20260821_132616/mission_1_toilet_m/start.jpg	2026-08-21T13:26:18	78138	396a0a36e8abc6a216f35947031879a7	yes	no	no	yes
day2_20260821/logs/20260821_132710/mission_1_toilet_m/finish.jpg	ziua2_20260821/logs/20260821_132710/mission_1_toilet_m/finish.jpg	2026-08-21T13:27:38	87003	81cae56371ce131489f60afc8a8aa66b	yes	no	no	yes
day2_20260821/logs/20260821_132710/mission_1_toilet_m/start.jpg	ziua2_20260821/logs/20260821_132710/mission_1_toilet_m/start.jpg	2026-08-21T13:27:26	81629	c666c1a17ec11efb05cdbbde882de21c	yes	no	no	yes
day2_20260821/logs/20260821_132710/mission_1_toilet_m/vlm_decision_prompt.txt	ziua2_20260821/logs/20260821_132710/mission_1_toilet_m/vlm_decision_prompt.txt	2026-08-21T13:27:26	5913	439dc7e91fc6ac44594020ff5f865624	yes	no	no	yes
day2_20260821/logs/20260821_132710/mission_1_toilet_m/vlm_decision_response.txt	ziua2_20260821/logs/20260821_132710/mission_1_toilet_m/vlm_decision_response.txt	2026-08-21T13:27:26	184	2257085cf88edfc64ef258a5ef14bd29	yes	no	no	yes
day2_20260821/logs/20260821_132810/mission_1_toilet_m/finish.jpg	ziua2_20260821/logs/20260821_132810/mission_1_toilet_m/finish.jpg	2026-08-21T13:28:34	82214	6b96df3f52c4c0298e775504111c931d	yes	no	no	yes
day2_20260821/logs/20260821_132810/mission_1_toilet_m/start.jpg	ziua2_20260821/logs/20260821_132810/mission_1_toilet_m/start.jpg	2026-08-21T13:28:20	79045	4f91b31b0191d246aede7016002b9644	yes	no	no	yes
day2_20260821/logs/20260821_132810/mission_1_toilet_m/vlm_decision_prompt.txt	ziua2_20260821/logs/20260821_132810/mission_1_toilet_m/vlm_decision_prompt.txt	2026-08-21T13:28:20	5914	471033c262e726c015b2173e1347e2d5	yes	no	no	yes
day2_20260821/logs/20260821_132810/mission_1_toilet_m/vlm_decision_response.txt	ziua2_20260821/logs/20260821_132810/mission_1_toilet_m/vlm_decision_response.txt	2026-08-21T13:28:20	188	6fb79e9b96268257745c029e8de90195	yes	no	no	yes
day2_20260821/logs/20260821_132911/mission_1_radiator/finish.jpg	ziua2_20260821/logs/20260821_132911/mission_1_radiator/finish.jpg	2026-08-21T13:29:42	98418	33f827c29d09f8eecdd18756971043f3	yes	no	no	yes
day2_20260821/logs/20260821_132911/mission_1_radiator/start.jpg	ziua2_20260821/logs/20260821_132911/mission_1_radiator/start.jpg	2026-08-21T13:29:24	79024	c1b68acd633455a360dcab1e8b6c8cf3	yes	no	no	yes
day2_20260821/logs/20260821_132911/mission_1_radiator/vlm_confirmation_prompt.txt	ziua2_20260821/logs/20260821_132911/mission_1_radiator/vlm_confirmation_prompt.txt	2026-08-21T13:29:42	632	e089c782ec4bc1b920c344141b688498	yes	no	no	yes
day2_20260821/logs/20260821_132911/mission_1_radiator/vlm_confirmation_response.txt	ziua2_20260821/logs/20260821_132911/mission_1_radiator/vlm_confirmation_response.txt	2026-08-21T13:29:54	606	834ff4bb7e2fb7fb0f781d3ef04adb6d	yes	no	no	yes
day2_20260821/logs/20260821_132911/mission_1_radiator/vlm_decision_prompt.txt	ziua2_20260821/logs/20260821_132911/mission_1_radiator/vlm_decision_prompt.txt	2026-08-21T13:29:24	5907	699ab5a47e9e831cb2cdb93b7dd40a1a	yes	no	no	yes
day2_20260821/logs/20260821_132911/mission_1_radiator/vlm_decision_response.txt	ziua2_20260821/logs/20260821_132911/mission_1_radiator/vlm_decision_response.txt	2026-08-21T13:29:24	321	92307822aa5b524bd0330a537c8aebd5	yes	no	no	yes
day2_20260821/logs/20260821_133032/mission_1_junction_e1/finish.jpg	ziua2_20260821/logs/20260821_133032/mission_1_junction_e1/finish.jpg	2026-08-21T13:31:04	90415	cea77acd1a3fcecbb6cd29e116c1e65f	yes	no	no	yes
day2_20260821/logs/20260821_133032/mission_1_junction_e1/start.jpg	ziua2_20260821/logs/20260821_133032/mission_1_junction_e1/start.jpg	2026-08-21T13:30:36	77618	51fbf07e5dfb3053ff490ffa86247056	yes	no	no	yes
day2_20260821/logs/20260821_133032/mission_1_junction_e1/vlm_confirmation_prompt.txt	ziua2_20260821/logs/20260821_133032/mission_1_junction_e1/vlm_confirmation_prompt.txt	2026-08-21T13:31:04	641	de180d6fd3375e3f85159f2b90d031ab	yes	no	no	yes
day2_20260821/logs/20260821_133032/mission_1_junction_e1/vlm_confirmation_response.txt	ziua2_20260821/logs/20260821_133032/mission_1_junction_e1/vlm_confirmation_response.txt	2026-08-21T13:31:12	523	0ab4e916f0927666290d4c1db6a1071f	yes	no	no	yes
day2_20260821/logs/20260821_133316/mission_1_radiator/finish.jpg	ziua2_20260821/logs/20260821_133316/mission_1_radiator/finish.jpg	2026-08-21T13:33:48	101021	52b11a4c0eb77deb3d0889227d6e00bf	yes	no	no	yes
day2_20260821/logs/20260821_133316/mission_1_radiator/start.jpg	ziua2_20260821/logs/20260821_133316/mission_1_radiator/start.jpg	2026-08-21T13:33:26	78428	748d03b725c2e99970efa4310d1599f8	yes	no	no	yes
day2_20260821/logs/20260821_133316/mission_1_radiator/vlm_confirmation_prompt.txt	ziua2_20260821/logs/20260821_133316/mission_1_radiator/vlm_confirmation_prompt.txt	2026-08-21T13:33:48	632	e089c782ec4bc1b920c344141b688498	yes	no	no	yes
day2_20260821/logs/20260821_133316/mission_1_radiator/vlm_confirmation_response.txt	ziua2_20260821/logs/20260821_133316/mission_1_radiator/vlm_confirmation_response.txt	2026-08-21T13:33:58	321	46292d145eb53de17145bb19fbc6c162	yes	no	no	yes
day2_20260821/logs/20260821_133316/mission_1_radiator/vlm_decision_prompt.txt	ziua2_20260821/logs/20260821_133316/mission_1_radiator/vlm_decision_prompt.txt	2026-08-21T13:33:26	5908	8d7b809dfefa5b1c00f2f4cf711bfaf8	yes	no	no	yes
day2_20260821/logs/20260821_133316/mission_1_radiator/vlm_decision_response.txt	ziua2_20260821/logs/20260821_133316/mission_1_radiator/vlm_decision_response.txt	2026-08-21T13:33:26	193	2f41060e993fcf4ffccfeabcb2923a97	yes	no	no	yes
day2_20260821/logs/20260821_133431/mission_1_radiator/finish.jpg	ziua2_20260821/logs/20260821_133431/mission_1_radiator/finish.jpg	2026-08-21T13:35:06	101732	c2b0b4a83549f610c83f80595c6c824b	yes	no	no	yes
day2_20260821/logs/20260821_133431/mission_1_radiator/start.jpg	ziua2_20260821/logs/20260821_133431/mission_1_radiator/start.jpg	2026-08-21T13:34:44	76919	cb54eecc08a4f1903e48140f7dc58579	yes	no	no	yes
day2_20260821/logs/20260821_133431/mission_1_radiator/vlm_confirmation_prompt.txt	ziua2_20260821/logs/20260821_133431/mission_1_radiator/vlm_confirmation_prompt.txt	2026-08-21T13:35:06	632	e089c782ec4bc1b920c344141b688498	yes	no	no	yes
day2_20260821/logs/20260821_133431/mission_1_radiator/vlm_confirmation_response.txt	ziua2_20260821/logs/20260821_133431/mission_1_radiator/vlm_confirmation_response.txt	2026-08-21T13:35:18	648	f44e4849fad21709414e9925d161bc4b	yes	no	no	yes
day2_20260821/logs/20260821_133431/mission_1_radiator/vlm_decision_prompt.txt	ziua2_20260821/logs/20260821_133431/mission_1_radiator/vlm_decision_prompt.txt	2026-08-21T13:34:44	5897	94bcb8f0bd65093208140050d1d3cf18	yes	no	no	yes
day2_20260821/logs/20260821_133431/mission_1_radiator/vlm_decision_response.txt	ziua2_20260821/logs/20260821_133431/mission_1_radiator/vlm_decision_response.txt	2026-08-21T13:34:44	171	8770241c5cfec0198d1e0b52b7cd564f	yes	no	no	yes
day2_20260821/logs/20260821_133600/mission_1_plant_5/finish.jpg	ziua2_20260821/logs/20260821_133600/mission_1_plant_5/finish.jpg	2026-08-21T13:36:44	87004	6a8673c550e60cadf608016e39c17b30	yes	no	no	yes
day2_20260821/logs/20260821_133600/mission_1_plant_5/start.jpg	ziua2_20260821/logs/20260821_133600/mission_1_plant_5/start.jpg	2026-08-21T13:36:14	75774	e197c1239ba71bd15ddcb743e3ed1876	yes	no	no	yes
day2_20260821/logs/20260821_133600/mission_1_plant_5/vlm_confirmation_prompt.txt	ziua2_20260821/logs/20260821_133600/mission_1_plant_5/vlm_confirmation_prompt.txt	2026-08-21T13:36:44	631	ace89171863277f13e882160d6034536	yes	no	no	yes
day2_20260821/logs/20260821_133600/mission_1_plant_5/vlm_confirmation_response.txt	ziua2_20260821/logs/20260821_133600/mission_1_plant_5/vlm_confirmation_response.txt	2026-08-21T13:36:56	676	ff4a6718049d46f6328d40bfd8af9e3e	yes	no	no	yes
day2_20260821/logs/20260821_133600/mission_1_plant_5/vlm_decision_prompt.txt	ziua2_20260821/logs/20260821_133600/mission_1_plant_5/vlm_decision_prompt.txt	2026-08-21T13:36:16	5978	60801796058803249ddccbe68e813abb	yes	no	no	yes
day2_20260821/logs/20260821_133600/mission_1_plant_5/vlm_decision_response.txt	ziua2_20260821/logs/20260821_133600/mission_1_plant_5/vlm_decision_response.txt	2026-08-21T13:36:16	210	884eba604b22b79a46bb8ee0605a898e	yes	no	no	yes
day2_20260821/logs/20260821_133732/mission_1_plant_5/finish.jpg	ziua2_20260821/logs/20260821_133732/mission_1_plant_5/finish.jpg	2026-08-21T13:38:12	90445	fde4cc7582d8d2c03fede5e6558e1f4f	yes	no	no	yes
day2_20260821/logs/20260821_133732/mission_1_plant_5/start.jpg	ziua2_20260821/logs/20260821_133732/mission_1_plant_5/start.jpg	2026-08-21T13:37:46	78945	0a1440c10ff3879297ce13f5f21b3bd4	yes	no	no	yes
day2_20260821/logs/20260821_133732/mission_1_plant_5/vlm_confirmation_prompt.txt	ziua2_20260821/logs/20260821_133732/mission_1_plant_5/vlm_confirmation_prompt.txt	2026-08-21T13:38:12	631	ace89171863277f13e882160d6034536	yes	no	no	yes
day2_20260821/logs/20260821_133732/mission_1_plant_5/vlm_confirmation_response.txt	ziua2_20260821/logs/20260821_133732/mission_1_plant_5/vlm_confirmation_response.txt	2026-08-21T13:38:24	327	6ceb9167abc22c73de8d3587a78d0ea5	yes	no	no	yes
day2_20260821/logs/20260821_133732/mission_1_plant_5/vlm_decision_prompt.txt	ziua2_20260821/logs/20260821_133732/mission_1_plant_5/vlm_decision_prompt.txt	2026-08-21T13:37:46	5986	6fad94f922699e113835f3f63ea7c227	yes	no	no	yes
day2_20260821/logs/20260821_133732/mission_1_plant_5/vlm_decision_response.txt	ziua2_20260821/logs/20260821_133732/mission_1_plant_5/vlm_decision_response.txt	2026-08-21T13:37:46	279	f5c7b8e3dd6b036438616329ed53e5fa	yes	no	no	yes
day2_20260821/logs/20260821_133902/mission_1_plant_5/finish.jpg	ziua2_20260821/logs/20260821_133902/mission_1_plant_5/finish.jpg	2026-08-21T13:39:42	88500	1969975c7898331eaed699d20c06fa1d	yes	no	no	yes
day2_20260821/logs/20260821_133902/mission_1_plant_5/start.jpg	ziua2_20260821/logs/20260821_133902/mission_1_plant_5/start.jpg	2026-08-21T13:39:14	80377	c30be94431c8c376a0bef61db1422104	yes	no	no	yes
day2_20260821/logs/20260821_133902/mission_1_plant_5/vlm_confirmation_prompt.txt	ziua2_20260821/logs/20260821_133902/mission_1_plant_5/vlm_confirmation_prompt.txt	2026-08-21T13:39:42	631	ace89171863277f13e882160d6034536	yes	no	no	yes
day2_20260821/logs/20260821_133902/mission_1_plant_5/vlm_confirmation_response.txt	ziua2_20260821/logs/20260821_133902/mission_1_plant_5/vlm_confirmation_response.txt	2026-08-21T13:39:54	337	ad95ed7d3e591cd3cf1e5fc2be10169d	yes	no	no	yes
day2_20260821/logs/20260821_133902/mission_1_plant_5/vlm_decision_prompt.txt	ziua2_20260821/logs/20260821_133902/mission_1_plant_5/vlm_decision_prompt.txt	2026-08-21T13:39:16	5981	4aa8cd68a28e4ec3ff64a7871eeeb562	yes	no	no	yes
day2_20260821/logs/20260821_133902/mission_1_plant_5/vlm_decision_response.txt	ziua2_20260821/logs/20260821_133902/mission_1_plant_5/vlm_decision_response.txt	2026-08-21T13:39:16	120	bb8cbf419deecf134f1c0174fe0dec12	yes	no	no	yes
day2_20260821/logs/20260821_134044/mission_1_radiator/finish.jpg	ziua2_20260821/logs/20260821_134044/mission_1_radiator/finish.jpg	2026-08-21T13:41:22	101566	4926980869dc99ecfe923297b686c829	yes	no	no	yes
day2_20260821/logs/20260821_134044/mission_1_radiator/start.jpg	ziua2_20260821/logs/20260821_134044/mission_1_radiator/start.jpg	2026-08-21T13:41:02	76342	d37b3c078f045194454064cecdc2bb61	yes	no	no	yes
day2_20260821/logs/20260821_134044/mission_1_radiator/vlm_confirmation_prompt.txt	ziua2_20260821/logs/20260821_134044/mission_1_radiator/vlm_confirmation_prompt.txt	2026-08-21T13:41:22	632	e089c782ec4bc1b920c344141b688498	yes	no	no	yes
day2_20260821/logs/20260821_134044/mission_1_radiator/vlm_confirmation_response.txt	ziua2_20260821/logs/20260821_134044/mission_1_radiator/vlm_confirmation_response.txt	2026-08-21T13:41:34	315	b1d9d8c220c5195882e47c2944197f40	yes	no	no	yes
day2_20260821/logs/20260821_134044/mission_1_radiator/vlm_decision_prompt.txt	ziua2_20260821/logs/20260821_134044/mission_1_radiator/vlm_decision_prompt.txt	2026-08-21T13:41:02	5974	9798d1a99e8f90afb7bf9b723e658efa	yes	no	no	yes
day2_20260821/logs/20260821_134044/mission_1_radiator/vlm_decision_response.txt	ziua2_20260821/logs/20260821_134044/mission_1_radiator/vlm_decision_response.txt	2026-08-21T13:41:02	196	c83d9a0a3b466bb1fbbca578079fc7d9	yes	no	no	yes
day2_20260821/logs/20260821_134202/mission_1_plant_4/finish.jpg	ziua2_20260821/logs/20260821_134202/mission_1_plant_4/finish.jpg	2026-08-21T13:43:08	81742	698f14c12d3d4b1e6e3c6ae75bbe4926	yes	no	no	yes
day2_20260821/logs/20260821_134202/mission_1_plant_4/start.jpg	ziua2_20260821/logs/20260821_134202/mission_1_plant_4/start.jpg	2026-08-21T13:42:16	79269	e6e302d352abb27572666a491101f220	yes	no	no	yes
day2_20260821/logs/20260821_134202/mission_1_plant_4/vlm_confirmation_prompt.txt	ziua2_20260821/logs/20260821_134202/mission_1_plant_4/vlm_confirmation_prompt.txt	2026-08-21T13:43:08	626	5bdc909e4adef6bae4c10646ed3ca1e0	yes	no	no	yes
day2_20260821/logs/20260821_134202/mission_1_plant_4/vlm_confirmation_response.txt	ziua2_20260821/logs/20260821_134202/mission_1_plant_4/vlm_confirmation_response.txt	2026-08-21T13:43:20	345	3fb18a9c896505accc09d983d7fe6ffb	yes	no	no	yes
day2_20260821/logs/20260821_134202/mission_1_plant_4/vlm_decision_prompt.txt	ziua2_20260821/logs/20260821_134202/mission_1_plant_4/vlm_decision_prompt.txt	2026-08-21T13:42:16	5967	065945a2ceca062fbccbd529cd8a5f77	yes	no	no	yes
day2_20260821/logs/20260821_134202/mission_1_plant_4/vlm_decision_response.txt	ziua2_20260821/logs/20260821_134202/mission_1_plant_4/vlm_decision_response.txt	2026-08-21T13:42:16	195	b37fd131cda0c18b7d877e1c2e294a57	yes	no	no	yes
day2_20260821/logs/20260821_134402/mission_1_plant_2/finish.jpg	ziua2_20260821/logs/20260821_134402/mission_1_plant_2/finish.jpg	2026-08-21T13:44:50	80456	8e1f53ad168db71b1482f6b4cc53f31f	yes	no	no	yes
day2_20260821/logs/20260821_134402/mission_1_plant_2/start.jpg	ziua2_20260821/logs/20260821_134402/mission_1_plant_2/start.jpg	2026-08-21T13:44:20	79471	409e8a6c178ceaa514789565cac4fa54	yes	no	no	yes
day2_20260821/logs/20260821_134402/mission_1_plant_2/vlm_confirmation_prompt.txt	ziua2_20260821/logs/20260821_134402/mission_1_plant_2/vlm_confirmation_prompt.txt	2026-08-21T13:44:50	631	893a544b18b857fc0932f50d348d0465	yes	no	no	yes
day2_20260821/logs/20260821_134402/mission_1_plant_2/vlm_confirmation_response.txt	ziua2_20260821/logs/20260821_134402/mission_1_plant_2/vlm_confirmation_response.txt	2026-08-21T13:45:02	583	bffb737d6440f596cae5923656fbc3fd	yes	no	no	yes
day2_20260821/logs/20260821_134402/mission_1_plant_2/vlm_decision_prompt.txt	ziua2_20260821/logs/20260821_134402/mission_1_plant_2/vlm_decision_prompt.txt	2026-08-21T13:44:20	6056	78c280c2d8a9e6c427a56eed2b291373	yes	no	no	yes
day2_20260821/logs/20260821_134402/mission_1_plant_2/vlm_decision_response.txt	ziua2_20260821/logs/20260821_134402/mission_1_plant_2/vlm_decision_response.txt	2026-08-21T13:44:20	1210	8f3a8644ba610407f1833e3ac6fbf9bb	yes	no	no	yes
day2_20260821/logs/20260821_134532/mission_1_radiator/finish.jpg	ziua2_20260821/logs/20260821_134532/mission_1_radiator/finish.jpg	2026-08-21T13:46:06	99423	6642f8598eed500f55cae76e6d3df86b	yes	no	no	yes
day2_20260821/logs/20260821_134532/mission_1_radiator/start.jpg	ziua2_20260821/logs/20260821_134532/mission_1_radiator/start.jpg	2026-08-21T13:45:46	76388	b8311eacf481dcf308c6d36128dc0d22	yes	no	no	yes
day2_20260821/logs/20260821_134532/mission_1_radiator/vlm_confirmation_prompt.txt	ziua2_20260821/logs/20260821_134532/mission_1_radiator/vlm_confirmation_prompt.txt	2026-08-21T13:46:06	632	e089c782ec4bc1b920c344141b688498	yes	no	no	yes
day2_20260821/logs/20260821_134532/mission_1_radiator/vlm_confirmation_response.txt	ziua2_20260821/logs/20260821_134532/mission_1_radiator/vlm_confirmation_response.txt	2026-08-21T13:46:18	552	179e8473a74dbbdd113a15427869f132	yes	no	no	yes
day2_20260821/logs/20260821_134532/mission_1_radiator/vlm_decision_prompt.txt	ziua2_20260821/logs/20260821_134532/mission_1_radiator/vlm_decision_prompt.txt	2026-08-21T13:45:46	6052	20e938d4998e36c3278ecbdc6e34d455	yes	no	no	yes
day2_20260821/logs/20260821_134532/mission_1_radiator/vlm_decision_response.txt	ziua2_20260821/logs/20260821_134532/mission_1_radiator/vlm_decision_response.txt	2026-08-21T13:45:46	214	c80caf8134709756f1e5d28d47a45b20	yes	no	no	yes
day2_20260821/logs/20260821_134743/mission_1_hall_exit/start.jpg	ziua2_20260821/logs/20260821_134743/mission_1_hall_exit/start.jpg	2026-08-21T13:47:48	75762	b32661980e8af36faea781e4b39f3811	yes	no	no	yes
day2_20260821/logs/20260821_134844/mission_1_radiator/finish.jpg	ziua2_20260821/logs/20260821_134844/mission_1_radiator/finish.jpg	2026-08-21T13:49:12	100292	1807beb436f675f32ab25e53c2de2e67	yes	no	no	yes
day2_20260821/logs/20260821_134844/mission_1_radiator/start.jpg	ziua2_20260821/logs/20260821_134844/mission_1_radiator/start.jpg	2026-08-21T13:48:54	76817	839c52defb684145d5d68e4b675f6a99	yes	no	no	yes
day2_20260821/logs/20260821_134844/mission_1_radiator/vlm_confirmation_prompt.txt	ziua2_20260821/logs/20260821_134844/mission_1_radiator/vlm_confirmation_prompt.txt	2026-08-21T13:49:12	632	e089c782ec4bc1b920c344141b688498	yes	no	no	yes
day2_20260821/logs/20260821_134844/mission_1_radiator/vlm_confirmation_response.txt	ziua2_20260821/logs/20260821_134844/mission_1_radiator/vlm_confirmation_response.txt	2026-08-21T13:49:24	580	6bb59b7a31a8436d2aaf4935c66f75c9	yes	no	no	yes
day2_20260821/logs/20260821_134844/mission_1_radiator/vlm_decision_prompt.txt	ziua2_20260821/logs/20260821_134844/mission_1_radiator/vlm_decision_prompt.txt	2026-08-21T13:48:54	6217	43e6347fc1d4a8c880d1e654766559b9	yes	no	no	yes
day2_20260821/logs/20260821_134844/mission_1_radiator/vlm_decision_response.txt	ziua2_20260821/logs/20260821_134844/mission_1_radiator/vlm_decision_response.txt	2026-08-21T13:48:54	302	5e4038e98d4b411bc09133fb66879079	yes	no	no	yes
day2_20260821/logs/20260821_135113/mission_1_radiator/start.jpg	ziua2_20260821/logs/20260821_135113/mission_1_radiator/start.jpg	2026-08-21T13:51:26	76012	262edb4fbb3e6a6593d0a8940874db86	yes	no	no	yes
day2_20260821/logs/20260821_135113/mission_1_radiator/vlm_decision_prompt.txt	ziua2_20260821/logs/20260821_135113/mission_1_radiator/vlm_decision_prompt.txt	2026-08-21T13:51:26	6205	9bee4b93b3240633a38abb74519959d9	yes	no	no	yes
day2_20260821/logs/20260821_135113/mission_1_radiator/vlm_decision_response.txt	ziua2_20260821/logs/20260821_135113/mission_1_radiator/vlm_decision_response.txt	2026-08-21T13:51:26	163	27f0a13a7be93063ec8574272a171849	yes	no	no	yes
day2_20260821/logs/20260821_135113/mission_2_radiator/finish.jpg	ziua2_20260821/logs/20260821_135113/mission_2_radiator/finish.jpg	2026-08-21T13:52:00	95618	626dccbb6eddeb9a712f588dc264919d	yes	no	no	yes
day2_20260821/logs/20260821_135113/mission_2_radiator/start.jpg	ziua2_20260821/logs/20260821_135113/mission_2_radiator/start.jpg	2026-08-21T13:51:48	83757	4e21dd5ff0f224fa538f7b9f0ddde5a1	yes	no	no	yes
day2_20260821/logs/20260821_135113/mission_2_radiator/vlm_confirmation_prompt.txt	ziua2_20260821/logs/20260821_135113/mission_2_radiator/vlm_confirmation_prompt.txt	2026-08-21T13:52:00	632	e089c782ec4bc1b920c344141b688498	yes	no	no	yes
day2_20260821/logs/20260821_135113/mission_2_radiator/vlm_confirmation_response.txt	ziua2_20260821/logs/20260821_135113/mission_2_radiator/vlm_confirmation_response.txt	2026-08-21T13:52:12	602	8e6b4944cbde2990b7a10d0197d13006	yes	no	no	yes
day2_20260821/logs/20260821_135113/mission_2_radiator/vlm_decision_prompt.txt	ziua2_20260821/logs/20260821_135113/mission_2_radiator/vlm_decision_prompt.txt	2026-08-21T13:51:48	6205	80b65e2296a3178347b6f633a852befa	yes	no	no	yes
day2_20260821/logs/20260821_135113/mission_2_radiator/vlm_decision_response.txt	ziua2_20260821/logs/20260821_135113/mission_2_radiator/vlm_decision_response.txt	2026-08-21T13:51:48	384	4fc0380a9ec6c1ebbeca04d693f84353	yes	no	no	yes
day2_20260821/logs/20260821_135311/mission_1_cb204/finish.jpg	ziua2_20260821/logs/20260821_135311/mission_1_cb204/finish.jpg	2026-08-21T13:53:44	96300	86a21ea967cf62c59e05d93c4aaf651c	yes	no	no	yes
day2_20260821/logs/20260821_135311/mission_1_cb204/start.jpg	ziua2_20260821/logs/20260821_135311/mission_1_cb204/start.jpg	2026-08-21T13:53:24	81122	b4ce12258b664fdaad64ed79de862a0f	yes	no	no	yes
day2_20260821/logs/20260821_135311/mission_1_cb204/vlm_confirmation_prompt.txt	ziua2_20260821/logs/20260821_135311/mission_1_cb204/vlm_confirmation_prompt.txt	2026-08-21T13:53:44	832	f594f968a1a3fef04c3095d9df17baa9	yes	no	no	yes
day2_20260821/logs/20260821_135311/mission_1_cb204/vlm_confirmation_response.txt	ziua2_20260821/logs/20260821_135311/mission_1_cb204/vlm_confirmation_response.txt	2026-08-21T13:53:56	488	525aee8b55842222e97e54edd1b3415f	yes	no	no	yes
day2_20260821/logs/20260821_135311/mission_1_cb204/vlm_decision_prompt.txt	ziua2_20260821/logs/20260821_135311/mission_1_cb204/vlm_decision_prompt.txt	2026-08-21T13:53:26	6205	61121cedaed37abb1b9a35595c80460c	yes	no	no	yes
day2_20260821/logs/20260821_135311/mission_1_cb204/vlm_decision_response.txt	ziua2_20260821/logs/20260821_135311/mission_1_cb204/vlm_decision_response.txt	2026-08-21T13:53:26	244	fe868eb8fad8dfb69921efb1dc25897c	yes	no	no	yes
day2_20260821/logs/20260821_135419/mission_1_cb203_exit/finish.jpg	ziua2_20260821/logs/20260821_135419/mission_1_cb203_exit/finish.jpg	2026-08-21T13:55:06	91158	f1b67477dc36ae42d5b2924dcd8559b2	yes	no	no	yes
day2_20260821/logs/20260821_135419/mission_1_cb203_exit/start.jpg	ziua2_20260821/logs/20260821_135419/mission_1_cb203_exit/start.jpg	2026-08-21T13:54:34	80175	66d5b01d267f7a985a306edc9f3a0c21	yes	no	no	yes
day2_20260821/logs/20260821_135419/mission_1_cb203_exit/vlm_confirmation_prompt.txt	ziua2_20260821/logs/20260821_135419/mission_1_cb203_exit/vlm_confirmation_prompt.txt	2026-08-21T13:55:06	816	9efebdf987690cc50e83bedb3d2d5bc2	yes	no	no	yes
day2_20260821/logs/20260821_135419/mission_1_cb203_exit/vlm_confirmation_response.txt	ziua2_20260821/logs/20260821_135419/mission_1_cb203_exit/vlm_confirmation_response.txt	2026-08-21T13:55:18	428	64561b3a982110786c53661f76873c24	yes	no	no	yes
day2_20260821/logs/20260821_135419/mission_1_cb203_exit/vlm_decision_prompt.txt	ziua2_20260821/logs/20260821_135419/mission_1_cb203_exit/vlm_decision_prompt.txt	2026-08-21T13:54:34	6174	c01cfd9cfd073d2df45d2401e2a3ade3	yes	no	no	yes
day2_20260821/logs/20260821_135419/mission_1_cb203_exit/vlm_decision_response.txt	ziua2_20260821/logs/20260821_135419/mission_1_cb203_exit/vlm_decision_response.txt	2026-08-21T13:54:34	257	263c2d9afca468300dee00b73f8824c6	yes	no	no	yes
day2_20260821/logs/20260821_135551/mission_1_cb203_exit/finish.jpg	ziua2_20260821/logs/20260821_135551/mission_1_cb203_exit/finish.jpg	2026-08-21T13:56:26	93424	e959dd3ab040b3133e9d0cdb1f4d018f	yes	no	no	yes
day2_20260821/logs/20260821_135551/mission_1_cb203_exit/start.jpg	ziua2_20260821/logs/20260821_135551/mission_1_cb203_exit/start.jpg	2026-08-21T13:55:54	78055	95e858fa0876dc47942c64cc73bf6a36	yes	no	no	yes
day2_20260821/logs/20260821_135551/mission_1_cb203_exit/vlm_confirmation_prompt.txt	ziua2_20260821/logs/20260821_135551/mission_1_cb203_exit/vlm_confirmation_prompt.txt	2026-08-21T13:56:26	816	9efebdf987690cc50e83bedb3d2d5bc2	yes	no	no	yes
day2_20260821/logs/20260821_135551/mission_1_cb203_exit/vlm_confirmation_response.txt	ziua2_20260821/logs/20260821_135551/mission_1_cb203_exit/vlm_confirmation_response.txt	2026-08-21T13:56:32	302	24895d9fa5022ff7474038ba49ec1db6	yes	no	no	yes
day2_20260821/logs/20260821_135704/mission_1_junction_e1/finish.jpg	ziua2_20260821/logs/20260821_135704/mission_1_junction_e1/finish.jpg	2026-08-21T13:57:34	91365	9fdee8dc57e92ab9dedad86ca90df6aa	yes	no	no	yes
day2_20260821/logs/20260821_135704/mission_1_junction_e1/start.jpg	ziua2_20260821/logs/20260821_135704/mission_1_junction_e1/start.jpg	2026-08-21T13:57:08	74915	2f8205aaa715096a1f3b26a880c08938	yes	no	no	yes
day2_20260821/logs/20260821_135704/mission_1_junction_e1/vlm_confirmation_prompt.txt	ziua2_20260821/logs/20260821_135704/mission_1_junction_e1/vlm_confirmation_prompt.txt	2026-08-21T13:57:34	641	de180d6fd3375e3f85159f2b90d031ab	yes	no	no	yes
day2_20260821/logs/20260821_135704/mission_1_junction_e1/vlm_confirmation_response.txt	ziua2_20260821/logs/20260821_135704/mission_1_junction_e1/vlm_confirmation_response.txt	2026-08-21T13:57:42	512	da4fbc9af36b1b337445585d147abf30	yes	no	no	yes
day2_20260821/logs/20260821_140457/mission_1_radiator/finish.jpg	ziua2_20260821/logs/20260821_140457/mission_1_radiator/finish.jpg	2026-08-21T14:05:34	101136	6dcf3b9434e808dc679511febf386e2a	yes	no	no	yes
day2_20260821/logs/20260821_140457/mission_1_radiator/start.jpg	ziua2_20260821/logs/20260821_140457/mission_1_radiator/start.jpg	2026-08-21T14:05:12	78930	cfbced195714c7ed76fbeca09a5808dd	yes	no	no	yes
day2_20260821/logs/20260821_140457/mission_1_radiator/vlm_confirmation_prompt.txt	ziua2_20260821/logs/20260821_140457/mission_1_radiator/vlm_confirmation_prompt.txt	2026-08-21T14:05:34	632	e089c782ec4bc1b920c344141b688498	yes	no	no	yes
day2_20260821/logs/20260821_140457/mission_1_radiator/vlm_confirmation_response.txt	ziua2_20260821/logs/20260821_140457/mission_1_radiator/vlm_confirmation_response.txt	2026-08-21T14:05:46	569	6ab7dcde2260ed8bbf449fd6c95835b6	yes	no	no	yes
day2_20260821/logs/20260821_140457/mission_1_radiator/vlm_decision_prompt.txt	ziua2_20260821/logs/20260821_140457/mission_1_radiator/vlm_decision_prompt.txt	2026-08-21T14:05:12	5204	36792911c1302d97b4bb224baced6a6e	yes	no	no	yes
day2_20260821/logs/20260821_140457/mission_1_radiator/vlm_decision_response.txt	ziua2_20260821/logs/20260821_140457/mission_1_radiator/vlm_decision_response.txt	2026-08-21T14:05:12	180	7a28769995cb08ddead64cce525a70e8	yes	no	no	yes
day2_20260821/logs/20260821_140856/mission_1_junction_e1/finish.jpg	ziua2_20260821/logs/20260821_140856/mission_1_junction_e1/finish.jpg	2026-08-21T14:09:36	91908	3a51e5dcc1f062d8e2fde7e2d26e47cb	yes	no	no	yes
day2_20260821/logs/20260821_140856/mission_1_junction_e1/start.jpg	ziua2_20260821/logs/20260821_140856/mission_1_junction_e1/start.jpg	2026-08-21T14:09:10	76637	5aaaa3af68d7b6d367b9eba7da07476f	yes	no	no	yes
day2_20260821/logs/20260821_140856/mission_1_junction_e1/vlm_confirmation_prompt.txt	ziua2_20260821/logs/20260821_140856/mission_1_junction_e1/vlm_confirmation_prompt.txt	2026-08-21T14:09:36	641	de180d6fd3375e3f85159f2b90d031ab	yes	no	no	yes
day2_20260821/logs/20260821_140856/mission_1_junction_e1/vlm_confirmation_response.txt	ziua2_20260821/logs/20260821_140856/mission_1_junction_e1/vlm_confirmation_response.txt	2026-08-21T14:09:48	329	1ded82ad5cdd174e207e77bf7db218c2	yes	no	no	yes
day2_20260821/logs/20260821_140856/mission_1_junction_e1/vlm_decision_prompt.txt	ziua2_20260821/logs/20260821_140856/mission_1_junction_e1/vlm_decision_prompt.txt	2026-08-21T14:09:10	5281	319cb7c43453760e8a34148a874da8b2	yes	no	no	yes
day2_20260821/logs/20260821_140856/mission_1_junction_e1/vlm_decision_response.txt	ziua2_20260821/logs/20260821_140856/mission_1_junction_e1/vlm_decision_response.txt	2026-08-21T14:09:10	191	db67a3070bd619b9324e9f706fb3cb7e	yes	no	no	yes
day2_20260821/logs/20260821_142326/mission_1_radiator/finish.jpg	ziua2_20260821/logs/20260821_142326/mission_1_radiator/finish.jpg	2026-08-21T14:24:08	103547	88b976640a3d9e8d760c306d89c71bf2	yes	no	no	yes
day2_20260821/logs/20260821_142326/mission_1_radiator/start.jpg	ziua2_20260821/logs/20260821_142326/mission_1_radiator/start.jpg	2026-08-21T14:23:42	79010	3d35e523fbd64ed116af5938b7f9ac94	yes	no	no	yes
day2_20260821/logs/20260821_142326/mission_1_radiator/vlm_confirmation_prompt.txt	ziua2_20260821/logs/20260821_142326/mission_1_radiator/vlm_confirmation_prompt.txt	2026-08-21T14:24:08	632	e089c782ec4bc1b920c344141b688498	yes	no	no	yes
day2_20260821/logs/20260821_142326/mission_1_radiator/vlm_confirmation_response.txt	ziua2_20260821/logs/20260821_142326/mission_1_radiator/vlm_confirmation_response.txt	2026-08-21T14:24:18	301	09d3760b41492f77d37ba5152565e5db	yes	no	no	yes
day2_20260821/logs/20260821_142326/mission_1_radiator/vlm_decision_prompt.txt	ziua2_20260821/logs/20260821_142326/mission_1_radiator/vlm_decision_prompt.txt	2026-08-21T14:23:42	5203	18a32dbef9ba084af27ffb8cc6f9be45	yes	no	no	yes
day2_20260821/logs/20260821_142326/mission_1_radiator/vlm_decision_response.txt	ziua2_20260821/logs/20260821_142326/mission_1_radiator/vlm_decision_response.txt	2026-08-21T14:23:42	181	62b5639aa8dc798b0e7a964c044a777a	yes	no	no	yes
day2_20260821/logs/20260821_142441/mission_1_junction_e1/finish.jpg	ziua2_20260821/logs/20260821_142441/mission_1_junction_e1/finish.jpg	2026-08-21T14:25:22	109480	2a67944d15e0ba75ae0b974dfb65fa0a	yes	no	no	yes
day2_20260821/logs/20260821_142441/mission_1_junction_e1/start.jpg	ziua2_20260821/logs/20260821_142441/mission_1_junction_e1/start.jpg	2026-08-21T14:24:54	79846	97db3b57003366bd1239a97f1ae1ef44	yes	no	no	yes
day2_20260821/logs/20260821_142441/mission_1_junction_e1/vlm_confirmation_prompt.txt	ziua2_20260821/logs/20260821_142441/mission_1_junction_e1/vlm_confirmation_prompt.txt	2026-08-21T14:25:22	641	de180d6fd3375e3f85159f2b90d031ab	yes	no	no	yes
day2_20260821/logs/20260821_142441/mission_1_junction_e1/vlm_confirmation_response.txt	ziua2_20260821/logs/20260821_142441/mission_1_junction_e1/vlm_confirmation_response.txt	2026-08-21T14:25:34	493	776026f80fb5d189ee2cb709da9551fe	yes	no	no	yes
day2_20260821/logs/20260821_142441/mission_1_junction_e1/vlm_decision_prompt.txt	ziua2_20260821/logs/20260821_142441/mission_1_junction_e1/vlm_decision_prompt.txt	2026-08-21T14:24:54	5348	5ec81f0cf4439c9e22769f69f8e85806	yes	no	no	yes
day2_20260821/logs/20260821_142441/mission_1_junction_e1/vlm_decision_response.txt	ziua2_20260821/logs/20260821_142441/mission_1_junction_e1/vlm_decision_response.txt	2026-08-21T14:24:54	242	244494b5b22e7d2755407e604380af17	yes	no	no	yes
day2_20260821/logs/20260821_143549/mission_1_cb202/finish.jpg	ziua2_20260821/logs/20260821_143549/mission_1_cb202/finish.jpg	2026-08-21T14:36:12	87537	774abe3f077941b9fea1b3f883d1ae11	yes	no	no	yes
day2_20260821/logs/20260821_143549/mission_1_cb202/start.jpg	ziua2_20260821/logs/20260821_143549/mission_1_cb202/start.jpg	2026-08-21T14:36:02	79016	812b98c5a1e1ac4acc845cca1f59cf6e	yes	no	no	yes
day2_20260821/logs/20260821_143549/mission_1_cb202/vlm_confirmation_prompt.txt	ziua2_20260821/logs/20260821_143549/mission_1_cb202/vlm_confirmation_prompt.txt	2026-08-21T14:36:12	639	1e750e376384b9018b536a1728d123ae	yes	no	no	yes
day2_20260821/logs/20260821_143549/mission_1_cb202/vlm_confirmation_response.txt	ziua2_20260821/logs/20260821_143549/mission_1_cb202/vlm_confirmation_response.txt	2026-08-21T14:36:22	319	7cffb296d340247d2b808ca777a31a76	yes	no	no	yes
day2_20260821/logs/20260821_143549/mission_1_cb202/vlm_decision_prompt.txt	ziua2_20260821/logs/20260821_143549/mission_1_cb202/vlm_decision_prompt.txt	2026-08-21T14:36:02	5920	c948233b7ea764a6fe56a1bac28777fe	yes	no	no	yes
day2_20260821/logs/20260821_143549/mission_1_cb202/vlm_decision_response.txt	ziua2_20260821/logs/20260821_143549/mission_1_cb202/vlm_decision_response.txt	2026-08-21T14:36:02	207	6c58643f31a495f17b93fb8eb381bd64	yes	no	no	yes
day2_20260821/logs/20260821_143713/mission_1_radiator/finish.jpg	ziua2_20260821/logs/20260821_143713/mission_1_radiator/finish.jpg	2026-08-21T14:38:04	98357	2eddb2010139afd4d3465b593af24006	yes	no	no	yes
day2_20260821/logs/20260821_143713/mission_1_radiator/start.jpg	ziua2_20260821/logs/20260821_143713/mission_1_radiator/start.jpg	2026-08-21T14:37:26	78052	b627614540db31062e38eee7998ea677	yes	no	no	yes
day2_20260821/logs/20260821_143713/mission_1_radiator/vlm_confirmation_prompt.txt	ziua2_20260821/logs/20260821_143713/mission_1_radiator/vlm_confirmation_prompt.txt	2026-08-21T14:38:04	632	e089c782ec4bc1b920c344141b688498	yes	no	no	yes
day2_20260821/logs/20260821_143713/mission_1_radiator/vlm_confirmation_response.txt	ziua2_20260821/logs/20260821_143713/mission_1_radiator/vlm_confirmation_response.txt	2026-08-21T14:38:14	322	dfe7292282bcc42fa27f32ff9c2ccc46	yes	no	no	yes
day2_20260821/logs/20260821_143713/mission_1_radiator/vlm_decision_prompt.txt	ziua2_20260821/logs/20260821_143713/mission_1_radiator/vlm_decision_prompt.txt	2026-08-21T14:37:26	5976	d547fda9a0fdcfa4540ad0aebd93d594	yes	no	no	yes
day2_20260821/logs/20260821_143713/mission_1_radiator/vlm_decision_response.txt	ziua2_20260821/logs/20260821_143713/mission_1_radiator/vlm_decision_response.txt	2026-08-21T14:37:26	158	9297220af0e84b1ec05e29b4fb254cdc	yes	no	no	yes
day2_20260821/logs/20260821_143913/mission_1_junction_s1/start.jpg	ziua2_20260821/logs/20260821_143913/mission_1_junction_s1/start.jpg	2026-08-21T14:39:26	80243	5a9686f8fa79baccbdd02207e74b1e35	yes	no	no	yes
day2_20260821/logs/20260821_143913/mission_1_junction_s1/vlm_decision_prompt.txt	ziua2_20260821/logs/20260821_143913/mission_1_junction_s1/vlm_decision_prompt.txt	2026-08-21T14:39:26	5990	0778d80cf28adaf14f912b065ff50e0d	yes	no	no	yes
day2_20260821/logs/20260821_143913/mission_1_junction_s1/vlm_decision_response.txt	ziua2_20260821/logs/20260821_143913/mission_1_junction_s1/vlm_decision_response.txt	2026-08-21T14:39:26	116	5b359eaaf935a9f917cde7372d35ca97	yes	no	no	yes
day2_20260821/logs/20260821_144018/mission_1_radiator/finish.jpg	ziua2_20260821/logs/20260821_144018/mission_1_radiator/finish.jpg	2026-08-21T14:40:50	100635	762ffebb327594fabeceb89e8ae88b03	yes	no	no	yes
day2_20260821/logs/20260821_144018/mission_1_radiator/start.jpg	ziua2_20260821/logs/20260821_144018/mission_1_radiator/start.jpg	2026-08-21T14:40:28	80942	bc36d24a0cd2f860df3768a2ec5a040a	yes	no	no	yes
day2_20260821/logs/20260821_144018/mission_1_radiator/vlm_confirmation_prompt.txt	ziua2_20260821/logs/20260821_144018/mission_1_radiator/vlm_confirmation_prompt.txt	2026-08-21T14:40:50	632	e089c782ec4bc1b920c344141b688498	yes	no	no	yes
day2_20260821/logs/20260821_144018/mission_1_radiator/vlm_confirmation_response.txt	ziua2_20260821/logs/20260821_144018/mission_1_radiator/vlm_confirmation_response.txt	2026-08-21T14:41:00	301	55d33cb2ed26e90fed5bebff9ed9017a	yes	no	no	yes
day2_20260821/logs/20260821_144018/mission_1_radiator/vlm_decision_prompt.txt	ziua2_20260821/logs/20260821_144018/mission_1_radiator/vlm_decision_prompt.txt	2026-08-21T14:40:28	5907	073daffe2d782c8c4be4575ac6d0f56e	yes	no	no	yes
day2_20260821/logs/20260821_144018/mission_1_radiator/vlm_decision_response.txt	ziua2_20260821/logs/20260821_144018/mission_1_radiator/vlm_decision_response.txt	2026-08-21T14:40:28	137	846ccd18f70a639e20c6b931a1dc9e84	yes	no	no	yes
day2_20260821/logs/20260821_144333/mission_1_junction_e1/finish.jpg	ziua2_20260821/logs/20260821_144333/mission_1_junction_e1/finish.jpg	2026-08-21T14:44:12	100815	23e3e8e2f4e29dac4bfd8c4c161c9c2d	yes	no	no	yes
day2_20260821/logs/20260821_144333/mission_1_junction_e1/start.jpg	ziua2_20260821/logs/20260821_144333/mission_1_junction_e1/start.jpg	2026-08-21T14:43:44	78897	ee9e6fa7e1ee8a3e7d99e7afcaeeb8b2	yes	no	no	yes
day2_20260821/logs/20260821_144333/mission_1_junction_e1/vlm_confirmation_prompt.txt	ziua2_20260821/logs/20260821_144333/mission_1_junction_e1/vlm_confirmation_prompt.txt	2026-08-21T14:44:12	641	de180d6fd3375e3f85159f2b90d031ab	yes	no	no	yes
day2_20260821/logs/20260821_144333/mission_1_junction_e1/vlm_confirmation_response.txt	ziua2_20260821/logs/20260821_144333/mission_1_junction_e1/vlm_confirmation_response.txt	2026-08-21T14:44:24	508	35622b34084c22b6dcc8c20ad5cc5636	yes	no	no	yes
day2_20260821/logs/20260821_144333/mission_1_junction_e1/vlm_decision_prompt.txt	ziua2_20260821/logs/20260821_144333/mission_1_junction_e1/vlm_decision_prompt.txt	2026-08-21T14:43:44	5907	c9de172812feeddceb743a0fc94d1630	yes	no	no	yes
day2_20260821/logs/20260821_144333/mission_1_junction_e1/vlm_decision_response.txt	ziua2_20260821/logs/20260821_144333/mission_1_junction_e1/vlm_decision_response.txt	2026-08-21T14:43:44	143	cbf189dc83c0a1469e0fccf3c7f0e4cd	yes	no	no	yes
day2_20260821/logs/20260821_144452/mission_1_junction_s1/start.jpg	ziua2_20260821/logs/20260821_144452/mission_1_junction_s1/start.jpg	2026-08-21T14:45:08	76256	dbbdc3a592eef93d2b31e1e71b83ba8e	yes	no	no	yes
day2_20260821/logs/20260821_144452/mission_1_junction_s1/vlm_decision_prompt.txt	ziua2_20260821/logs/20260821_144452/mission_1_junction_s1/vlm_decision_prompt.txt	2026-08-21T14:45:08	5921	6f5c231d62c6673ae8dab8043987137c	yes	no	no	yes
day2_20260821/logs/20260821_144452/mission_1_junction_s1/vlm_decision_response.txt	ziua2_20260821/logs/20260821_144452/mission_1_junction_s1/vlm_decision_response.txt	2026-08-21T14:45:08	187	7bccef446ed621e50a2a889bf8ac3e3b	yes	no	no	yes
day2_20260821/logs/20260821_144613/mission_1_radiator/finish.jpg	ziua2_20260821/logs/20260821_144613/mission_1_radiator/finish.jpg	2026-08-21T14:46:42	102437	591390c881c0aaeb0e416dfed795c5fb	yes	no	no	yes
day2_20260821/logs/20260821_144613/mission_1_radiator/start.jpg	ziua2_20260821/logs/20260821_144613/mission_1_radiator/start.jpg	2026-08-21T14:46:22	77160	8ac9d51eb3cc4d1e568f599557a69aab	yes	no	no	yes
day2_20260821/logs/20260821_144613/mission_1_radiator/vlm_confirmation_prompt.txt	ziua2_20260821/logs/20260821_144613/mission_1_radiator/vlm_confirmation_prompt.txt	2026-08-21T14:46:42	632	e089c782ec4bc1b920c344141b688498	yes	no	no	yes
day2_20260821/logs/20260821_144613/mission_1_radiator/vlm_confirmation_response.txt	ziua2_20260821/logs/20260821_144613/mission_1_radiator/vlm_confirmation_response.txt	2026-08-21T14:46:52	386	573f2409d0fe23ab58cb896a300d0845	yes	no	no	yes
day2_20260821/logs/20260821_144613/mission_1_radiator/vlm_decision_prompt.txt	ziua2_20260821/logs/20260821_144613/mission_1_radiator/vlm_decision_prompt.txt	2026-08-21T14:46:22	5907	e09551e18bcbece1ef8b7f34a181b1a6	yes	no	no	yes
day2_20260821/logs/20260821_144613/mission_1_radiator/vlm_decision_response.txt	ziua2_20260821/logs/20260821_144613/mission_1_radiator/vlm_decision_response.txt	2026-08-21T14:46:22	150	93f1d92b706f8c8db14750b921f42e53	yes	no	no	yes
day2_20260821/logs/20260821_144722/mission_1_cb204/finish.jpg	ziua2_20260821/logs/20260821_144722/mission_1_cb204/finish.jpg	2026-08-21T14:47:56	94784	825b9f44a512c9b0705b3cdcd1db6da0	yes	no	no	yes
day2_20260821/logs/20260821_144722/mission_1_cb204/start.jpg	ziua2_20260821/logs/20260821_144722/mission_1_cb204/start.jpg	2026-08-21T14:47:38	76629	b206c7cbe7ac6e6690f5ab018d916bb7	yes	no	no	yes
day2_20260821/logs/20260821_144722/mission_1_cb204/vlm_confirmation_prompt.txt	ziua2_20260821/logs/20260821_144722/mission_1_cb204/vlm_confirmation_prompt.txt	2026-08-21T14:47:56	832	f594f968a1a3fef04c3095d9df17baa9	yes	no	no	yes
day2_20260821/logs/20260821_144722/mission_1_cb204/vlm_confirmation_response.txt	ziua2_20260821/logs/20260821_144722/mission_1_cb204/vlm_confirmation_response.txt	2026-08-21T14:48:08	531	136ce956945a2b955932d6e53d974a66	yes	no	no	yes
day2_20260821/logs/20260821_144722/mission_1_cb204/vlm_decision_prompt.txt	ziua2_20260821/logs/20260821_144722/mission_1_cb204/vlm_decision_prompt.txt	2026-08-21T14:47:38	5921	57909d67477d4b362562c600c0d3ee55	yes	no	no	yes
day2_20260821/logs/20260821_144722/mission_1_cb204/vlm_decision_response.txt	ziua2_20260821/logs/20260821_144722/mission_1_cb204/vlm_decision_response.txt	2026-08-21T14:47:38	126	2056289c49d70003dbe63db404b0cbdf	yes	no	no	yes
day2_20260821/logs/20260821_144850/mission_1_radiator/finish.jpg	ziua2_20260821/logs/20260821_144850/mission_1_radiator/finish.jpg	2026-08-21T14:49:28	102232	3d4006c5aca2b760c5c9155e068937d3	yes	no	no	yes
day2_20260821/logs/20260821_144850/mission_1_radiator/start.jpg	ziua2_20260821/logs/20260821_144850/mission_1_radiator/start.jpg	2026-08-21T14:49:04	79694	cc32a0059e6e3e26765c972653c42cc9	yes	no	no	yes
day2_20260821/logs/20260821_144850/mission_1_radiator/vlm_confirmation_prompt.txt	ziua2_20260821/logs/20260821_144850/mission_1_radiator/vlm_confirmation_prompt.txt	2026-08-21T14:49:28	632	e089c782ec4bc1b920c344141b688498	yes	no	no	yes
day2_20260821/logs/20260821_144850/mission_1_radiator/vlm_confirmation_response.txt	ziua2_20260821/logs/20260821_144850/mission_1_radiator/vlm_confirmation_response.txt	2026-08-21T14:49:40	331	51cf77bc3d6d5940533935e8457e69f1	yes	no	no	yes
day2_20260821/logs/20260821_144850/mission_1_radiator/vlm_decision_prompt.txt	ziua2_20260821/logs/20260821_144850/mission_1_radiator/vlm_decision_prompt.txt	2026-08-21T14:49:04	5976	21854092d2c00d971e53bdb050c2d24c	yes	no	no	yes
day2_20260821/logs/20260821_144850/mission_1_radiator/vlm_decision_response.txt	ziua2_20260821/logs/20260821_144850/mission_1_radiator/vlm_decision_response.txt	2026-08-21T14:49:04	189	1bed8cdc393d6cac06c34809dca1a1f7	yes	no	no	yes
day2_20260821/logs/20260821_152359/mission_1_radiator/finish.jpg	ziua2_20260821/logs/20260821_152359/mission_1_radiator/finish.jpg	2026-08-21T15:24:32	100541	87496e1fcbe86451e143f0c3ba2c2fd8	yes	no	no	yes
day2_20260821/logs/20260821_152359/mission_1_radiator/start.jpg	ziua2_20260821/logs/20260821_152359/mission_1_radiator/start.jpg	2026-08-21T15:24:14	78488	46c0425f109fdf005c88bf90c4238faf	yes	no	no	yes
day2_20260821/logs/20260821_152359/mission_1_radiator/vlm_confirmation_prompt.txt	ziua2_20260821/logs/20260821_152359/mission_1_radiator/vlm_confirmation_prompt.txt	2026-08-21T15:24:32	632	e089c782ec4bc1b920c344141b688498	yes	no	no	yes
day2_20260821/logs/20260821_152359/mission_1_radiator/vlm_confirmation_response.txt	ziua2_20260821/logs/20260821_152359/mission_1_radiator/vlm_confirmation_response.txt	2026-08-21T15:24:44	589	c72004a95fc056fc593a8f62b11cc3a3	yes	no	no	yes
day2_20260821/logs/20260821_152359/mission_1_radiator/vlm_decision_prompt.txt	ziua2_20260821/logs/20260821_152359/mission_1_radiator/vlm_decision_prompt.txt	2026-08-21T15:24:14	5706	e8208fa6379f8adc9ce437a2992812a6	yes	no	no	yes
day2_20260821/logs/20260821_152359/mission_1_radiator/vlm_decision_response.txt	ziua2_20260821/logs/20260821_152359/mission_1_radiator/vlm_decision_response.txt	2026-08-21T15:24:14	198	9297c0a72c1622d53ade171d412b5db3	yes	no	no	yes
day2_20260821/logs/20260821_152524/mission_1_cb202/finish.jpg	ziua2_20260821/logs/20260821_152524/mission_1_cb202/finish.jpg	2026-08-21T15:25:46	87537	d897e247ede31b0f434b88e8b8e01f41	yes	no	no	yes
day2_20260821/logs/20260821_152524/mission_1_cb202/start.jpg	ziua2_20260821/logs/20260821_152524/mission_1_cb202/start.jpg	2026-08-21T15:25:38	76618	171d46ce41da2902523b6c205704d586	yes	no	no	yes
day2_20260821/logs/20260821_152524/mission_1_cb202/vlm_confirmation_prompt.txt	ziua2_20260821/logs/20260821_152524/mission_1_cb202/vlm_confirmation_prompt.txt	2026-08-21T15:25:46	639	1e750e376384b9018b536a1728d123ae	yes	no	no	yes
day2_20260821/logs/20260821_152524/mission_1_cb202/vlm_confirmation_response.txt	ziua2_20260821/logs/20260821_152524/mission_1_cb202/vlm_confirmation_response.txt	2026-08-21T15:25:58	607	9e4caab3cb62d5604d8972c0ecacb96f	yes	no	no	yes
day2_20260821/logs/20260821_152524/mission_1_cb202/vlm_decision_prompt.txt	ziua2_20260821/logs/20260821_152524/mission_1_cb202/vlm_decision_prompt.txt	2026-08-21T15:25:38	5720	9594beae99ebc38b5387a43d6841e2d0	yes	no	no	yes
day2_20260821/logs/20260821_152524/mission_1_cb202/vlm_decision_response.txt	ziua2_20260821/logs/20260821_152524/mission_1_cb202/vlm_decision_response.txt	2026-08-21T15:25:38	230	96a5d417fc33f07f1284cafc05139e0a	yes	no	no	yes
day2_20260821/logs/20260821_152624/mission_1_radiator/start.jpg	ziua2_20260821/logs/20260821_152624/mission_1_radiator/start.jpg	2026-08-21T15:26:40	79465	d720217944baf07bb773984bb6d92448	yes	no	no	yes
day2_20260821/logs/20260821_152624/mission_1_radiator/vlm_decision_prompt.txt	ziua2_20260821/logs/20260821_152624/mission_1_radiator/vlm_decision_prompt.txt	2026-08-21T15:26:40	5775	1df4935818483f91fd21167ffc225558	yes	no	no	yes
day2_20260821/logs/20260821_152624/mission_1_radiator/vlm_decision_response.txt	ziua2_20260821/logs/20260821_152624/mission_1_radiator/vlm_decision_response.txt	2026-08-21T15:26:40	256	1e2879a6b1ef5d439c02a444b33a9c5d	yes	no	no	yes
day2_20260821/logs/20260821_153343/mission_1_radiator/start.jpg	ziua2_20260821/logs/20260821_153343/mission_1_radiator/start.jpg	2026-08-21T15:33:54	77389	c795fc74ef68bbafde91b738090ef1be	yes	no	no	yes
day2_20260821/logs/20260821_153343/mission_1_radiator/vlm_decision_prompt.txt	ziua2_20260821/logs/20260821_153343/mission_1_radiator/vlm_decision_prompt.txt	2026-08-21T15:33:54	5762	ebe50527e6f2734ff55673f62d1885e3	yes	no	no	yes
day2_20260821/logs/20260821_153343/mission_1_radiator/vlm_decision_response.txt	ziua2_20260821/logs/20260821_153343/mission_1_radiator/vlm_decision_response.txt	2026-08-21T15:33:54	171	d68f81b069341baba8f3d4296d20756f	yes	no	no	yes
day2_20260821/logs/20260821_153343/mission_2_radiator/finish.jpg	ziua2_20260821/logs/20260821_153343/mission_2_radiator/finish.jpg	2026-08-21T15:34:24	100650	f3d03e9093f5ea08b6caab8d333d1603	yes	no	no	yes
day2_20260821/logs/20260821_153343/mission_2_radiator/start.jpg	ziua2_20260821/logs/20260821_153343/mission_2_radiator/start.jpg	2026-08-21T15:34:08	82051	4535e336e832b51e1e17230df1f1d402	yes	no	no	yes
day2_20260821/logs/20260821_153343/mission_2_radiator/vlm_confirmation_prompt.txt	ziua2_20260821/logs/20260821_153343/mission_2_radiator/vlm_confirmation_prompt.txt	2026-08-21T15:34:24	632	e089c782ec4bc1b920c344141b688498	yes	no	no	yes
day2_20260821/logs/20260821_153343/mission_2_radiator/vlm_confirmation_response.txt	ziua2_20260821/logs/20260821_153343/mission_2_radiator/vlm_confirmation_response.txt	2026-08-21T15:34:38	998	f4b8c6db1ba4d8b2e75fbdbebea9d656	yes	no	no	yes
day2_20260821/logs/20260821_153343/mission_2_radiator/vlm_decision_prompt.txt	ziua2_20260821/logs/20260821_153343/mission_2_radiator/vlm_decision_prompt.txt	2026-08-21T15:34:08	5762	4d64a73f92bd2d5242032e57d145da32	yes	no	no	yes
day2_20260821/logs/20260821_153343/mission_2_radiator/vlm_decision_response.txt	ziua2_20260821/logs/20260821_153343/mission_2_radiator/vlm_decision_response.txt	2026-08-21T15:34:08	162	f8f6ef57e5e99f2d73919bee97f89f84	yes	no	no	yes
day2_20260821/logs/20260821_153503/mission_1_plant_5/start.jpg	ziua2_20260821/logs/20260821_153503/mission_1_plant_5/start.jpg	2026-08-21T15:35:22	79208	651bd7cff0ca225ba0c437717bf1184a	yes	no	no	yes
day2_20260821/logs/20260821_153503/mission_1_plant_5/vlm_decision_prompt.txt	ziua2_20260821/logs/20260821_153503/mission_1_plant_5/vlm_decision_prompt.txt	2026-08-21T15:35:22	5859	973c1eab897c621d98e6b2f750550d63	yes	no	no	yes
day2_20260821/logs/20260821_153503/mission_1_plant_5/vlm_decision_response.txt	ziua2_20260821/logs/20260821_153503/mission_1_plant_5/vlm_decision_response.txt	2026-08-21T15:35:22	305	d06f45fbddfc77016c76f8651227fd11	yes	no	no	yes
day2_20260821/logs/20260821_153503/mission_2_junction_e1/finish.jpg	ziua2_20260821/logs/20260821_153503/mission_2_junction_e1/finish.jpg	2026-08-21T15:36:46	96976	7057cf96fa546094a6e3a960c0289f49	yes	no	no	yes
day2_20260821/logs/20260821_153503/mission_2_junction_e1/start.jpg	ziua2_20260821/logs/20260821_153503/mission_2_junction_e1/start.jpg	2026-08-21T15:36:14	84053	93c198ffaf7f6e2bbec0b7f81acad259	yes	no	no	yes
day2_20260821/logs/20260821_153503/mission_2_junction_e1/vlm_confirmation_prompt.txt	ziua2_20260821/logs/20260821_153503/mission_2_junction_e1/vlm_confirmation_prompt.txt	2026-08-21T15:36:46	641	de180d6fd3375e3f85159f2b90d031ab	yes	no	no	yes
day2_20260821/logs/20260821_153503/mission_2_junction_e1/vlm_confirmation_response.txt	ziua2_20260821/logs/20260821_153503/mission_2_junction_e1/vlm_confirmation_response.txt	2026-08-21T15:36:56	280	10941a2fb208538f2f2dd2ad75d76366	yes	no	no	yes
day2_20260821/logs/20260821_153503/mission_2_junction_e1/vlm_decision_prompt.txt	ziua2_20260821/logs/20260821_153503/mission_2_junction_e1/vlm_decision_prompt.txt	2026-08-21T15:36:14	5928	4922acc2c73527b92f7c6c56d9bacd00	yes	no	no	yes
day2_20260821/logs/20260821_153503/mission_2_junction_e1/vlm_decision_response.txt	ziua2_20260821/logs/20260821_153503/mission_2_junction_e1/vlm_decision_response.txt	2026-08-21T15:36:14	461	2aee73efa323b9a690bb9750488e7258	yes	no	no	yes
day2_20260821/logs/20260821_164323/mission_1_toilet_m/finish.jpg	ziua2_20260821/logs/20260821_164323/mission_1_toilet_m/finish.jpg	2026-08-21T16:44:26	79005	59ceddeb356767f8e42e134d6dc66357	yes	no	no	yes
day2_20260821/logs/20260821_164323/mission_1_toilet_m/start.jpg	ziua2_20260821/logs/20260821_164323/mission_1_toilet_m/start.jpg	2026-08-21T16:44:08	71938	a5a66d262ac20f2bafdacd4ad8ef83b8	yes	no	no	yes
day2_20260821/logs/20260821_164323/mission_1_toilet_m/vlm_decision_prompt.txt	ziua2_20260821/logs/20260821_164323/mission_1_toilet_m/vlm_decision_prompt.txt	2026-08-21T16:44:08	5882	bee0f29511a1a6d451e1c9a70ee2cfab	yes	no	no	yes
day2_20260821/logs/20260821_164323/mission_1_toilet_m/vlm_decision_response.txt	ziua2_20260821/logs/20260821_164323/mission_1_toilet_m/vlm_decision_response.txt	2026-08-21T16:44:08	154	296b7c5a8cfcc6f017d85a4e8d4bb5d6	yes	no	no	yes
day2_20260821/logs/20260821_164326/mission_1_junction_e1/finish.jpg	ziua2_20260821/logs/20260821_164326/mission_1_junction_e1/finish.jpg	2026-08-21T16:44:30	89455	637ebd69a007c37ef5eaa1c6c6b096c4	yes	no	no	yes
day2_20260821/logs/20260821_164326/mission_1_junction_e1/start.jpg	ziua2_20260821/logs/20260821_164326/mission_1_junction_e1/start.jpg	2026-08-21T16:44:16	86767	ef7227a21f8a7fe62840cba031bec750	yes	no	no	yes
day2_20260821/logs/20260821_164326/mission_1_junction_e1/vlm_confirmation_prompt.txt	ziua2_20260821/logs/20260821_164326/mission_1_junction_e1/vlm_confirmation_prompt.txt	2026-08-21T16:44:30	641	de180d6fd3375e3f85159f2b90d031ab	yes	no	no	yes
day2_20260821/logs/20260821_164326/mission_1_junction_e1/vlm_confirmation_response.txt	ziua2_20260821/logs/20260821_164326/mission_1_junction_e1/vlm_confirmation_response.txt	2026-08-21T16:44:40	344	dd8412533dba7fc675a92fcbd6ef52a7	yes	no	no	yes
day2_20260821/logs/20260821_164326/mission_1_junction_e1/vlm_decision_prompt.txt	ziua2_20260821/logs/20260821_164326/mission_1_junction_e1/vlm_decision_prompt.txt	2026-08-21T16:44:16	5709	915aa6aa3cbe95d166355b78472e75fc	yes	no	no	yes
day2_20260821/logs/20260821_164326/mission_1_junction_e1/vlm_decision_response.txt	ziua2_20260821/logs/20260821_164326/mission_1_junction_e1/vlm_decision_response.txt	2026-08-21T16:44:16	234	0d970cfddad12716b3c725fce9c8e26e	yes	no	no	yes
day2_20260821/logs/20260821_164941/mission_1_toilet_m/finish.jpg	ziua2_20260821/logs/20260821_164941/mission_1_toilet_m/finish.jpg	2026-08-21T16:50:54	71585	68690b0555e4217a513a583eda99f29f	yes	no	no	yes
day2_20260821/logs/20260821_164941/mission_1_toilet_m/start.jpg	ziua2_20260821/logs/20260821_164941/mission_1_toilet_m/start.jpg	2026-08-21T16:50:36	73383	343861b4e850774f4e8c738daa762b13	yes	no	no	yes
day2_20260821/logs/20260821_164941/mission_1_toilet_m/vlm_decision_prompt.txt	ziua2_20260821/logs/20260821_164941/mission_1_toilet_m/vlm_decision_prompt.txt	2026-08-21T16:50:36	5885	8e2f47e7b64659448659a5732bebd8fa	yes	no	no	yes
day2_20260821/logs/20260821_164941/mission_1_toilet_m/vlm_decision_response.txt	ziua2_20260821/logs/20260821_164941/mission_1_toilet_m/vlm_decision_response.txt	2026-08-21T16:50:36	163	6ce260bc8e447c9494c4860bb4f8cee1	yes	no	no	yes
day2_20260821/logs/20260821_164945/mission_1_plant_4/finish.jpg	ziua2_20260821/logs/20260821_164945/mission_1_plant_4/finish.jpg	2026-08-21T16:50:50	78915	a672b29a4cc1fa6ca8a0077ec5d7aec8	yes	no	no	yes
day2_20260821/logs/20260821_164945/mission_1_plant_4/start.jpg	ziua2_20260821/logs/20260821_164945/mission_1_plant_4/start.jpg	2026-08-21T16:50:30	86973	b530f1d60313d948bb8b01185cd64a68	yes	no	no	yes
day2_20260821/logs/20260821_164945/mission_1_plant_4/vlm_confirmation_prompt.txt	ziua2_20260821/logs/20260821_164945/mission_1_plant_4/vlm_confirmation_prompt.txt	2026-08-21T16:50:50	626	5bdc909e4adef6bae4c10646ed3ca1e0	yes	no	no	yes
day2_20260821/logs/20260821_164945/mission_1_plant_4/vlm_confirmation_response.txt	ziua2_20260821/logs/20260821_164945/mission_1_plant_4/vlm_confirmation_response.txt	2026-08-21T16:51:02	628	f97f74ff100d8ecf677a741fb92013ca	yes	no	no	yes
day2_20260821/logs/20260821_164945/mission_1_plant_4/vlm_decision_prompt.txt	ziua2_20260821/logs/20260821_164945/mission_1_plant_4/vlm_decision_prompt.txt	2026-08-21T16:50:30	5786	2c1735824dd2ff5999a1af9186d7852d	yes	no	no	yes
day2_20260821/logs/20260821_164945/mission_1_plant_4/vlm_decision_response.txt	ziua2_20260821/logs/20260821_164945/mission_1_plant_4/vlm_decision_response.txt	2026-08-21T16:50:30	184	a76132c93f5fa731b2a25d7e724b87e3	yes	no	no	yes
day2_20260821/logs/20260821_165317/mission_1_toilet_m/finish.jpg	ziua2_20260821/logs/20260821_165317/mission_1_toilet_m/finish.jpg	2026-08-21T16:54:30	76219	5ca479e42d75ae741fd02e9052b583dd	yes	no	no	yes
day2_20260821/logs/20260821_165317/mission_1_toilet_m/start.jpg	ziua2_20260821/logs/20260821_165317/mission_1_toilet_m/start.jpg	2026-08-21T16:54:12	72993	9245b6f44ac98d217c0652884ca4b98f	yes	no	no	yes
day2_20260821/logs/20260821_165317/mission_1_toilet_m/vlm_decision_prompt.txt	ziua2_20260821/logs/20260821_165317/mission_1_toilet_m/vlm_decision_prompt.txt	2026-08-21T16:54:12	5883	5f14fb5137f0fefb52c846709de051f9	yes	no	no	yes
day2_20260821/logs/20260821_165317/mission_1_toilet_m/vlm_decision_response.txt	ziua2_20260821/logs/20260821_165317/mission_1_toilet_m/vlm_decision_response.txt	2026-08-21T16:54:12	170	9de14f08bef293e30f708194faa0f0b3	yes	no	no	yes
day2_20260821/logs/20260821_165320/mission_1_plant_5/finish.jpg	ziua2_20260821/logs/20260821_165320/mission_1_plant_5/finish.jpg	2026-08-21T16:54:26	92742	e39ed9961381c9a953be0cefc38d551e	yes	no	no	yes
day2_20260821/logs/20260821_165320/mission_1_plant_5/start.jpg	ziua2_20260821/logs/20260821_165320/mission_1_plant_5/start.jpg	2026-08-21T16:54:06	86913	2cf63b0fa5967a571448c7d229680a87	yes	no	no	yes
day2_20260821/logs/20260821_165320/mission_1_plant_5/vlm_confirmation_prompt.txt	ziua2_20260821/logs/20260821_165320/mission_1_plant_5/vlm_confirmation_prompt.txt	2026-08-21T16:54:26	631	ace89171863277f13e882160d6034536	yes	no	no	yes
day2_20260821/logs/20260821_165320/mission_1_plant_5/vlm_confirmation_response.txt	ziua2_20260821/logs/20260821_165320/mission_1_plant_5/vlm_confirmation_response.txt	2026-08-21T16:54:40	1167	2303a6c9fe3e85f6aebfd52ca6d72147	yes	no	no	yes
day2_20260821/logs/20260821_165320/mission_1_plant_5/vlm_decision_prompt.txt	ziua2_20260821/logs/20260821_165320/mission_1_plant_5/vlm_decision_prompt.txt	2026-08-21T16:54:06	5792	c0930df1d5bc72436a908efe97c138d7	yes	no	no	yes
day2_20260821/logs/20260821_165320/mission_1_plant_5/vlm_decision_response.txt	ziua2_20260821/logs/20260821_165320/mission_1_plant_5/vlm_decision_response.txt	2026-08-21T16:54:06	388	679180dca85b1c95fec67b592a508b00	yes	no	no	yes
day2_20260821/logs/20260821_170007/mission_1_cb202/finish.jpg	ziua2_20260821/logs/20260821_170007/mission_1_cb202/finish.jpg	2026-08-21T17:00:26	81566	3e3ab7cd12fe1090ee4bea981fbde9ad	yes	no	no	yes
day2_20260821/logs/20260821_170007/mission_1_cb202/start.jpg	ziua2_20260821/logs/20260821_170007/mission_1_cb202/start.jpg	2026-08-21T17:00:16	76712	69fd32a502d45457c0af2411df68bb2e	yes	no	no	yes
day2_20260821/logs/20260821_170007/mission_1_cb202/vlm_confirmation_prompt.txt	ziua2_20260821/logs/20260821_170007/mission_1_cb202/vlm_confirmation_prompt.txt	2026-08-21T17:00:26	639	1e750e376384b9018b536a1728d123ae	yes	no	no	yes
day2_20260821/logs/20260821_170007/mission_1_cb202/vlm_confirmation_response.txt	ziua2_20260821/logs/20260821_170007/mission_1_cb202/vlm_confirmation_response.txt	2026-08-21T17:00:36	325	e8f7772553bfd8026dbe8d8622769e82	yes	no	no	yes
day2_20260821/logs/20260821_170226/mission_1_cb202/finish.jpg	ziua2_20260821/logs/20260821_170226/mission_1_cb202/finish.jpg	2026-08-21T17:03:10	80846	e59c10c083b5ab1a204467666e8e0176	yes	no	no	yes
day2_20260821/logs/20260821_170226/mission_1_cb202/start.jpg	ziua2_20260821/logs/20260821_170226/mission_1_cb202/start.jpg	2026-08-21T17:03:02	76458	3b3aa4e13bdfe36b3cda0f89d1fd57ed	yes	no	no	yes
day2_20260821/logs/20260821_170226/mission_1_cb202/vlm_confirmation_prompt.txt	ziua2_20260821/logs/20260821_170226/mission_1_cb202/vlm_confirmation_prompt.txt	2026-08-21T17:03:10	639	1e750e376384b9018b536a1728d123ae	yes	no	no	yes
day2_20260821/logs/20260821_170226/mission_1_cb202/vlm_confirmation_response.txt	ziua2_20260821/logs/20260821_170226/mission_1_cb202/vlm_confirmation_response.txt	2026-08-21T17:03:18	546	5c8143dcc84e998f7b2ed3f4043c7f36	yes	no	no	yes
day2_20260821/logs/20260821_172025/mission_1_radiator/finish.jpg	ziua2_20260821/logs/20260821_172025/mission_1_radiator/finish.jpg	2026-08-21T17:21:00	100332	721fcb065114a861a0938701fdf5f8aa	yes	no	no	yes
day2_20260821/logs/20260821_172025/mission_1_radiator/start.jpg	ziua2_20260821/logs/20260821_172025/mission_1_radiator/start.jpg	2026-08-21T17:20:38	77509	68f46c837f8d3eb7c7a00c0ba06b899d	yes	no	no	yes
day2_20260821/logs/20260821_172025/mission_1_radiator/vlm_confirmation_prompt.txt	ziua2_20260821/logs/20260821_172025/mission_1_radiator/vlm_confirmation_prompt.txt	2026-08-21T17:21:00	632	e089c782ec4bc1b920c344141b688498	yes	no	no	yes
day2_20260821/logs/20260821_172025/mission_1_radiator/vlm_confirmation_response.txt	ziua2_20260821/logs/20260821_172025/mission_1_radiator/vlm_confirmation_response.txt	2026-08-21T17:21:12	658	efc9e5eb81a5a2ea82eef45904d1044e	yes	no	no	yes
day2_20260821/logs/20260821_172025/mission_1_radiator/vlm_decision_prompt.txt	ziua2_20260821/logs/20260821_172025/mission_1_radiator/vlm_decision_prompt.txt	2026-08-21T17:20:40	5649	85973dd34f2b69b9ec1745998ed59561	yes	no	no	yes
day2_20260821/logs/20260821_172025/mission_1_radiator/vlm_decision_response.txt	ziua2_20260821/logs/20260821_172025/mission_1_radiator/vlm_decision_response.txt	2026-08-21T17:20:40	155	ededfa78a89a6065cf87baec8f7b1fa0	yes	no	no	yes
day2_20260821/logs/20260821_172417/mission_1_radiator/finish.jpg	ziua2_20260821/logs/20260821_172417/mission_1_radiator/finish.jpg	2026-08-21T17:24:54	99008	328cd852191ce5e42e59e6572ed5d31d	yes	no	no	yes
day2_20260821/logs/20260821_172417/mission_1_radiator/start.jpg	ziua2_20260821/logs/20260821_172417/mission_1_radiator/start.jpg	2026-08-21T17:24:36	74905	dfd941ff6b3abf98d9163db2951ea268	yes	no	no	yes
day2_20260821/logs/20260821_172417/mission_1_radiator/vlm_confirmation_prompt.txt	ziua2_20260821/logs/20260821_172417/mission_1_radiator/vlm_confirmation_prompt.txt	2026-08-21T17:24:54	632	e089c782ec4bc1b920c344141b688498	yes	no	no	yes
day2_20260821/logs/20260821_172417/mission_1_radiator/vlm_confirmation_response.txt	ziua2_20260821/logs/20260821_172417/mission_1_radiator/vlm_confirmation_response.txt	2026-08-21T17:25:06	321	7829c5d4d6e780b47f286f685d43179f	yes	no	no	yes
day2_20260821/logs/20260821_172417/mission_1_radiator/vlm_decision_prompt.txt	ziua2_20260821/logs/20260821_172417/mission_1_radiator/vlm_decision_prompt.txt	2026-08-21T17:24:36	6128	16814999e7b45bdc96a721d345c1cdad	yes	no	no	yes
day2_20260821/logs/20260821_172417/mission_1_radiator/vlm_decision_response.txt	ziua2_20260821/logs/20260821_172417/mission_1_radiator/vlm_decision_response.txt	2026-08-21T17:24:36	123	4cb9b7278ec685b379ae11faa4d16193	yes	no	no	yes
day2_20260821/logs/20260821_172547/mission_1_radiator/finish.jpg	ziua2_20260821/logs/20260821_172547/mission_1_radiator/finish.jpg	2026-08-21T17:26:28	91645	96026de8a1031b3a2124a6d8cf36edf6	yes	no	no	yes
day2_20260821/logs/20260821_172547/mission_1_radiator/start.jpg	ziua2_20260821/logs/20260821_172547/mission_1_radiator/start.jpg	2026-08-21T17:26:04	76482	d2a3a57f846eaf850b3c5257c2fb818b	yes	no	no	yes
day2_20260821/logs/20260821_172547/mission_1_radiator/vlm_confirmation_prompt.txt	ziua2_20260821/logs/20260821_172547/mission_1_radiator/vlm_confirmation_prompt.txt	2026-08-21T17:26:28	632	e089c782ec4bc1b920c344141b688498	yes	no	no	yes
day2_20260821/logs/20260821_172547/mission_1_radiator/vlm_confirmation_response.txt	ziua2_20260821/logs/20260821_172547/mission_1_radiator/vlm_confirmation_response.txt	2026-08-21T17:26:38	350	6131a2f9bf39dfbeb4f4049d78569a71	yes	no	no	yes
day2_20260821/logs/20260821_172547/mission_1_radiator/vlm_decision_prompt.txt	ziua2_20260821/logs/20260821_172547/mission_1_radiator/vlm_decision_prompt.txt	2026-08-21T17:26:04	6128	5880f46c1dba098466bcde6c35e5ba4e	yes	no	no	yes
day2_20260821/logs/20260821_172547/mission_1_radiator/vlm_decision_response.txt	ziua2_20260821/logs/20260821_172547/mission_1_radiator/vlm_decision_response.txt	2026-08-21T17:26:04	129	1dee52d87537ad80801e4fb0a41a9e5c	yes	no	no	yes
day2_20260821/logs/20260821_172706/mission_1_radiator/finish.jpg	ziua2_20260821/logs/20260821_172706/mission_1_radiator/finish.jpg	2026-08-21T17:27:50	99186	9d1d3265dfa7c856114b3d3c445ab597	yes	no	no	yes
day2_20260821/logs/20260821_172706/mission_1_radiator/start.jpg	ziua2_20260821/logs/20260821_172706/mission_1_radiator/start.jpg	2026-08-21T17:27:28	77320	38eef0ca5fb59a9237b9d0d1379d04d1	yes	no	no	yes
day2_20260821/logs/20260821_172706/mission_1_radiator/vlm_confirmation_prompt.txt	ziua2_20260821/logs/20260821_172706/mission_1_radiator/vlm_confirmation_prompt.txt	2026-08-21T17:27:50	632	e089c782ec4bc1b920c344141b688498	yes	no	no	yes
day2_20260821/logs/20260821_172706/mission_1_radiator/vlm_confirmation_response.txt	ziua2_20260821/logs/20260821_172706/mission_1_radiator/vlm_confirmation_response.txt	2026-08-21T17:28:00	292	52c31d668a15858175753ee70e183fe1	yes	no	no	yes
day2_20260821/logs/20260821_172706/mission_1_radiator/vlm_decision_prompt.txt	ziua2_20260821/logs/20260821_172706/mission_1_radiator/vlm_decision_prompt.txt	2026-08-21T17:27:28	6128	d5fdf3c58db7680ab4f880076248f36b	yes	no	no	yes
day2_20260821/logs/20260821_172706/mission_1_radiator/vlm_decision_response.txt	ziua2_20260821/logs/20260821_172706/mission_1_radiator/vlm_decision_response.txt	2026-08-21T17:27:28	197	a77e8b43af092546787bd8a785583525	yes	no	no	yes
day2_20260821/logs/20260821_172836/mission_1_radiator/finish.jpg	ziua2_20260821/logs/20260821_172836/mission_1_radiator/finish.jpg	2026-08-21T17:29:12	97351	39d9a03a8fc9723f323fb8d45302841b	yes	no	no	yes
day2_20260821/logs/20260821_172836/mission_1_radiator/start.jpg	ziua2_20260821/logs/20260821_172836/mission_1_radiator/start.jpg	2026-08-21T17:28:50	78040	a67d2046f0738944b74ae588da6f6bc6	yes	no	no	yes
day2_20260821/logs/20260821_172836/mission_1_radiator/vlm_confirmation_prompt.txt	ziua2_20260821/logs/20260821_172836/mission_1_radiator/vlm_confirmation_prompt.txt	2026-08-21T17:29:12	632	e089c782ec4bc1b920c344141b688498	yes	no	no	yes
day2_20260821/logs/20260821_172836/mission_1_radiator/vlm_confirmation_response.txt	ziua2_20260821/logs/20260821_172836/mission_1_radiator/vlm_confirmation_response.txt	2026-08-21T17:29:22	314	02e80eed5c30c78efb260fea33351ed3	yes	no	no	yes
day2_20260821/logs/20260821_172836/mission_1_radiator/vlm_decision_prompt.txt	ziua2_20260821/logs/20260821_172836/mission_1_radiator/vlm_decision_prompt.txt	2026-08-21T17:28:50	6128	28cc9775b85e635ebee3c242b927975d	yes	no	no	yes
day2_20260821/logs/20260821_172836/mission_1_radiator/vlm_decision_response.txt	ziua2_20260821/logs/20260821_172836/mission_1_radiator/vlm_decision_response.txt	2026-08-21T17:28:50	114	76d4e2aebdac69a31dd6c00990468a20	yes	no	no	yes
day2_20260821/logs/20260821_173339/mission_1_radiator/finish.jpg	ziua2_20260821/logs/20260821_173339/mission_1_radiator/finish.jpg	2026-08-21T17:34:26	100072	fae7911afbfdcb2b3c8a4302e2dd9438	yes	no	no	yes
day2_20260821/logs/20260821_173339/mission_1_radiator/start.jpg	ziua2_20260821/logs/20260821_173339/mission_1_radiator/start.jpg	2026-08-21T17:33:52	82010	c9bc8141d3f35bd17709349ec1062aa8	yes	no	no	yes
day2_20260821/logs/20260821_173339/mission_1_radiator/vlm_confirmation_prompt.txt	ziua2_20260821/logs/20260821_173339/mission_1_radiator/vlm_confirmation_prompt.txt	2026-08-21T17:34:26	632	e089c782ec4bc1b920c344141b688498	yes	no	no	yes
day2_20260821/logs/20260821_173339/mission_1_radiator/vlm_confirmation_response.txt	ziua2_20260821/logs/20260821_173339/mission_1_radiator/vlm_confirmation_response.txt	2026-08-21T17:34:38	580	76e64673dc8bfe93e36abd309735f321	yes	no	no	yes
day2_20260821/logs/20260821_173514/mission_1_radiator/finish.jpg	ziua2_20260821/logs/20260821_173514/mission_1_radiator/finish.jpg	2026-08-21T17:35:42	101107	6dd060a5b662bf2d093c6d999b25dad8	yes	no	no	yes
day2_20260821/logs/20260821_173514/mission_1_radiator/start.jpg	ziua2_20260821/logs/20260821_173514/mission_1_radiator/start.jpg	2026-08-21T17:35:22	79931	0bc6e1aa95f566384b6df86108a71a66	yes	no	no	yes
day2_20260821/logs/20260821_173514/mission_1_radiator/vlm_confirmation_prompt.txt	ziua2_20260821/logs/20260821_173514/mission_1_radiator/vlm_confirmation_prompt.txt	2026-08-21T17:35:42	632	e089c782ec4bc1b920c344141b688498	yes	no	no	yes
day2_20260821/logs/20260821_173514/mission_1_radiator/vlm_confirmation_response.txt	ziua2_20260821/logs/20260821_173514/mission_1_radiator/vlm_confirmation_response.txt	2026-08-21T17:35:50	588	21b46298bf8ba336b3bb96fddcf7f69f	yes	no	no	yes
day2_20260821/logs/20260821_173618/mission_1_radiator/finish.jpg	ziua2_20260821/logs/20260821_173618/mission_1_radiator/finish.jpg	2026-08-21T17:36:46	100844	d652bbb212727918025451b1e5827e46	yes	no	no	yes
day2_20260821/logs/20260821_173618/mission_1_radiator/start.jpg	ziua2_20260821/logs/20260821_173618/mission_1_radiator/start.jpg	2026-08-21T17:36:22	80074	6b03c59ccb53c24e8a90108ebc3a4d16	yes	no	no	yes
day2_20260821/logs/20260821_173618/mission_1_radiator/vlm_confirmation_prompt.txt	ziua2_20260821/logs/20260821_173618/mission_1_radiator/vlm_confirmation_prompt.txt	2026-08-21T17:36:46	632	e089c782ec4bc1b920c344141b688498	yes	no	no	yes
day2_20260821/logs/20260821_173618/mission_1_radiator/vlm_confirmation_response.txt	ziua2_20260821/logs/20260821_173618/mission_1_radiator/vlm_confirmation_response.txt	2026-08-21T17:36:54	583	9f06c2bf51f930a8f4041cee38ff5ad5	yes	no	no	yes
day2_20260821/logs/20260821_173717/mission_1_radiator/finish.jpg	ziua2_20260821/logs/20260821_173717/mission_1_radiator/finish.jpg	2026-08-21T17:37:40	100755	dc08616ca7db4001e83cff899010ceb6	yes	no	no	yes
day2_20260821/logs/20260821_173717/mission_1_radiator/start.jpg	ziua2_20260821/logs/20260821_173717/mission_1_radiator/start.jpg	2026-08-21T17:37:22	83137	dca7bfa3d78f307e2aab874e30b3dd96	yes	no	no	yes
day2_20260821/logs/20260821_173717/mission_1_radiator/vlm_confirmation_prompt.txt	ziua2_20260821/logs/20260821_173717/mission_1_radiator/vlm_confirmation_prompt.txt	2026-08-21T17:37:40	632	e089c782ec4bc1b920c344141b688498	yes	no	no	yes
day2_20260821/logs/20260821_173717/mission_1_radiator/vlm_confirmation_response.txt	ziua2_20260821/logs/20260821_173717/mission_1_radiator/vlm_confirmation_response.txt	2026-08-21T17:37:46	322	11d4f3d3a82eef4f78b523c3f2f3332b	yes	no	no	yes
day2_20260821/logs/20260821_173949/mission_1_radiator/finish.jpg	ziua2_20260821/logs/20260821_173949/mission_1_radiator/finish.jpg	2026-08-21T17:41:14	101168	927bbe19e98ec9e32a65a78bee86533a	yes	no	no	yes
day2_20260821/logs/20260821_173949/mission_1_radiator/start.jpg	ziua2_20260821/logs/20260821_173949/mission_1_radiator/start.jpg	2026-08-21T17:40:52	77363	010234c1bd3f3307ec140c82037e9ddc	yes	no	no	yes
day2_20260821/logs/20260821_173949/mission_1_radiator/vlm_confirmation_prompt.txt	ziua2_20260821/logs/20260821_173949/mission_1_radiator/vlm_confirmation_prompt.txt	2026-08-21T17:41:14	632	e089c782ec4bc1b920c344141b688498	yes	no	no	yes
day2_20260821/logs/20260821_173949/mission_1_radiator/vlm_confirmation_response.txt	ziua2_20260821/logs/20260821_173949/mission_1_radiator/vlm_confirmation_response.txt	2026-08-21T17:41:26	624	5513e45e37deb4365c369b629366ab53	yes	no	no	yes
day2_20260821/logs/20260821_173949/mission_1_radiator/vlm_decision_prompt.txt	ziua2_20260821/logs/20260821_173949/mission_1_radiator/vlm_decision_prompt.txt	2026-08-21T17:40:52	5483	2e8058340aa5c110fce3070609816a78	yes	no	no	yes
day2_20260821/logs/20260821_173949/mission_1_radiator/vlm_decision_response.txt	ziua2_20260821/logs/20260821_173949/mission_1_radiator/vlm_decision_response.txt	2026-08-21T17:40:52	248	0c6b46f8c4af664db4136f43e78d76bf	yes	no	no	yes
day2_20260821/logs/audit_20260821_103929.jsonl	ziua2_20260821/logs/audit_20260821_103929.jsonl	2026-08-21T10:39:56	4708	8ffc9be446bfa5f08a19959035210fc8	yes	no	no	yes
day2_20260821/logs/audit_20260821_104307.jsonl	ziua2_20260821/logs/audit_20260821_104307.jsonl	2026-08-21T10:43:06	1935	e1e58b6a0a8088553420695493e4cd80	yes	no	no	yes
day2_20260821/logs/audit_20260821_104534.jsonl	ziua2_20260821/logs/audit_20260821_104534.jsonl	2026-08-21T10:45:58	5540	f424764ee36e45243f684ca587f0410b	yes	no	no	yes
day2_20260821/logs/audit_20260821_105438.jsonl	ziua2_20260821/logs/audit_20260821_105438.jsonl	2026-08-21T10:55:06	5032	06a6b4756177c64f4627a02ff3f7f092	yes	no	no	yes
day2_20260821/logs/audit_20260821_110624.jsonl	ziua2_20260821/logs/audit_20260821_110624.jsonl	2026-08-21T11:07:24	6840	280547301ef0324257a4123521cb6c15	yes	no	no	yes
day2_20260821/logs/audit_20260821_110814.jsonl	ziua2_20260821/logs/audit_20260821_110814.jsonl	2026-08-21T11:09:02	5807	002e91f3c3b76c4c3f2430439601ec97	yes	no	no	yes
day2_20260821/logs/audit_20260821_110936.jsonl	ziua2_20260821/logs/audit_20260821_110936.jsonl	2026-08-21T11:10:14	7474	ea39f3d1fda02e12f3ddff90cbe36e01	yes	no	no	yes
day2_20260821/logs/audit_20260821_111058.jsonl	ziua2_20260821/logs/audit_20260821_111058.jsonl	2026-08-21T11:11:38	5832	80a2aafb87336ca07b911d4dab1d310e	yes	no	no	yes
day2_20260821/logs/audit_20260821_111235.jsonl	ziua2_20260821/logs/audit_20260821_111235.jsonl	2026-08-21T11:13:06	5579	7612efae0b3b9123bfb3a0128f4a7f62	yes	no	no	yes
day2_20260821/logs/audit_20260821_111411.jsonl	ziua2_20260821/logs/audit_20260821_111411.jsonl	2026-08-21T11:15:16	14931	b53099a54d8c7490a77ffb29dd6a384e	yes	no	no	yes
day2_20260821/logs/audit_20260821_111601.jsonl	ziua2_20260821/logs/audit_20260821_111601.jsonl	2026-08-21T11:16:38	5429	39fcb0650e24bfb4cdadad3b4d4d1e62	yes	no	no	yes
day2_20260821/logs/audit_20260821_111727.jsonl	ziua2_20260821/logs/audit_20260821_111727.jsonl	2026-08-21T11:18:20	5194	b213c3cfbfcaf78e16751f54668d9df5	yes	no	no	yes
day2_20260821/logs/audit_20260821_111905.jsonl	ziua2_20260821/logs/audit_20260821_111905.jsonl	2026-08-21T11:19:34	4412	d6b03bf06fb82b3df7c677fd866208a0	yes	no	no	yes
day2_20260821/logs/audit_20260821_112007.jsonl	ziua2_20260821/logs/audit_20260821_112007.jsonl	2026-08-21T11:20:36	5182	4a115facd7dd7911af4474c82583baae	yes	no	no	yes
day2_20260821/logs/audit_20260821_112108.jsonl	ziua2_20260821/logs/audit_20260821_112108.jsonl	2026-08-21T11:21:50	5173	b819efb1cd71c4cba4513878428037b2	yes	no	no	yes
day2_20260821/logs/audit_20260821_112225.jsonl	ziua2_20260821/logs/audit_20260821_112225.jsonl	2026-08-21T11:22:40	4643	6400686a66498a4a9a630fd4bad309db	yes	no	no	yes
day2_20260821/logs/audit_20260821_112314.jsonl	ziua2_20260821/logs/audit_20260821_112314.jsonl	2026-08-21T11:24:00	5540	cac46d8a3b3ca106f203bf2103d0f54b	yes	no	no	yes
day2_20260821/logs/audit_20260821_112534.jsonl	ziua2_20260821/logs/audit_20260821_112534.jsonl	2026-08-21T11:26:14	5265	8c3497169f93790f8eda8b596b680c97	yes	no	no	yes
day2_20260821/logs/audit_20260821_112657.jsonl	ziua2_20260821/logs/audit_20260821_112657.jsonl	2026-08-21T11:27:32	4407	4e3aeccc9171a5719dcf3c7fb4ff28cb	yes	no	no	yes
day2_20260821/logs/audit_20260821_112757.jsonl	ziua2_20260821/logs/audit_20260821_112757.jsonl	2026-08-21T11:28:46	5125	412d7b1ade957ef45d1517dbcb8ffeaa	yes	no	no	yes
day2_20260821/logs/audit_20260821_112926.jsonl	ziua2_20260821/logs/audit_20260821_112926.jsonl	2026-08-21T11:30:24	5382	47b14ac9643b4f56632ba55d95506c29	yes	no	no	yes
day2_20260821/logs/audit_20260821_113110.jsonl	ziua2_20260821/logs/audit_20260821_113110.jsonl	2026-08-21T11:32:22	5567	b1cbe3838b0c58a1c228a23a368a5f2d	yes	no	no	yes
day2_20260821/logs/audit_20260821_113258.jsonl	ziua2_20260821/logs/audit_20260821_113258.jsonl	2026-08-21T11:33:26	5615	7b6304c503a77ba77c9bab01e03212c4	yes	no	no	yes
day2_20260821/logs/audit_20260821_113407.jsonl	ziua2_20260821/logs/audit_20260821_113407.jsonl	2026-08-21T11:34:54	5386	36cedf875f63c84c8317e208ca3f795c	yes	no	no	yes
day2_20260821/logs/audit_20260821_113529.jsonl	ziua2_20260821/logs/audit_20260821_113529.jsonl	2026-08-21T11:35:56	5308	bc25011f1ce5205706d2820eea41537f	yes	no	no	yes
day2_20260821/logs/audit_20260821_113623.jsonl	ziua2_20260821/logs/audit_20260821_113623.jsonl	2026-08-21T11:36:40	5317	29e48054b95926c39f218f39b2d13c6d	yes	no	no	yes
day2_20260821/logs/audit_20260821_113656.jsonl	ziua2_20260821/logs/audit_20260821_113656.jsonl	2026-08-21T11:37:14	4642	ebd3ac5f2753365bfadc88acf222a054	yes	no	no	yes
day2_20260821/logs/audit_20260821_113738.jsonl	ziua2_20260821/logs/audit_20260821_113738.jsonl	2026-08-21T11:37:52	4622	188df5cd1acbed28029da16e013b0c1b	yes	no	no	yes
day2_20260821/logs/audit_20260821_113819.jsonl	ziua2_20260821/logs/audit_20260821_113819.jsonl	2026-08-21T11:38:18	1954	21ed281bf72f31caadd5f18edc1549c9	yes	no	no	yes
day2_20260821/logs/audit_20260821_115152.jsonl	ziua2_20260821/logs/audit_20260821_115152.jsonl	2026-08-21T11:52:32	4304	0d846198994ac3a4b89593d2ad474595	yes	no	no	yes
day2_20260821/logs/audit_20260821_115254.jsonl	ziua2_20260821/logs/audit_20260821_115254.jsonl	2026-08-21T11:53:18	5050	a849491ef2a94f763fe4a0aef2dd9ed5	yes	no	no	yes
day2_20260821/logs/audit_20260821_115341.jsonl	ziua2_20260821/logs/audit_20260821_115341.jsonl	2026-08-21T11:54:08	5418	31dec44230a1296e21c19bc953089df3	yes	no	no	yes
day2_20260821/logs/audit_20260821_115538.jsonl	ziua2_20260821/logs/audit_20260821_115538.jsonl	2026-08-21T11:56:24	5490	488a7aacc0d415ab0d488c89e668c414	yes	no	no	yes
day2_20260821/logs/audit_20260821_115711.jsonl	ziua2_20260821/logs/audit_20260821_115711.jsonl	2026-08-21T11:57:38	5243	30a9d23ba66d0042456befbc1cd23c6b	yes	no	no	yes
day2_20260821/logs/audit_20260821_115814.jsonl	ziua2_20260821/logs/audit_20260821_115814.jsonl	2026-08-21T11:58:52	4744	10f8456cc1c82c5777f31ff6453f8a68	yes	no	no	yes
day2_20260821/logs/audit_20260821_115924.jsonl	ziua2_20260821/logs/audit_20260821_115924.jsonl	2026-08-21T12:00:24	4768	d29bc1bba12b0af58a12c65880f7456a	yes	no	no	yes
day2_20260821/logs/audit_20260821_120124.jsonl	ziua2_20260821/logs/audit_20260821_120124.jsonl	2026-08-21T12:02:20	4752	1dd765555d7edccb2260405d3b76b847	yes	no	no	yes
day2_20260821/logs/audit_20260821_120305.jsonl	ziua2_20260821/logs/audit_20260821_120305.jsonl	2026-08-21T12:03:40	4072	2a90252c0f10bc49d0907ba847647155	yes	no	no	yes
day2_20260821/logs/audit_20260821_120446.jsonl	ziua2_20260821/logs/audit_20260821_120446.jsonl	2026-08-21T12:05:40	5233	989999c57de8aea7d3265e117fe4b3f6	yes	no	no	yes
day2_20260821/logs/audit_20260821_120634.jsonl	ziua2_20260821/logs/audit_20260821_120634.jsonl	2026-08-21T12:07:18	4859	9f2a8d0bcb179bfbd16b6729ee78e39a	yes	no	no	yes
day2_20260821/logs/audit_20260821_120808.jsonl	ziua2_20260821/logs/audit_20260821_120808.jsonl	2026-08-21T12:08:34	4302	656a325c232447ee59ed7edac3c3b117	yes	no	no	yes
day2_20260821/logs/audit_20260821_120902.jsonl	ziua2_20260821/logs/audit_20260821_120902.jsonl	2026-08-21T12:09:48	4783	52e72520f1407f8c3b1a7dbe0c3f56d8	yes	no	no	yes
day2_20260821/logs/audit_20260821_121016.jsonl	ziua2_20260821/logs/audit_20260821_121016.jsonl	2026-08-21T12:10:48	5188	b72f57f0a2ebca68ca18e5236f6090eb	yes	no	no	yes
day2_20260821/logs/audit_20260821_121153.jsonl	ziua2_20260821/logs/audit_20260821_121153.jsonl	2026-08-21T12:12:26	4068	ee9406cc3d57b6711da898b08ae49211	yes	no	no	yes
day2_20260821/logs/audit_20260821_121300.jsonl	ziua2_20260821/logs/audit_20260821_121300.jsonl	2026-08-21T12:13:40	5354	b874555c36fea27bb2a3d84d5b3a98de	yes	no	no	yes
day2_20260821/logs/audit_20260821_121432.jsonl	ziua2_20260821/logs/audit_20260821_121432.jsonl	2026-08-21T12:15:30	4791	95267af154f8f0c5a2bbef1ae5d924cf	yes	no	no	yes
day2_20260821/logs/audit_20260821_121718.jsonl	ziua2_20260821/logs/audit_20260821_121718.jsonl	2026-08-21T12:17:54	4752	3c8b04a2a7808860cb01d646fd448e39	yes	no	no	yes
day2_20260821/logs/audit_20260821_121837.jsonl	ziua2_20260821/logs/audit_20260821_121837.jsonl	2026-08-21T12:19:20	5266	5b13ad9ed155a9f5765554be009469f6	yes	no	no	yes
day2_20260821/logs/audit_20260821_122052.jsonl	ziua2_20260821/logs/audit_20260821_122052.jsonl	2026-08-21T12:21:40	5456	b8fa431d126ab68e76913bba69edd2b7	yes	no	no	yes
day2_20260821/logs/audit_20260821_122227.jsonl	ziua2_20260821/logs/audit_20260821_122227.jsonl	2026-08-21T12:22:54	4913	ab9b0218664f4b74871bfc6f8e95a7ff	yes	no	no	yes
day2_20260821/logs/audit_20260821_122328.jsonl	ziua2_20260821/logs/audit_20260821_122328.jsonl	2026-08-21T12:23:50	5030	dcf9c57db6ebb7c3857c1da3749f3f4a	yes	no	no	yes
day2_20260821/logs/audit_20260821_122430.jsonl	ziua2_20260821/logs/audit_20260821_122430.jsonl	2026-08-21T12:24:56	4300	7d208eafa088238da03b2b5d6135bcc8	yes	no	no	yes
day2_20260821/logs/audit_20260821_122544.jsonl	ziua2_20260821/logs/audit_20260821_122544.jsonl	2026-08-21T12:26:06	4281	910299946d258c7d9c88416d11514d65	yes	no	no	yes
day2_20260821/logs/audit_20260821_122656.jsonl	ziua2_20260821/logs/audit_20260821_122656.jsonl	2026-08-21T12:27:16	4299	09cd172d309d7f18543f385951348f27	yes	no	no	yes
day2_20260821/logs/audit_20260821_131951.jsonl	ziua2_20260821/logs/audit_20260821_131951.jsonl	2026-08-21T13:21:04	11761	16f1fa0a78028ad37f936ad19a274a7e	yes	no	no	yes
day2_20260821/logs/audit_20260821_132139.jsonl	ziua2_20260821/logs/audit_20260821_132139.jsonl	2026-08-21T13:22:36	11761	51433228407f6953b65c97642ec23417	yes	no	no	yes
day2_20260821/logs/audit_20260821_132326.jsonl	ziua2_20260821/logs/audit_20260821_132326.jsonl	2026-08-21T13:24:16	12593	8d3027620924638f6c4fbc8e9447a432	yes	no	no	yes
day2_20260821/logs/audit_20260821_132452.jsonl	ziua2_20260821/logs/audit_20260821_132452.jsonl	2026-08-21T13:25:50	11847	1c10414ee5794a520579e31484937975	yes	no	no	yes
day2_20260821/logs/audit_20260821_132616.jsonl	ziua2_20260821/logs/audit_20260821_132616.jsonl	2026-08-21T13:26:32	4409	17c2dab9fdbfcb4d093e6614b7fe6ab0	yes	no	no	yes
day2_20260821/logs/audit_20260821_132710.jsonl	ziua2_20260821/logs/audit_20260821_132710.jsonl	2026-08-21T13:27:38	11220	3727edd2b556f43ac5876c7ca27f797a	yes	no	no	yes
day2_20260821/logs/audit_20260821_132810.jsonl	ziua2_20260821/logs/audit_20260821_132810.jsonl	2026-08-21T13:28:34	11216	491b663ae1d0ad2bb08221bf5904e3c6	yes	no	no	yes
day2_20260821/logs/audit_20260821_132911.jsonl	ziua2_20260821/logs/audit_20260821_132911.jsonl	2026-08-21T13:29:54	12493	a48df46c09493eea374418896196f763	yes	no	no	yes
day2_20260821/logs/audit_20260821_133032.jsonl	ziua2_20260821/logs/audit_20260821_133032.jsonl	2026-08-21T13:31:12	5519	4df8fe553b4635ddb3cfc50aaef1c853	yes	no	no	yes
day2_20260821/logs/audit_20260821_133151.jsonl	ziua2_20260821/logs/audit_20260821_133151.jsonl	2026-08-21T13:32:12	9388	b7d0c8acae7d1961d6c20d13b22eef1f	yes	no	no	yes
day2_20260821/logs/audit_20260821_133316.jsonl	ziua2_20260821/logs/audit_20260821_133316.jsonl	2026-08-21T13:33:58	11910	59a21729c8cfebcade980142d2e24423	yes	no	no	yes
day2_20260821/logs/audit_20260821_133431.jsonl	ziua2_20260821/logs/audit_20260821_133431.jsonl	2026-08-21T13:35:18	12360	7543ea5476580672dab8d011260b7ddf	yes	no	no	yes
day2_20260821/logs/audit_20260821_133600.jsonl	ziua2_20260821/logs/audit_20260821_133600.jsonl	2026-08-21T13:36:56	12519	9ad1c0d9c1069354b16fc0a5e383fe86	yes	no	no	yes
day2_20260821/logs/audit_20260821_133732.jsonl	ziua2_20260821/logs/audit_20260821_133732.jsonl	2026-08-21T13:38:24	12083	9ebcb1b7786798a58c08511434d27ac0	yes	no	no	yes
day2_20260821/logs/audit_20260821_133902.jsonl	ziua2_20260821/logs/audit_20260821_133902.jsonl	2026-08-21T13:39:54	11955	92865ee0dc688939ef25cd87f29b905f	yes	no	no	yes
day2_20260821/logs/audit_20260821_134044.jsonl	ziua2_20260821/logs/audit_20260821_134044.jsonl	2026-08-21T13:41:34	11956	17163fb15db51642264d726b90f5ce9f	yes	no	no	yes
day2_20260821/logs/audit_20260821_134202.jsonl	ziua2_20260821/logs/audit_20260821_134202.jsonl	2026-08-21T13:43:20	11993	0a067f6e986717d5b1f2570422d14230	yes	no	no	yes
day2_20260821/logs/audit_20260821_134402.jsonl	ziua2_20260821/logs/audit_20260821_134402.jsonl	2026-08-21T13:45:02	12418	6670aa24fc1305f573fa00b055ba751b	yes	no	no	yes
day2_20260821/logs/audit_20260821_134532.jsonl	ziua2_20260821/logs/audit_20260821_134532.jsonl	2026-08-21T13:46:18	12491	7a3162d0af8bbcc8cfd5fc3c96148918	yes	no	no	yes
day2_20260821/logs/audit_20260821_134645.jsonl	ziua2_20260821/logs/audit_20260821_134645.jsonl	2026-08-21T13:46:58	9375	b89db377cc9d9fd2e6a3aca6940753d2	yes	no	no	yes
day2_20260821/logs/audit_20260821_134743.jsonl	ziua2_20260821/logs/audit_20260821_134743.jsonl	2026-08-21T13:48:04	3928	9a1d03741daeb13e299c65d7efc1565c	yes	no	no	yes
day2_20260821/logs/audit_20260821_134844.jsonl	ziua2_20260821/logs/audit_20260821_134844.jsonl	2026-08-21T13:49:24	12791	3baaff74f0b41343bb0c723ec71cbd07	yes	no	no	yes
day2_20260821/logs/audit_20260821_135001.jsonl	ziua2_20260821/logs/audit_20260821_135001.jsonl	2026-08-21T13:50:16	9506	9a1b3530acec89061ac666956692624c	yes	no	no	yes
day2_20260821/logs/audit_20260821_135113.jsonl	ziua2_20260821/logs/audit_20260821_135113.jsonl	2026-08-21T13:52:12	21909	4d082361ea3e08385de52e4f3d815688	yes	no	no	yes
day2_20260821/logs/audit_20260821_135311.jsonl	ziua2_20260821/logs/audit_20260821_135311.jsonl	2026-08-21T13:53:56	12594	34e72e8965607b135b892513075350fd	yes	no	no	yes
day2_20260821/logs/audit_20260821_135419.jsonl	ziua2_20260821/logs/audit_20260821_135419.jsonl	2026-08-21T13:55:18	12529	f4fccc4af940f5bf49cc0ba5956b5b77	yes	no	no	yes
day2_20260821/logs/audit_20260821_135551.jsonl	ziua2_20260821/logs/audit_20260821_135551.jsonl	2026-08-21T13:56:32	5110	5a3444e200f040be6c7cc99301f58b5b	yes	no	no	yes
day2_20260821/logs/audit_20260821_135704.jsonl	ziua2_20260821/logs/audit_20260821_135704.jsonl	2026-08-21T13:57:42	5510	2f7897f93631ba2745f800501c152369	yes	no	no	yes
day2_20260821/logs/audit_20260821_140457.jsonl	ziua2_20260821/logs/audit_20260821_140457.jsonl	2026-08-21T14:05:46	11511	0aa52f4385469f2b43340ee4c0af0811	yes	no	no	yes
day2_20260821/logs/audit_20260821_140856.jsonl	ziua2_20260821/logs/audit_20260821_140856.jsonl	2026-08-21T14:09:48	11236	97104d2502029703c0b843a12e3bffda	yes	no	no	yes
day2_20260821/logs/audit_20260821_142326.jsonl	ziua2_20260821/logs/audit_20260821_142326.jsonl	2026-08-21T14:24:18	10706	4ed92906179dfde2f217bceca07f32bb	yes	no	no	yes
day2_20260821/logs/audit_20260821_142441.jsonl	ziua2_20260821/logs/audit_20260821_142441.jsonl	2026-08-21T14:25:34	11332	690640bb16b5c7e2ba17237745fea6a4	yes	no	no	yes
day2_20260821/logs/audit_20260821_143549.jsonl	ziua2_20260821/logs/audit_20260821_143549.jsonl	2026-08-21T14:36:22	11627	1eb1b3c9ae3a24fe013a188799a3a16e	yes	no	no	yes
day2_20260821/logs/audit_20260821_143713.jsonl	ziua2_20260821/logs/audit_20260821_143713.jsonl	2026-08-21T14:38:14	11630	68aa3efe09862be5a8a2ed492a49eb30	yes	no	no	yes
day2_20260821/logs/audit_20260821_143913.jsonl	ziua2_20260821/logs/audit_20260821_143913.jsonl	2026-08-21T14:39:46	10440	76551fff07420bbe91b16513c7a91b71	yes	no	no	yes
day2_20260821/logs/audit_20260821_144018.jsonl	ziua2_20260821/logs/audit_20260821_144018.jsonl	2026-08-21T14:41:00	11489	172c42412f8c3d6273a8782a33a4f9de	yes	no	no	yes
day2_20260821/logs/audit_20260821_144154.jsonl	ziua2_20260821/logs/audit_20260821_144154.jsonl	2026-08-21T14:42:16	9372	340f496a6cd9512b9edb9e72705d44d8	yes	no	no	yes
day2_20260821/logs/audit_20260821_144333.jsonl	ziua2_20260821/logs/audit_20260821_144333.jsonl	2026-08-21T14:44:24	11931	5767f6f390b0eb0d0140d28c22c16c4c	yes	no	no	yes
day2_20260821/logs/audit_20260821_144452.jsonl	ziua2_20260821/logs/audit_20260821_144452.jsonl	2026-08-21T14:45:28	10440	0c463ec9751a801746e8a8a9ecc1a974	yes	no	no	yes
day2_20260821/logs/audit_20260821_144613.jsonl	ziua2_20260821/logs/audit_20260821_144613.jsonl	2026-08-21T14:46:52	11674	cac1ad8c3e6658ab0e492bb8b4a30551	yes	no	no	yes
day2_20260821/logs/audit_20260821_144722.jsonl	ziua2_20260821/logs/audit_20260821_144722.jsonl	2026-08-21T14:48:08	11925	cac7b554adb978a1115be587e69d1801	yes	no	no	yes
day2_20260821/logs/audit_20260821_144850.jsonl	ziua2_20260821/logs/audit_20260821_144850.jsonl	2026-08-21T14:49:40	11675	9f593c6b21e97dc612fc5065de118cd4	yes	no	no	yes
day2_20260821/logs/audit_20260821_151342.jsonl	ziua2_20260821/logs/audit_20260821_151342.jsonl	2026-08-21T15:14:06	9337	8d195ca9da87af1d3d854141a88923d9	yes	no	no	yes
day2_20260821/logs/audit_20260821_151517.jsonl	ziua2_20260821/logs/audit_20260821_151517.jsonl	2026-08-21T15:15:26	9085	d284584ebc9fb34aeeedd80ff55a0f64	yes	no	no	yes
day2_20260821/logs/audit_20260821_151846.jsonl	ziua2_20260821/logs/audit_20260821_151846.jsonl	2026-08-21T15:18:56	9042	1edd9ccaa08c240f11040e84eacac2d4	yes	no	no	yes
day2_20260821/logs/audit_20260821_152359.jsonl	ziua2_20260821/logs/audit_20260821_152359.jsonl	2026-08-21T15:24:44	12169	b7cc5132678813691476d793e7ea0a53	yes	no	no	yes
day2_20260821/logs/audit_20260821_152524.jsonl	ziua2_20260821/logs/audit_20260821_152524.jsonl	2026-08-21T15:25:58	12243	78608ba2b878961a9ef2d7b6073afcbd	yes	no	no	yes
day2_20260821/logs/audit_20260821_152624.jsonl	ziua2_20260821/logs/audit_20260821_152624.jsonl	2026-08-21T15:27:14	17788	5c472b1a5a98b1449f4e0dc52c96e045	yes	no	no	yes
day2_20260821/logs/audit_20260821_153019.jsonl	ziua2_20260821/logs/audit_20260821_153019.jsonl	2026-08-21T15:30:32	9037	2128500e1b2b98a65367fa2843e2ccf4	yes	no	no	yes
day2_20260821/logs/audit_20260821_153221.jsonl	ziua2_20260821/logs/audit_20260821_153221.jsonl	2026-08-21T15:32:34	9086	c6364b8ab5102978d839deda08544f63	yes	no	no	yes
day2_20260821/logs/audit_20260821_153343.jsonl	ziua2_20260821/logs/audit_20260821_153343.jsonl	2026-08-21T15:34:38	20986	18e441ccf359ed1218378a51f838ca37	yes	no	no	yes
day2_20260821/logs/audit_20260821_153503.jsonl	ziua2_20260821/logs/audit_20260821_153503.jsonl	2026-08-21T15:36:56	21043	0d071274c9d7fa04328d2ddcff10ae2d	yes	no	no	yes
day2_20260821/logs/audit_20260821_164323.jsonl	ziua2_20260821/logs/audit_20260821_164323.jsonl	2026-08-21T16:44:26	11166	539db6497372218ab1cfdb12d6a1b420	yes	no	no	yes
day2_20260821/logs/audit_20260821_164326.jsonl	ziua2_20260821/logs/audit_20260821_164326.jsonl	2026-08-21T16:44:40	11504	ef0ca043162665105e7f415ea5b16d91	yes	no	no	yes
day2_20260821/logs/audit_20260821_164941.jsonl	ziua2_20260821/logs/audit_20260821_164941.jsonl	2026-08-21T16:50:54	11171	40dcd534b7f82adac998dc4e2c8ffc0d	yes	no	no	yes
day2_20260821/logs/audit_20260821_164945.jsonl	ziua2_20260821/logs/audit_20260821_164945.jsonl	2026-08-21T16:51:02	11906	6f8190388f93c478f17d63f751cc2e9e	yes	no	no	yes
day2_20260821/logs/audit_20260821_165317.jsonl	ziua2_20260821/logs/audit_20260821_165317.jsonl	2026-08-21T16:54:30	11181	ee7b9fccd630a499764c3fe449953883	yes	no	no	yes
day2_20260821/logs/audit_20260821_165320.jsonl	ziua2_20260821/logs/audit_20260821_165320.jsonl	2026-08-21T16:54:40	12358	b5c5e93eb34b8b2229583b63db71a77b	yes	no	no	yes
day2_20260821/logs/audit_20260821_170007.jsonl	ziua2_20260821/logs/audit_20260821_170007.jsonl	2026-08-21T17:00:36	5111	b11da62837b184783b3184f2ea9000ca	yes	no	no	yes
day2_20260821/logs/audit_20260821_170226.jsonl	ziua2_20260821/logs/audit_20260821_170226.jsonl	2026-08-21T17:03:18	5156	961c5f23aebd308ba9bb4e97e4ae8f5b	yes	no	no	yes
day2_20260821/logs/audit_20260821_172025.jsonl	ziua2_20260821/logs/audit_20260821_172025.jsonl	2026-08-21T17:21:12	12138	fc0a1e499737a8a27b1cf31f6034095e	yes	no	no	yes
day2_20260821/logs/audit_20260821_172417.jsonl	ziua2_20260821/logs/audit_20260821_172417.jsonl	2026-08-21T17:25:06	11756	02ac75e32e19ee18f10cf1b2de2a9485	yes	no	no	yes
day2_20260821/logs/audit_20260821_172547.jsonl	ziua2_20260821/logs/audit_20260821_172547.jsonl	2026-08-21T17:26:38	11817	80408ec5e2f19a18e4e97acf65a28446	yes	no	no	yes
day2_20260821/logs/audit_20260821_172706.jsonl	ziua2_20260821/logs/audit_20260821_172706.jsonl	2026-08-21T17:28:00	11783	0f5b312b8aab09e98a2958af7ba1964a	yes	no	no	yes
day2_20260821/logs/audit_20260821_172836.jsonl	ziua2_20260821/logs/audit_20260821_172836.jsonl	2026-08-21T17:29:22	11736	38c36b3ca8a0b3042a0902cd92edb804	yes	no	no	yes
day2_20260821/logs/audit_20260821_173339.jsonl	ziua2_20260821/logs/audit_20260821_173339.jsonl	2026-08-21T17:34:38	5763	422ca92513d47949464e9e86dbc230ca	yes	no	no	yes
day2_20260821/logs/audit_20260821_173514.jsonl	ziua2_20260821/logs/audit_20260821_173514.jsonl	2026-08-21T17:35:50	5774	4c73599396af4c1523940155bc07bb4a	yes	no	no	yes
day2_20260821/logs/audit_20260821_173618.jsonl	ziua2_20260821/logs/audit_20260821_173618.jsonl	2026-08-21T17:36:54	5768	4b06e66fa6905539760d3a213393bc88	yes	no	no	yes
day2_20260821/logs/audit_20260821_173717.jsonl	ziua2_20260821/logs/audit_20260821_173717.jsonl	2026-08-21T17:37:46	5334	f05256cd9e86c101d887d3808966f204	yes	no	no	yes
day2_20260821/logs/audit_20260821_173949.jsonl	ziua2_20260821/logs/audit_20260821_173949.jsonl	2026-08-21T17:41:26	12015	065b34da191b0eaa22705419c2407e6c	yes	no	no	yes
day2_20260821/memory/archive/memory_digest_before_E4b_1730.json	ziua2_20260821/memorie/arhiva/memory_digest_inainte_E4b_1730.json	2026-08-21T17:30:30	1844	97241265217eb4b08e26fb718eb21f40	yes	no	no	yes
day2_20260821/memory/archive/memory_digest_frozen_20260821.json	ziua2_20260821/memorie/arhiva/memory_digest_INGHETAT_20260821.json	2026-08-21T14:59:46	1844	97241265217eb4b08e26fb718eb21f40	yes	no	no	yes
day2_20260821/memory/digest_E4.2/M1_environment.jsonl	ziua2_20260821/memorie/digest_E4.2/M1_environment.jsonl	2026-08-21T14:58:44	10352	4bc4f6e0da7d2fbf2af7cc2cc1fe1b08	yes	no	no	yes
day2_20260821/memory/digest_E4.2/M2_temporal_patterns.jsonl	ziua2_20260821/memorie/digest_E4.2/M2_temporal_patterns.jsonl	2026-08-21T14:58:44	0	d41d8cd98f00b204e9800998ecf8427e	yes	no	no	yes
day2_20260821/memory/digest_E4.2/M3_operator_preferences.jsonl	ziua2_20260821/memorie/digest_E4.2/M3_operator_preferences.jsonl	2026-08-21T14:58:44	675	4c642bfc6b32dbf6ca78e51495c221d6	yes	no	no	yes
day2_20260821/memory/digest_E4.2/M4_platform_capabilities.jsonl	ziua2_20260821/memorie/digest_E4.2/M4_platform_capabilities.jsonl	2026-08-21T14:58:44	491	ae8ecf462c319158bf5fe52839c0b5fb	yes	no	no	yes
day2_20260821/memory/digest_E4.2/M5_task_history.jsonl	ziua2_20260821/memorie/digest_E4.2/M5_task_history.jsonl	2026-08-21T14:58:44	3571	ecc361447d9cb0522588d758d1519e39	yes	no	no	yes
day2_20260821/memory/digest_E4.2/memory_digest.json	ziua2_20260821/memorie/digest_E4.2/memory_digest.json	2026-08-21T14:58:44	565	3751babfc573f36665648833ab0c98ed	yes	no	no	yes
day2_20260821/memory/digest_E4b/M1_environment.jsonl	ziua2_20260821/memorie/digest_E4b/M1_environment.jsonl	2026-08-21T17:30:32	10255	47b5d9f6bd3e477fac840322864c6bef	yes	no	no	yes
day2_20260821/memory/digest_E4b/M2_temporal_patterns.jsonl	ziua2_20260821/memorie/digest_E4b/M2_temporal_patterns.jsonl	2026-08-21T17:30:32	0	d41d8cd98f00b204e9800998ecf8427e	yes	no	no	yes
day2_20260821/memory/digest_E4b/M3_operator_preferences.jsonl	ziua2_20260821/memorie/digest_E4b/M3_operator_preferences.jsonl	2026-08-21T17:30:32	324	f0da0b3f9fc1406690cd3588c9504ff2	yes	no	no	yes
day2_20260821/memory/digest_E4b/M4_platform_capabilities.jsonl	ziua2_20260821/memorie/digest_E4b/M4_platform_capabilities.jsonl	2026-08-21T17:30:32	492	005fd11a94f5f79cd303ae7815b409d9	yes	no	no	yes
day2_20260821/memory/digest_E4b/M5_task_history.jsonl	ziua2_20260821/memorie/digest_E4b/M5_task_history.jsonl	2026-08-21T17:30:32	1821	622b621e4078d30e0e7b9d515ea39b63	yes	no	no	yes
day2_20260821/memory/digest_E4b/memory_digest.json	ziua2_20260821/memorie/digest_E4b/memory_digest.json	2026-08-21T17:30:32	711	eca5dbc8061bc3fdafdc49e12bc2c900	yes	no	no	yes
day2_20260821/memory/digest_empty/memory_digest.json	ziua2_20260821/memorie/digest_gol/memory_digest.json	2026-08-21T09:57:28	412	b01717118e1e479f49d931a5c96cc0c5	yes	no	no	yes
day2_20260821/memory/logs_E41_only/audit_20260821_143913.jsonl	ziua2_20260821/memorie/logs_E41_only/audit_20260821_143913.jsonl	2026-08-21T14:52:40	10440	76551fff07420bbe91b16513c7a91b71	yes	no	no	yes
day2_20260821/memory/logs_E41_only/audit_20260821_144018.jsonl	ziua2_20260821/memorie/logs_E41_only/audit_20260821_144018.jsonl	2026-08-21T14:52:40	11489	172c42412f8c3d6273a8782a33a4f9de	yes	no	no	yes
day2_20260821/memory/logs_E41_only/audit_20260821_144154.jsonl	ziua2_20260821/memorie/logs_E41_only/audit_20260821_144154.jsonl	2026-08-21T14:52:40	9372	340f496a6cd9512b9edb9e72705d44d8	yes	no	no	yes
day2_20260821/memory/logs_E41_only/audit_20260821_144333.jsonl	ziua2_20260821/memorie/logs_E41_only/audit_20260821_144333.jsonl	2026-08-21T14:52:40	11931	5767f6f390b0eb0d0140d28c22c16c4c	yes	no	no	yes
day2_20260821/memory/logs_E41_only/audit_20260821_144452.jsonl	ziua2_20260821/memorie/logs_E41_only/audit_20260821_144452.jsonl	2026-08-21T14:52:40	10440	0c463ec9751a801746e8a8a9ecc1a974	yes	no	no	yes
day2_20260821/memory/logs_E41_only/audit_20260821_144613.jsonl	ziua2_20260821/memorie/logs_E41_only/audit_20260821_144613.jsonl	2026-08-21T14:52:40	11674	cac1ad8c3e6658ab0e492bb8b4a30551	yes	no	no	yes
day2_20260821/memory/logs_E41_only/audit_20260821_144722.jsonl	ziua2_20260821/memorie/logs_E41_only/audit_20260821_144722.jsonl	2026-08-21T14:52:40	11925	cac7b554adb978a1115be587e69d1801	yes	no	no	yes
day2_20260821/memory/logs_E41_only/audit_20260821_144850.jsonl	ziua2_20260821/memorie/logs_E41_only/audit_20260821_144850.jsonl	2026-08-21T14:52:40	11675	9f593c6b21e97dc612fc5065de118cd4	yes	no	no	yes
day2_20260821/memory/logs_E4b1_only/audit_20260821_172417.jsonl	ziua2_20260821/memorie/logs_E4b1_only/audit_20260821_172417.jsonl	2026-08-21T17:30:30	11756	02ac75e32e19ee18f10cf1b2de2a9485	yes	no	no	yes
day2_20260821/memory/logs_E4b1_only/audit_20260821_172547.jsonl	ziua2_20260821/memorie/logs_E4b1_only/audit_20260821_172547.jsonl	2026-08-21T17:30:30	11817	80408ec5e2f19a18e4e97acf65a28446	yes	no	no	yes
day2_20260821/memory/logs_E4b1_only/audit_20260821_172706.jsonl	ziua2_20260821/memorie/logs_E4b1_only/audit_20260821_172706.jsonl	2026-08-21T17:30:32	11783	0f5b312b8aab09e98a2958af7ba1964a	yes	no	no	yes
day2_20260821/memory/logs_E4b1_only/audit_20260821_172836.jsonl	ziua2_20260821/memorie/logs_E4b1_only/audit_20260821_172836.jsonl	2026-08-21T17:30:32	11736	38c36b3ca8a0b3042a0902cd92edb804	yes	no	no	yes
day2_20260821/mission_index_ro.txt	ziua2_20260821/INDEX_misiuni.txt	2026-08-21T17:49:36	21993	ebc05acbb47c308a9dbc25947c5aeb86	yes	no	no	yes
day2_20260821/session/E7_instructions_to_publish.txt	ziua2_20260821/sesiune/E7_instructiuni_de_publicat.txt	2026-08-21T09:55:56	1490	fb3a7565aadff99273bbf4445d7144a8	yes	no	no	yes
day2_20260821/session/E7_sealed_set_v2.csv	ziua2_20260821/sesiune/E7_set_sigilat_v2.csv	2026-08-21T09:55:56	3015	1ebb16730b30a1ee8c97f11e6b6f2cdd	yes	no	yes	yes
day2_20260821/session/E7_sealing_protocol_ro.md	ziua2_20260821/sesiune/E7_protocol_sigilare.md	2026-08-21T09:55:56	13296	faec82ca939dc02d2d9dc58852c15aac	yes	no	no	yes
day2_20260821/session/E_run_sheets_day2_ro.html	ziua2_20260821/sesiune/E_Fise_rulaj_ZIUA2.html	2026-08-21T10:14:20	61752	2f6d4cf4621158b96909611f61fcf605	yes	no	no	yes
day2_20260821/session/blocks.env	ziua2_20260821/sesiune/blocuri.env	2026-08-21T09:55:56	2563	c958ca656db23e5cc68eae069bfead18	yes	no	no	yes
day2_20260821/session/declared_decisions_before_day2_ro.md	ziua2_20260821/sesiune/Decizii_declarate_inainte_de_ziua2.md	2026-08-21T10:14:20	6953	cc7ba32507144ead1b2767049bcdc85b	yes	no	no	yes
day2_20260821/session/digest_hashes_corrected.txt	ziua2_20260821/sesiune/digest_hashes_CORECTAT.txt	2026-08-21T10:14:20	1000	89558e34d12919eade300ad64453ffe4	yes	no	no	yes
day2_20260821/session/generate_empty_digest.sh	ziua2_20260821/sesiune/genereaza_digest_gol.sh	2026-08-21T09:55:56	1764	3e28fd4fd65dda58872ac00e524b3087	yes	no	no	yes
day2_20260821/session/verify_start.sh	ziua2_20260821/sesiune/verifica_start.sh	2026-08-21T10:14:20	2514	194864c509c91c1c725b8eaa72c625a5	yes	no	no	yes
notes/session_notes_day1_20260820_ro.md	note/NOTE_ziua1_20260820.md	2026-08-21T17:51:52	8055	9554cb6a2dbc14f1567ba897c4a53b6a	yes	no	no	yes
notes/session_notes_day2_20260821_ro.md	note/NOTE_ziua2_20260821.md	2026-08-21T17:52:02	21526	d0a02fa961cbc680f83d13191d9b314b	yes	no	no	yes
missions.csv	(generated)		166680	a3ad3e7bf2ffdb3899f67a08f7297699	no	n/a	no	
sessions.csv	(generated)		180737	3c8a48a573e3e96a87aba84a9ca0e74d	no	n/a	no	
README.md	(generated)		3603	cc8e7ad56311052bd1dc531b505e1676	no	n/a	no	
KNOWN_DISCREPANCIES.md	(generated)		4769	5d785943434f5ea47cca8761b643b3e0	no	n/a	no	
SOURCE.md	(generated)		2725	b8c885e6ee099e6e3aa606df52cb61ca	no	n/a	no	
