day,run_id,audit_file,platform_id,record_seq,timestamp_utc,experiment_id,experiment_phase,semantic_intent_id,repetition_index,mission_index,concurrency_group_id,concurrent_peers,instruction_text,instruction_language,resolution_method,resolution_step,is_escalated,node_id,node_name,expected_node_id,nav_outcome,arrival_ok,xy_error_m,distance_traveled_m,start_x_m,start_y_m,start_yaw_rad,end_x_m,end_y_m,end_yaw_rad,amcl_converged,amcl_covariance_trace,resolve_ms,vlm_ms,nav_total_s,reroute_count,blocked_attempts,validation_allowed,validation_reason,confirmation_method,confirmation_signature_type,confirmed,confirmation_confidence,confirmation_parse_status,confirmation_prompt_md5,m3_promotion_triggered,m3_preferences_count,memory_status,digest_content_md5,digest_generated_at,memory_prefix_included,memory_prefix_chars,luminance_mean,image_start,image_start_md5,image_finish,image_finish_md5
day1_20260820,20260820_115934,day1_20260820/logs/audit_20260820_115934.jsonl,xplorer-c,1,2026-08-20T09:00:24.285+00:00,E0,,AD,1,1,,1,"the washroom got on fire, help me find something to stop the fire",en,L3a_m3_preference,0,no,8,cb202,8,mission_complete,True,0.207,1.973,2.1485,1.9607,-1.5149,2.1491,0.2006,-1.5614,True,0.055063,0.12373924255371094,0.0,22.54,0,[],True,ALLOW: all checks passed,vlm_landmark,landmark,True,HIGH,ok,1e750e376384b9018b536a1728d123ae,True,6,loaded,0fd61f9e82e8fe6991f0311014384e0c,2026-04-23T10:19:36.377832Z,True,460,141.04,day1_20260820/logs/20260820_115934/mission_1_cb202/start.jpg,d50f68bb6dcf5fb98f933908b5db04c5,day1_20260820/logs/20260820_115934/mission_1_cb202/finish.jpg,25292069068d8a731d2ccdbb17876b5c
day1_20260820,20260820_121926,day1_20260820/logs/audit_20260820_121926.jsonl,xplorer-b,1,2026-08-20T09:20:02.176+00:00,E0,,AD,1,1,,1,"the washroom got on fire, help me find something to stop the fire",en,L3a_m3_preference,0,no,8,cb202,8,mission_complete_fallback,True,0.308,1.583,2.1999,1.6627,-1.4104,2.2681,0.3002,-1.5989,True,0.058755,0.13327598571777344,0.0,22.27,0,[],True,ALLOW: all checks passed,vlm_landmark,landmark,True,HIGH,ok,1e750e376384b9018b536a1728d123ae,True,6,loaded,0fd61f9e82e8fe6991f0311014384e0c,2026-04-23T10:19:36.377832Z,True,460,139.53,day1_20260820/logs/20260820_121926/mission_1_cb202/start.jpg,da50e868f22f4a2bacf991e96445f850,day1_20260820/logs/20260820_121926/mission_1_cb202/finish.jpg,e69e4eec5270d918ecf0b081938b7589
day1_20260820,20260820_122950,day1_20260820/logs/audit_20260820_122950.jsonl,xplorer-c,1,2026-08-20T09:30:18.094+00:00,E1,,SW00,1,1,,1,go to node 0,en,L3a_deterministic,1,no,0,toilet_m,0,mission_complete,True,0.198,3.3,2.1082,1.7946,-1.5909,0.6807,0.081,-3.071,True,0.061555,0.1614093780517578,0.0,14.21,0,[],True,ALLOW: all checks passed,pose_based,none,True,HIGH,,,False,6,loaded,0fd61f9e82e8fe6991f0311014384e0c,2026-04-23T10:19:36.377832Z,True,460,142.86,day1_20260820/logs/20260820_122950/mission_1_toilet_m/start.jpg,63dbbfd3b93ab5dc304c8f5ea81a2f7f,day1_20260820/logs/20260820_122950/mission_1_toilet_m/finish.jpg,83b965a55ed67ffe0d87b9079abd7e17
day1_20260820,20260820_123127,day1_20260820/logs/audit_20260820_123127.jsonl,xplorer-c,1,2026-08-20T09:31:48.546+00:00,E1,,SW01,1,1,,1,go to node 1,en,L3a_deterministic,1,no,1,hall_entry,1,mission_complete,True,0.189,2.002,2.3744,1.702,-1.775,0.6893,1.6487,-3.1275,True,0.07994,0.16236305236816406,0.0,10.95,0,[],True,ALLOW: all checks passed,,,,,,,False,6,loaded,0fd61f9e82e8fe6991f0311014384e0c,2026-04-23T10:19:36.377832Z,True,460,134.42,day1_20260820/logs/20260820_123127/mission_1_hall_entry/start.jpg,f5fceb77407f836947761b13153639f1,,
day1_20260820,20260820_123233,day1_20260820/logs/audit_20260820_123233.jsonl,xplorer-c,1,2026-08-20T09:32:58.190+00:00,E1,,SW02,1,1,,1,go to node 2,en,L3a_deterministic,1,no,2,hall_exit,2,mission_complete,True,0.223,3.028,2.3366,1.6651,-1.1688,0.7139,3.137,3.0598,True,0.062113,0.21147727966308594,0.0,16.86,0,[],True,ALLOW: all checks passed,,,,,,,False,6,loaded,0fd61f9e82e8fe6991f0311014384e0c,2026-04-23T10:19:36.377832Z,True,460,131.32,day1_20260820/logs/20260820_123233/mission_1_hall_exit/start.jpg,5bb34d471541ffb491b06ed9dc6bb03d,,
day1_20260820,20260820_123335,day1_20260820/logs/audit_20260820_123335.jsonl,xplorer-c,1,2026-08-20T09:34:16.644+00:00,E1,,SW04,1,1,,1,go to node 4,en,L3a_deterministic,1,no,4,toilet_f,4,mission_complete,True,0.15,6.512,2.3417,1.7625,-1.5492,0.6442,6.3592,-3.0903,True,0.03975,0.1819133758544922,0.0,35.84,0,[],True,ALLOW: all checks passed,pose_based,none,True,HIGH,,,False,6,loaded,0fd61f9e82e8fe6991f0311014384e0c,2026-04-23T10:19:36.377832Z,True,460,139.45,day1_20260820/logs/20260820_123335/mission_1_toilet_f/start.jpg,05e58dfafa82730440c3119afa9ba8f5,day1_20260820/logs/20260820_123335/mission_1_toilet_f/finish.jpg,6b43fc27347f786729d565df048893fa
day1_20260820,20260820_123503,day1_20260820/logs/audit_20260820_123503.jsonl,xplorer-c,1,2026-08-20T09:35:44.318+00:00,E1,,SW05,1,1,,1,go to node 5,en,L3a_deterministic,1,no,5,cb204,5,mission_complete,True,0.168,3.841,2.333,1.6883,-1.5769,2.2895,4.6578,1.5523,True,0.045394,0.19073486328125,0.0,29.72,0,[],True,ALLOW: all checks passed,vlm_contextual,contextual,True,HIGH,ok,f594f968a1a3fef04c3095d9df17baa9,False,6,loaded,0fd61f9e82e8fe6991f0311014384e0c,2026-04-23T10:19:36.377832Z,True,460,135.27,day1_20260820/logs/20260820_123503/mission_1_cb204/start.jpg,4a3bc365ee81c9bb13f450c1d92c33ee,day1_20260820/logs/20260820_123503/mission_1_cb204/finish.jpg,74448bf2a2f362dca5993f588f0f60d3
day1_20260820,20260820_123638,day1_20260820/logs/audit_20260820_123638.jsonl,xplorer-c,1,2026-08-20T09:37:21.026+00:00,E1,,SW08,1,1,,1,go to node 8,en,L3a_deterministic,1,no,8,cb202,8,mission_complete,True,0.085,1.78,2.3674,1.5121,-1.5715,2.2565,0.064,-1.4659,True,0.027703,0.1933574676513672,0.0,20.26,0,[],True,ALLOW: all checks passed,vlm_landmark,landmark,True,HIGH,ok,1e750e376384b9018b536a1728d123ae,False,6,loaded,0fd61f9e82e8fe6991f0311014384e0c,2026-04-23T10:19:36.377832Z,True,460,141.28,day1_20260820/logs/20260820_123638/mission_1_cb202/start.jpg,13cfe05aa1384daf3c8cc99056429ad8,day1_20260820/logs/20260820_123638/mission_1_cb202/finish.jpg,c17260be918efff9deb01348870b03d6
day1_20260820,20260820_124328,day1_20260820/logs/audit_20260820_124328.jsonl,xplorer-c,1,2026-08-20T09:44:51.625+00:00,E1,,SW09,1,1,,1,go to node 9,en,L3a_deterministic,1,no,9,radiator,9,mission_complete,True,0.175,4.523,2.1815,1.6133,-1.5732,4.4094,-0.6507,-1.6165,True,0.051181,0.18405914306640625,0.0,25.77,0,[],True,ALLOW: all checks passed,vlm_landmark,landmark,True,HIGH,ok,e089c782ec4bc1b920c344141b688498,False,6,loaded,0fd61f9e82e8fe6991f0311014384e0c,2026-04-23T10:19:36.377832Z,True,460,136.89,day1_20260820/logs/20260820_124328/mission_1_radiator/start.jpg,dfd5da552ba38c3f3bb041985b1091fa,day1_20260820/logs/20260820_124328/mission_1_radiator/finish.jpg,5c52a98fbf80a91cdafd7f549f9c8ad9
day1_20260820,20260820_124531,day1_20260820/logs/audit_20260820_124531.jsonl,xplorer-c,1,2026-08-20T09:46:32.433+00:00,E1,,SW13,1,1,,1,go to node 13,en,L3a_deterministic,1,no,13,plant_4,13,mission_complete,True,0.215,9.427,2.2427,1.643,-1.6436,7.591,5.2147,1.4738,True,0.04471,0.16164779663085938,0.0,46.55,0,[],True,ALLOW: all checks passed,vlm_landmark,landmark,True,HIGH,ok,5bdc909e4adef6bae4c10646ed3ca1e0,False,6,loaded,0fd61f9e82e8fe6991f0311014384e0c,2026-04-23T10:19:36.377832Z,True,460,134.02,day1_20260820/logs/20260820_124531/mission_1_plant_4/start.jpg,e9fd2cde7061b80af70aaee4057d206c,day1_20260820/logs/20260820_124531/mission_1_plant_4/finish.jpg,ce891b5972dd49531326b12b80e2bfe9
day1_20260820,20260820_124642,day1_20260820/logs/audit_20260820_124642.jsonl,xplorer-c,1,2026-08-20T09:48:57.139+00:00,E1,,SW14,1,1,,1,go to node 14,en,L3a_deterministic,1,no,14,plant_5,14,missed,False,3.274,3.805,2.193,1.8098,-1.7545,3.6992,3.7909,-0.1159,True,0.079487,0.1685619354248047,0.0,27.97,0,[],True,ALLOW: all checks passed,,,,,,,False,6,loaded,0fd61f9e82e8fe6991f0311014384e0c,2026-04-23T10:19:36.377832Z,True,460,139.9,day1_20260820/logs/20260820_124642/mission_1_plant_5/start.jpg,335ac979e471a47f5703d72aa9872f51,,
day1_20260820,20260820_125530,day1_20260820/logs/audit_20260820_125530.jsonl,xplorer-c,1,2026-08-20T09:56:22.699+00:00,E1,,SW14,1,1,,1,go to node 14,en,L3a_deterministic,1,no,14,plant_5,14,mission_complete,True,0.168,11.488,2.2621,1.5647,-1.5797,6.558,5.2325,1.4464,True,0.137315,0.1919269561767578,0.0,48.34,0,[],True,ALLOW: all checks passed,vlm_landmark,landmark,True,HIGH,ok,ace89171863277f13e882160d6034536,False,6,loaded,0fd61f9e82e8fe6991f0311014384e0c,2026-04-23T10:19:36.377832Z,True,460,143.85,day1_20260820/logs/20260820_125530/mission_1_plant_5/start.jpg,3a3bb6d0f75509a452f9357b0d337358,day1_20260820/logs/20260820_125530/mission_1_plant_5/finish.jpg,f687613233b742b468daa850b275d222
day1_20260820,20260820_125656,day1_20260820/logs/audit_20260820_125656.jsonl,xplorer-c,1,2026-08-20T09:57:06.851+00:00,E1,,SW15,1,1,,1,go to node 15,en,L3a_deterministic,1,no,15,junction_e1,15,missed,False,5.208,0.135,2.4787,1.5522,-1.5857,2.4787,1.5522,-1.5857,True,0.026734,0.1952648162841797,0.0,4.32,0,[],True,ALLOW: all checks passed,,,,,,,False,6,loaded,0fd61f9e82e8fe6991f0311014384e0c,2026-04-23T10:19:36.377832Z,True,460,130.8,day1_20260820/logs/20260820_125656/mission_1_junction_e1/start.jpg,b57476e5623e885d80d370c4e1321bf4,,
day1_20260820,20260820_125656,day1_20260820/logs/audit_20260820_125656.jsonl,xplorer-c,2,2026-08-20T09:57:26.645+00:00,E1,,SW15,1,2,,1,go to node 15,en,L3a_deterministic,1,no,15,junction_e1,15,missed,False,5.585,3.114,2.4787,1.5522,-1.5857,3.5942,0.0618,-0.1331,True,0.041949,0.07224082946777344,0.0,19.73,0,[],True,ALLOW: all checks passed,,,,,,,False,6,loaded,0fd61f9e82e8fe6991f0311014384e0c,2026-04-23T10:19:36.377832Z,True,460,129.73,day1_20260820/logs/20260820_125656/mission_2_junction_e1/start.jpg,264bc17f1b74492f45bca4206957a834,,
day1_20260820,20260820_125656,day1_20260820/logs/audit_20260820_125656.jsonl,xplorer-c,3,2026-08-20T09:58:02.420+00:00,E1,,SW15,1,3,,1,go to node 15,en,L3a_deterministic,1,no,15,junction_e1,15,mission_complete,True,0.156,8.383,3.5653,0.06,-0.2007,6.4046,4.7443,1.5514,True,0.161248,0.08440017700195312,0.0,35.66,0,[],True,ALLOW: all checks passed,vlm_landmark,landmark,True,HIGH,ok,de180d6fd3375e3f85159f2b90d031ab,False,6,loaded,0fd61f9e82e8fe6991f0311014384e0c,2026-04-23T10:19:36.377832Z,True,460,154.71,day1_20260820/logs/20260820_125656/mission_3_junction_e1/start.jpg,170168ce43f7906d73ac046c39a48e08,day1_20260820/logs/20260820_125656/mission_3_junction_e1/finish.jpg,e37c22beaa8040836ee9c96b7ff79d35
day1_20260820,20260820_125837,day1_20260820/logs/audit_20260820_125837.jsonl,xplorer-c,1,2026-08-20T09:59:13.409+00:00,E1,,SW19,1,1,,1,go to node 19,en,L3a_deterministic,1,no,19,plant_3,19,mission_complete,True,0.167,6.056,2.6361,1.5307,-1.5618,6.4999,-0.7407,-1.467,True,0.049811,0.1926422119140625,0.0,32.59,0,[],True,ALLOW: all checks passed,vlm_landmark,landmark,False,MEDIUM,ok,35a4edab17bfe1c82d8bc853388d482d,False,6,loaded,0fd61f9e82e8fe6991f0311014384e0c,2026-04-23T10:19:36.377832Z,True,460,135.38,day1_20260820/logs/20260820_125837/mission_1_plant_3/start.jpg,27c88eaa38838f4629b30964702713bd,day1_20260820/logs/20260820_125837/mission_1_plant_3/finish.jpg,89d3b034e97ca368fe5e2fce32f4eb32
day1_20260820,20260820_125951,day1_20260820/logs/audit_20260820_125951.jsonl,xplorer-c,1,2026-08-20T10:00:30.709+00:00,E1,,SW20,1,1,,1,go to node 20,en,L3a_deterministic,1,no,20,plant_2,20,mission_complete,True,0.197,6.907,,,,6.8036,-0.9093,-1.4704,True,0.037983,0.1971721649169922,0.0,36.8,0,[],True,ALLOW: all checks passed,vlm_landmark,landmark,True,HIGH,ok,893a544b18b857fc0932f50d348d0465,False,6,loaded,0fd61f9e82e8fe6991f0311014384e0c,2026-04-23T10:19:36.377832Z,True,460,138.18,day1_20260820/logs/20260820_125951/mission_1_plant_2/start.jpg,69ea8ab6555c342fc6a09ec968df69b5,day1_20260820/logs/20260820_125951/mission_1_plant_2/finish.jpg,3c69c525a204539596759cab4bb3ebb1
day1_20260820,20260820_130207,day1_20260820/logs/audit_20260820_130207.jsonl,xplorer-c,1,2026-08-20T10:02:55.334+00:00,E1,,SW21,1,1,,1,go to node 21,en,L3a_deterministic,1,no,21,plant_1,21,mission_complete,True,0.26,7.825,2.2078,1.6079,-1.2005,7.2409,-0.9166,-1.5771,True,0.063982,0.23293495178222656,0.0,38.34,0,[],True,ALLOW: all checks passed,vlm_landmark,landmark,True,HIGH,ok,edf65dc3f3c1a383306370df5a43d8c8,False,6,loaded,0fd61f9e82e8fe6991f0311014384e0c,2026-04-23T10:19:36.377832Z,True,460,130.39,day1_20260820/logs/20260820_130207/mission_1_plant_1/start.jpg,07bf6226d7dc324b4013b22c9530c48e,day1_20260820/logs/20260820_130207/mission_1_plant_1/finish.jpg,015c7f9ddc3b56a79f35590a4bb5d2f8
day1_20260820,20260820_130331,day1_20260820/logs/audit_20260820_130331.jsonl,xplorer-c,1,2026-08-20T10:04:30.913+00:00,E1,,SW22,1,1,,1,go to node 22,en,L3a_deterministic,1,no,22,cb203_entrance,22,mission_complete,True,0.232,4.896,7.2409,-0.9166,-1.5771,8.2103,1.4183,-0.0004,True,0.162883,0.1957416534423828,0.0,49.33,0,[],True,ALLOW: all checks passed,vlm_contextual,contextual,True,HIGH,ok,28736d6ebde0fc703cd8a746947d3db2,False,6,loaded,0fd61f9e82e8fe6991f0311014384e0c,2026-04-23T10:19:36.377832Z,True,460,139.26,day1_20260820/logs/20260820_130331/mission_1_cb203_entrance/start.jpg,9a962b4c4784b82a1174d8b358c370f0,day1_20260820/logs/20260820_130331/mission_1_cb203_entrance/finish.jpg,3c47c8730522b39a1f8a24108eecd7e9
day1_20260820,20260820_130509,day1_20260820/logs/audit_20260820_130509.jsonl,xplorer-c,1,2026-08-20T10:05:56.263+00:00,E1,,SW23,1,1,,1,go to node 23,en,L3a_deterministic,1,no,23,cb203_exit,23,mission_complete,True,0.259,7.755,2.6633,1.6933,-1.5008,8.0249,3.4798,-3.0103,True,0.083152,0.22649765014648438,0.0,41.7,0,[],True,ALLOW: all checks passed,vlm_contextual,contextual,True,HIGH,ok,9efebdf987690cc50e83bedb3d2d5bc2,False,6,loaded,0fd61f9e82e8fe6991f0311014384e0c,2026-04-23T10:19:36.377832Z,True,460,129.67,day1_20260820/logs/20260820_130509/mission_1_cb203_exit/start.jpg,d6ed6342eb2851c285b582797ed62c64,day1_20260820/logs/20260820_130509/mission_1_cb203_exit/finish.jpg,18683c1d1a179f74571a5a87ddebaf99
day1_20260820,20260820_140042,day1_20260820/logs/audit_20260820_140042.jsonl,xplorer-b,1,2026-08-20T11:01:19.738+00:00,E1,,E1bP,1,1,,1,"the washroom got on fire, help me find something to stop the fire",en,L3a_m3_preference,0,no,8,cb202,8,mission_complete,True,0.213,2.092,2.304,1.907,-1.4898,2.1579,0.209,-1.5474,True,0.043308,0.14829635620117188,0.0,20.37,0,[],True,ALLOW: all checks passed,vlm_landmark,landmark,True,HIGH,ok,1e750e376384b9018b536a1728d123ae,True,6,loaded,0fd61f9e82e8fe6991f0311014384e0c,2026-04-23T10:19:36.377832Z,True,460,134.2,day1_20260820/logs/20260820_140042/mission_1_cb202/start.jpg,e4182d50e5fa0cab3a4999438c94bf1b,day1_20260820/logs/20260820_140042/mission_1_cb202/finish.jpg,1d9670129c527724f842d62cccba5e92
day1_20260820,20260820_140207,day1_20260820/logs/audit_20260820_140207.jsonl,xplorer-b,1,2026-08-20T11:02:37.356+00:00,E1,,E1bP,2,1,,1,"the washroom got on fire, help me find something to stop the fire",en,L3a_m3_preference,0,no,8,cb202,8,mission_complete,True,0.044,1.756,2.0571,1.4252,-1.4718,2.1924,0.0435,-1.4846,True,0.028464,0.12731552124023438,0.0,21.33,0,[],True,ALLOW: all checks passed,vlm_landmark,landmark,True,HIGH,ok,1e750e376384b9018b536a1728d123ae,True,6,loaded,0fd61f9e82e8fe6991f0311014384e0c,2026-04-23T10:19:36.377832Z,True,460,153.12,day1_20260820/logs/20260820_140207/mission_1_cb202/start.jpg,2c3db97077392e6dfbe8334e5f44d80c,day1_20260820/logs/20260820_140207/mission_1_cb202/finish.jpg,298b2ff920c13406cb7368c423971bc4
day1_20260820,20260820_141007,day1_20260820/logs/audit_20260820_141007.jsonl,xplorer-c,1,2026-08-20T11:10:34.697+00:00,E1,,E1bP,1,1,,1,"the washroom got on fire, help me find something to stop the fire",en,L3a_m3_preference,0,no,8,cb202,8,mission_complete,True,0.156,1.877,2.1513,1.9242,-1.4863,2.1619,0.1517,-1.5421,True,0.04098,0.1480579376220703,0.0,19.0,0,[],True,ALLOW: all checks passed,vlm_landmark,landmark,True,HIGH,ok,1e750e376384b9018b536a1728d123ae,True,6,loaded,0fd61f9e82e8fe6991f0311014384e0c,2026-04-23T10:19:36.377832Z,True,460,141.3,day1_20260820/logs/20260820_141007/mission_1_cb202/start.jpg,264c6f2062c1d16cf9c8a9d799fc0ccc,day1_20260820/logs/20260820_141007/mission_1_cb202/finish.jpg,1ebcf34c02d5033bf9e95271b88fd016
day1_20260820,20260820_141131,day1_20260820/logs/audit_20260820_141131.jsonl,xplorer-c,1,2026-08-20T11:11:55.964+00:00,E1,,E1bP,2,1,,1,"the washroom got on fire, help me find something to stop the fire",en,L3a_m3_preference,0,no,8,cb202,8,mission_complete,True,0.185,1.69,2.2684,1.6692,-1.5078,2.1782,0.1842,-1.5857,True,0.044281,0.12993812561035156,0.0,15.63,0,[],True,ALLOW: all checks passed,vlm_landmark,landmark,True,HIGH,ok,1e750e376384b9018b536a1728d123ae,True,6,loaded,0fd61f9e82e8fe6991f0311014384e0c,2026-04-23T10:19:36.377832Z,True,460,134.71,day1_20260820/logs/20260820_141131/mission_1_cb202/start.jpg,f23bce21d8dcd13da3cc204e2f9756ea,day1_20260820/logs/20260820_141131/mission_1_cb202/finish.jpg,e76d17cfe255f2c6e11a806599e80d19
day1_20260820,20260820_141656,day1_20260820/logs/audit_20260820_141656.jsonl,xplorer-c,1,2026-08-20T11:17:30.867+00:00,E1,,E1bA,1,1,,1,"the washroom got on fire, help me find something to stop the fire",en,L3a_m3_preference,0,no,8,cb202,8,mission_complete,True,0.066,1.809,2.2142,1.5379,-1.4943,2.1937,-0.0655,-1.4677,True,0.031807,0.1385211944580078,0.0,22.85,0,[],True,ALLOW: all checks passed,vlm_landmark,landmark,False,LOW,ok,1e750e376384b9018b536a1728d123ae,True,6,loaded,0fd61f9e82e8fe6991f0311014384e0c,2026-04-23T10:19:36.377832Z,True,460,141.3,day1_20260820/logs/20260820_141656/mission_1_cb202/start.jpg,4cce801e72a01acc058268d6e7013ddb,day1_20260820/logs/20260820_141656/mission_1_cb202/finish.jpg,ef7219dd52b4ab9a637951f5bfce6b11
day1_20260820,20260820_141906,day1_20260820/logs/audit_20260820_141906.jsonl,xplorer-c,1,2026-08-20T11:19:37.699+00:00,E1,,E1bA,2,1,,1,"the washroom got on fire, help me find something to stop the fire",en,L3a_m3_preference,0,no,8,cb202,8,mission_complete,True,0.1,1.862,2.2783,1.5257,-1.5811,2.2999,0.0023,-1.5399,True,0.022778,0.12373924255371094,0.0,19.75,0,[],True,ALLOW: all checks passed,vlm_landmark,landmark,False,LOW,ok,1e750e376384b9018b536a1728d123ae,True,6,loaded,0fd61f9e82e8fe6991f0311014384e0c,2026-04-23T10:19:36.377832Z,True,460,143.9,day1_20260820/logs/20260820_141906/mission_1_cb202/start.jpg,2afd4bd7c84d05ef106e6ce6e86dc7ae,day1_20260820/logs/20260820_141906/mission_1_cb202/finish.jpg,8697c44ad39e69c2dfcc8425c5335729
day1_20260820,20260820_142701,day1_20260820/logs/audit_20260820_142701.jsonl,xplorer-b,1,2026-08-20T11:27:31.651+00:00,E1,,E1bA,1,1,,1,"the washroom got on fire, help me find something to stop the fire",en,L3a_m3_preference,0,no,8,cb202,8,mission_complete,True,0.173,1.925,2.1685,1.881,-1.5168,2.195,0.1728,-1.5783,True,0.059396,0.15306472778320312,0.0,18.4,0,[],True,ALLOW: all checks passed,vlm_landmark,landmark,False,LOW,ok,1e750e376384b9018b536a1728d123ae,True,6,loaded,0fd61f9e82e8fe6991f0311014384e0c,2026-04-23T10:19:36.377832Z,True,460,139.31,day1_20260820/logs/20260820_142701/mission_1_cb202/start.jpg,1065ae362cb36427a74604cee66c2822,day1_20260820/logs/20260820_142701/mission_1_cb202/finish.jpg,798aa0f5145f70966be67b6a6afaff53
day1_20260820,20260820_142805,day1_20260820/logs/audit_20260820_142805.jsonl,xplorer-b,1,2026-08-20T11:28:27.733+00:00,E1,,E1bA,2,1,,1,"the washroom got on fire, help me find something to stop the fire",en,L3a_m3_preference,0,no,8,cb202,8,mission_complete,True,0.152,1.624,2.2933,1.6192,-1.8316,2.2762,0.1315,-1.5444,True,0.049999,0.1304149627685547,0.0,14.55,0,[],True,ALLOW: all checks passed,vlm_landmark,landmark,False,LOW,ok,1e750e376384b9018b536a1728d123ae,True,6,loaded,0fd61f9e82e8fe6991f0311014384e0c,2026-04-23T10:19:36.377832Z,True,460,127.29,day1_20260820/logs/20260820_142805/mission_1_cb202/start.jpg,c66a610f0f4f8ba98d46119f3023adc8,day1_20260820/logs/20260820_142805/mission_1_cb202/finish.jpg,1eca7aa4e902b4a418ae4f810226e0b7
day1_20260820,20260820_143504,day1_20260820/logs/audit_20260820_143504.jsonl,xplorer-b,1,2026-08-20T11:35:31.612+00:00,E1,,E1c,1,1,,1,go to lab_cb204,en,L3a_deterministic,2,no,5,cb204,5,mission_complete,True,0.212,3.618,2.3706,1.5778,1.7921,2.2454,4.5926,1.5746,True,0.046678,0.3669261932373047,0.0,22.2,0,[],True,ALLOW: all checks passed,vlm_contextual,contextual,True,HIGH,ok,f594f968a1a3fef04c3095d9df17baa9,False,6,loaded,0fd61f9e82e8fe6991f0311014384e0c,2026-04-23T10:19:36.377832Z,True,460,138.18,day1_20260820/logs/20260820_143504/mission_1_cb204/start.jpg,978528a6cbe3727452476a08f6085df6,day1_20260820/logs/20260820_143504/mission_1_cb204/finish.jpg,34d1dbced07c6a419355b3e711e2adba
day1_20260820,20260820_143557,day1_20260820/logs/audit_20260820_143557.jsonl,xplorer-b,1,2026-08-20T11:36:29.474+00:00,E1,,E1c,2,1,,1,go to lab_cb204,en,L3a_deterministic,2,no,5,cb204,5,mission_complete,True,0.243,3.45,2.2046,1.5007,1.5798,2.2311,4.5586,1.5886,True,0.049316,0.3151893615722656,0.0,19.66,0,[],True,ALLOW: all checks passed,vlm_contextual,contextual,True,HIGH,ok,f594f968a1a3fef04c3095d9df17baa9,False,6,loaded,0fd61f9e82e8fe6991f0311014384e0c,2026-04-23T10:19:36.377832Z,True,460,143.11,day1_20260820/logs/20260820_143557/mission_1_cb204/start.jpg,eb4673cacaa90f855ee93de9f8b1d5b8,day1_20260820/logs/20260820_143557/mission_1_cb204/finish.jpg,e6042c1111ecf35f55e43925a3c84c83
day1_20260820,20260820_143644,day1_20260820/logs/audit_20260820_143644.jsonl,xplorer-b,1,2026-08-20T11:37:14.455+00:00,E1,,E1c,3,1,,1,go to lab_cb204,en,L3a_deterministic,2,no,5,cb204,5,mission_complete,True,0.201,3.536,2.31,1.6596,1.6155,2.0415,4.6757,1.6046,True,0.048011,0.3762245178222656,0.0,20.23,0,[],True,ALLOW: all checks passed,vlm_contextual,contextual,True,HIGH,ok,f594f968a1a3fef04c3095d9df17baa9,False,6,loaded,0fd61f9e82e8fe6991f0311014384e0c,2026-04-23T10:19:36.377832Z,True,460,149.61,day1_20260820/logs/20260820_143644/mission_1_cb204/start.jpg,bab9943840d288fc07742dc3404a291e,day1_20260820/logs/20260820_143644/mission_1_cb204/finish.jpg,70aa860c820ab6394e81a82e2bb2941b
day1_20260820,20260820_143732,day1_20260820/logs/audit_20260820_143732.jsonl,xplorer-b,1,2026-08-20T11:37:57.454+00:00,E1,,E1c,4,1,,1,go to lab_cb204,en,L3a_deterministic,2,no,5,cb204,5,mission_complete,True,0.227,3.497,2.301,1.575,1.6613,2.1031,4.5945,1.6523,True,0.049327,0.39696693420410156,0.0,20.13,0,[],True,ALLOW: all checks passed,vlm_contextual,contextual,True,HIGH,ok,f594f968a1a3fef04c3095d9df17baa9,False,6,loaded,0fd61f9e82e8fe6991f0311014384e0c,2026-04-23T10:19:36.377832Z,True,460,141.99,day1_20260820/logs/20260820_143732/mission_1_cb204/start.jpg,454e11faabf542320998041a94aa13e0,day1_20260820/logs/20260820_143732/mission_1_cb204/finish.jpg,b0d9ac618f1fd511dacd149d03b5a57f
day1_20260820,20260820_144036,day1_20260820/logs/audit_20260820_144036.jsonl,xplorer-c,1,2026-08-20T11:41:01.290+00:00,E1,,E1c,1,1,,1,go to lab_cb204,en,L3a_deterministic,2,no,5,cb204,5,mission_complete,True,0.168,3.337,2.3365,1.7259,1.5732,2.2091,4.6324,1.4985,True,0.069297,0.39315223693847656,0.0,19.07,0,[],True,ALLOW: all checks passed,vlm_contextual,contextual,True,HIGH,ok,f594f968a1a3fef04c3095d9df17baa9,False,6,loaded,0fd61f9e82e8fe6991f0311014384e0c,2026-04-23T10:19:36.377832Z,True,460,147.65,day1_20260820/logs/20260820_144036/mission_1_cb204/start.jpg,e9cf25b6dec5bd46d266824bcbfb2c1c,day1_20260820/logs/20260820_144036/mission_1_cb204/finish.jpg,48dfe57a94a19a56d3c808edee973425
day1_20260820,20260820_144134,day1_20260820/logs/audit_20260820_144134.jsonl,xplorer-c,1,2026-08-20T11:42:12.580+00:00,E1,,E1c,2,1,,1,go to lab_cb204,en,L3a_deterministic,2,no,5,cb204,5,mission_complete,True,0.213,3.288,2.2468,1.6505,1.5207,2.1835,4.5877,1.607,True,0.065567,0.3991127014160156,0.0,19.64,0,[],True,ALLOW: all checks passed,vlm_contextual,contextual,True,HIGH,ok,f594f968a1a3fef04c3095d9df17baa9,False,6,loaded,0fd61f9e82e8fe6991f0311014384e0c,2026-04-23T10:19:36.377832Z,True,460,138.95,day1_20260820/logs/20260820_144134/mission_1_cb204/start.jpg,9c05a5875672717131d975d70b5e2392,day1_20260820/logs/20260820_144134/mission_1_cb204/finish.jpg,960ac650f5c57d7f7a1433a57cb64236
day1_20260820,20260820_144235,day1_20260820/logs/audit_20260820_144235.jsonl,xplorer-c,1,2026-08-20T11:43:02.595+00:00,E1,,E1c,3,1,,1,go to lab_cb204,en,L3a_deterministic,2,no,5,cb204,5,mission_complete,True,0.104,3.411,2.24,1.6215,1.5997,2.2276,4.6996,1.556,True,0.059885,0.3838539123535156,0.0,19.4,0,[],True,ALLOW: all checks passed,vlm_contextual,contextual,True,HIGH,ok,f594f968a1a3fef04c3095d9df17baa9,False,6,loaded,0fd61f9e82e8fe6991f0311014384e0c,2026-04-23T10:19:36.377832Z,True,460,148.88,day1_20260820/logs/20260820_144235/mission_1_cb204/start.jpg,f6741ec59256d8a7e9a670ade424d006,day1_20260820/logs/20260820_144235/mission_1_cb204/finish.jpg,df8f273e0440ced8189e27c82a3bb362
day1_20260820,20260820_144319,day1_20260820/logs/audit_20260820_144319.jsonl,xplorer-c,1,2026-08-20T11:43:47.097+00:00,E1,,E1c,4,1,,1,go to lab_cb204,en,L3a_deterministic,2,no,5,cb204,5,mission_complete,True,0.203,3.309,2.2982,1.7205,1.5817,2.2053,4.5968,1.5685,True,0.066486,0.38433074951171875,0.0,18.54,0,[],True,ALLOW: all checks passed,vlm_contextual,contextual,True,HIGH,ok,f594f968a1a3fef04c3095d9df17baa9,False,6,loaded,0fd61f9e82e8fe6991f0311014384e0c,2026-04-23T10:19:36.377832Z,True,460,148.79,day1_20260820/logs/20260820_144319/mission_1_cb204/start.jpg,ce869315c159f987907a3b90bfe426e4,day1_20260820/logs/20260820_144319/mission_1_cb204/finish.jpg,500eb95fec4fd1dd69636dd993690c03
day1_20260820,20260820_144526,day1_20260820/logs/audit_20260820_144526.jsonl,xplorer-c,1,2026-08-20T11:46:01.981+00:00,E1,,E1d,1,1,,1,Take me to the closest plant,en,L3a_deterministic,6,no,19,plant_3,,mission_complete,True,0.134,6.06,2.388,1.6747,0.0915,6.4903,-0.7796,-1.5577,True,0.037587,0.5016326904296875,0.0,30.14,0,[],True,ALLOW: all checks passed,vlm_landmark,landmark,False,MEDIUM,ok,35a4edab17bfe1c82d8bc853388d482d,False,6,loaded,0fd61f9e82e8fe6991f0311014384e0c,2026-04-23T10:19:36.377832Z,True,460,138.25,day1_20260820/logs/20260820_144526/mission_1_plant_3/start.jpg,f4231c12f41d5165e6df04a964102038,day1_20260820/logs/20260820_144526/mission_1_plant_3/finish.jpg,d2822e58ab130152f1435d07524dda6a
day1_20260820,20260820_144633,day1_20260820/logs/audit_20260820_144633.jsonl,xplorer-c,1,2026-08-20T11:47:37.568+00:00,E1,,E1d,2,1,,1,Take me to the closest plant,en,L3a_deterministic,6,no,19,plant_3,,mission_complete,True,0.306,6.039,2.3513,1.7502,-0.02,6.2898,-0.7388,-1.6137,True,0.028536,0.4887580871582031,0.0,53.3,0,[],True,ALLOW: all checks passed,vlm_landmark,landmark,False,MEDIUM,ok,35a4edab17bfe1c82d8bc853388d482d,False,6,loaded,0fd61f9e82e8fe6991f0311014384e0c,2026-04-23T10:19:36.377832Z,True,460,138.7,day1_20260820/logs/20260820_144633/mission_1_plant_3/start.jpg,c5b3436629e647da1e223dbe01a8f56f,day1_20260820/logs/20260820_144633/mission_1_plant_3/finish.jpg,628b23f64cc117d374ca8c3d1c50da6c
day1_20260820,20260820_145232,day1_20260820/logs/audit_20260820_145232.jsonl,xplorer-b,1,2026-08-20T11:53:17.125+00:00,E1,,E1d,1,1,,1,Take me to the closest plant,en,L3a_deterministic,6,no,19,plant_3,,mission_complete,True,0.161,7.253,2.3658,1.738,-0.0147,6.6357,-0.7642,-1.4787,True,0.032733,0.39005279541015625,0.0,35.54,0,[],True,ALLOW: all checks passed,vlm_landmark,landmark,True,HIGH,ok,35a4edab17bfe1c82d8bc853388d482d,False,6,loaded,0fd61f9e82e8fe6991f0311014384e0c,2026-04-23T10:19:36.377832Z,True,460,143.9,day1_20260820/logs/20260820_145232/mission_1_plant_3/start.jpg,32b2308cfbdd213e80c629e04ceba6ef,day1_20260820/logs/20260820_145232/mission_1_plant_3/finish.jpg,53c263cedc9336f1c999231e97ca5327
day1_20260820,20260820_145354,day1_20260820/logs/audit_20260820_145354.jsonl,xplorer-b,1,2026-08-20T11:54:37.752+00:00,E1,,E1d,2,1,,1,Take me to the closest plant,en,L3a_deterministic,6,no,19,plant_3,,missed,False,4.545,1.477,2.21,1.5478,0.1744,2.1718,0.3198,-1.0552,True,0.019829,0.4591941833496094,0.0,33.99,0,[],True,ALLOW: all checks passed,,,,,,,False,6,loaded,0fd61f9e82e8fe6991f0311014384e0c,2026-04-23T10:19:36.377832Z,True,460,133.26,day1_20260820/logs/20260820_145354/mission_1_plant_3/start.jpg,779f49a91771bd7ba52b3ebcc440e8fe,,
day1_20260820,20260820_145354,day1_20260820/logs/audit_20260820_145354.jsonl,xplorer-b,2,2026-08-20T11:55:06.291+00:00,E1,,E1d,2,2,,1,Take me to the closest plant,en,L3a_deterministic,6,no,19,plant_3,,mission_complete,True,0.241,5.451,2.1718,0.3198,-1.0552,6.5798,-0.6605,-1.4959,True,0.032747,0.3223419189453125,0.0,28.45,0,[],True,ALLOW: all checks passed,vlm_landmark,landmark,True,HIGH,ok,35a4edab17bfe1c82d8bc853388d482d,False,6,loaded,0fd61f9e82e8fe6991f0311014384e0c,2026-04-23T10:19:36.377832Z,True,460,141.43,day1_20260820/logs/20260820_145354/mission_2_plant_3/start.jpg,e2de268cad3ed5f0295fb98f4b75b863,day1_20260820/logs/20260820_145354/mission_2_plant_3/finish.jpg,f17498d366db53714c35eb5426d5e935
day1_20260820,20260820_150456,day1_20260820/logs/audit_20260820_150456.jsonl,xplorer-b,1,2026-08-20T12:05:42.165+00:00,E2,,N01,1,1,,1,do not go to a place to take a short break for personal needs,en,L3b_vlm,,no,5,cb204,,mission_complete,True,0.228,3.324,2.2304,1.7522,-1.4474,2.2,4.5718,1.5658,True,0.046343,0.05078315734863281,11271.13652229309,28.27,0,[],True,ALLOW: all checks passed,vlm_contextual,contextual,True,HIGH,ok,f594f968a1a3fef04c3095d9df17baa9,False,6,loaded,0fd61f9e82e8fe6991f0311014384e0c,2026-04-23T10:19:36.377832Z,True,460,134.84,day1_20260820/logs/20260820_150456/mission_1_cb204/start.jpg,045fb8cb2b4d0c6c5ebe6758b8920ba6,day1_20260820/logs/20260820_150456/mission_1_cb204/finish.jpg,f1a1e5e1e46f97efd4eacdfad2ebba01
day1_20260820,20260820_150614,day1_20260820/logs/audit_20260820_150614.jsonl,xplorer-b,1,2026-08-20T12:06:29.560+00:00,E2,,N02,1,,,1,never go to a place to take a short break for personal needs,en,L3b_vlm_negation_blocked,,no,-1,,,clarification_requested,,,,,,,,,,,,0.057220458984375,11490.936040878296,,0,[],False,negation_detected,,,,,,,,6,loaded,0fd61f9e82e8fe6991f0311014384e0c,2026-04-23T10:19:36.377832Z,True,460,,,,,
day1_20260820,20260820_150652,day1_20260820/logs/audit_20260820_150652.jsonl,xplorer-b,1,2026-08-20T12:07:39.423+00:00,E2,,N03,1,1,,1,"no, go to a place to take a short break for personal needs",en,L3b_vlm,,no,9,radiator,,mission_complete,True,0.191,4.598,1.9143,1.6822,-1.5705,4.6075,-0.6427,-1.4763,True,0.024018,0.05221366882324219,10640.884399414062,29.49,0,[],True,ALLOW: all checks passed,vlm_landmark,landmark,True,HIGH,ok,e089c782ec4bc1b920c344141b688498,False,6,loaded,0fd61f9e82e8fe6991f0311014384e0c,2026-04-23T10:19:36.377832Z,True,460,143.61,day1_20260820/logs/20260820_150652/mission_1_radiator/start.jpg,52a4866c95f8c4161fe52126076f6ad9,day1_20260820/logs/20260820_150652/mission_1_radiator/finish.jpg,d82ff2659dfdd13e4bef16a25d5ac6e4
day1_20260820,20260820_150808,day1_20260820/logs/audit_20260820_150808.jsonl,xplorer-b,1,2026-08-20T12:08:27.607+00:00,E2,,N04,1,,,1,I would not go to a place to take a short break for personal needs,en,L3b_vlm_negation_blocked,,no,-1,,,clarification_requested,,,,,,,,,,,,0.05793571472167969,11403.729438781738,,0,[],False,negation_detected,,,,,,,,6,loaded,0fd61f9e82e8fe6991f0311014384e0c,2026-04-23T10:19:36.377832Z,True,460,,,,,
day1_20260820,20260820_150840,day1_20260820/logs/audit_20260820_150840.jsonl,xplorer-b,1,2026-08-20T12:08:52.117+00:00,E2,,N05,1,,,1,we should not go to a place to take a short break for personal needs,en,L3b_vlm_negation_blocked,,no,-1,,,clarification_requested,,,,,,,,,,,,0.06341934204101562,7002.1727085113525,,0,[],False,negation_detected,,,,,,,,6,loaded,0fd61f9e82e8fe6991f0311014384e0c,2026-04-23T10:19:36.377832Z,True,460,,,,,
day1_20260820,20260820_150904,day1_20260820/logs/audit_20260820_150904.jsonl,xplorer-b,1,2026-08-20T12:09:16.667+00:00,E2,,N06,1,,,1,you may not go to a place to take a short break for personal needs,en,L3b_vlm_negation_blocked,,no,-1,,,clarification_requested,,,,,,,,,,,,0.05507469177246094,6984.687805175781,,0,[],False,negation_detected,,,,,,,,6,loaded,0fd61f9e82e8fe6991f0311014384e0c,2026-04-23T10:19:36.377832Z,True,460,,,,,
day1_20260820,20260820_150931,day1_20260820/logs/audit_20260820_150931.jsonl,xplorer-b,1,2026-08-20T12:10:18.146+00:00,E2,,N07,1,1,,1,it is not a place to take a short break for personal needs,en,L3b_vlm,,no,9,radiator,,mission_complete,True,0.219,4.419,2.1834,1.6879,-1.7088,4.5321,-0.5836,-1.4777,True,0.019183,0.05459785461425781,8223.487615585327,31.48,0,[],True,ALLOW: all checks passed,vlm_landmark,landmark,True,HIGH,ok,e089c782ec4bc1b920c344141b688498,False,6,loaded,0fd61f9e82e8fe6991f0311014384e0c,2026-04-23T10:19:36.377832Z,True,460,129.72,day1_20260820/logs/20260820_150931/mission_1_radiator/start.jpg,065865835dfb5c7b8565a58b51de348e,day1_20260820/logs/20260820_150931/mission_1_radiator/finish.jpg,8db8c26b85119a9932a8568c02ea7755
day1_20260820,20260820_151214,day1_20260820/logs/audit_20260820_151214.jsonl,xplorer-b,1,2026-08-20T12:13:03.693+00:00,E2,,N08,1,1,,1,don't go to a place to take a short break for personal needs,en,L3b_vlm,,no,9,radiator,,mission_complete,True,0.224,4.417,2.2278,1.6731,-1.7078,4.592,-0.5957,-1.531,True,0.026023,0.04673004150390625,12941.874980926514,29.24,0,[],True,ALLOW: all checks passed,vlm_landmark,landmark,True,HIGH,ok,e089c782ec4bc1b920c344141b688498,False,6,loaded,0fd61f9e82e8fe6991f0311014384e0c,2026-04-23T10:19:36.377832Z,True,460,137.96,day1_20260820/logs/20260820_151214/mission_1_radiator/start.jpg,d5f0d7fe9d9e15d480e9199d4d3c7183,day1_20260820/logs/20260820_151214/mission_1_radiator/finish.jpg,4b3403576dfae1ba45e409fc6d59db28
day1_20260820,20260820_151349,day1_20260820/logs/audit_20260820_151349.jsonl,xplorer-b,1,2026-08-20T12:14:14.334+00:00,E2,,N09,1,,,1,Do not take me to the restroom,en,L3b_vlm_negation_blocked,,no,-1,,,clarification_requested,,,,,,,,,,,,0.03719329833984375,11197.855949401855,,0,[],False,negation_detected,,,,,,,,6,loaded,0fd61f9e82e8fe6991f0311014384e0c,2026-04-23T10:19:36.377832Z,True,460,,,,,
day1_20260820,20260820_151423,day1_20260820/logs/audit_20260820_151423.jsonl,xplorer-b,1,2026-08-20T12:14:40.528+00:00,E2,,N10,1,,,1,nu ma duce la toaleta,ro,L3b_vlm_negation_blocked,,no,-1,,,clarification_requested,,,,,,,,,,,,0.0400543212890625,7310.075759887695,,0,[],False,negation_detected,,,,,,,,6,loaded,0fd61f9e82e8fe6991f0311014384e0c,2026-04-23T10:19:36.377832Z,True,460,,,,,
day1_20260820,20260820_151458,day1_20260820/logs/audit_20260820_151458.jsonl,xplorer-b,1,2026-08-20T12:15:38.111+00:00,E2,,X01,1,1,,1,take me anywhere except the restroom,en,L3b_vlm,,no,9,radiator,,missed,False,2.696,1.01,2.2337,1.5393,-1.5775,2.3129,0.7768,-1.2955,True,0.035066,0.043392181396484375,7603.793382644653,27.06,0,[],True,ALLOW: all checks passed,,,,,,,False,6,loaded,0fd61f9e82e8fe6991f0311014384e0c,2026-04-23T10:19:36.377832Z,True,460,141.46,day1_20260820/logs/20260820_151458/mission_1_radiator/start.jpg,ef28cd0295bff35016d950b5374c8716,,
day1_20260820,20260820_151458,day1_20260820/logs/audit_20260820_151458.jsonl,xplorer-b,2,2026-08-20T12:16:11.504+00:00,E2,,X01,1,2,,1,take me anywhere except the restroom,en,L3b_vlm,,no,9,radiator,,mission_complete,True,0.173,3.106,2.3129,0.7768,-1.2955,4.5358,-0.6311,-1.492,True,0.028847,0.044345855712890625,7454.178810119629,25.83,0,[],True,ALLOW: all checks passed,vlm_landmark,landmark,True,HIGH,ok,e089c782ec4bc1b920c344141b688498,False,6,loaded,0fd61f9e82e8fe6991f0311014384e0c,2026-04-23T10:19:36.377832Z,True,460,142.38,day1_20260820/logs/20260820_151458/mission_2_radiator/start.jpg,06bf65000b8408a31006f5af45e36246,day1_20260820/logs/20260820_151458/mission_2_radiator/finish.jpg,b2fa4bcf51cb4f70248f73df241b0236
day1_20260820,20260820_151704,day1_20260820/logs/audit_20260820_151704.jsonl,xplorer-b,1,2026-08-20T12:17:24.300+00:00,E2,,X02,1,,,1,take me somewhere other than the restroom,en,L3b_vlm_negation_blocked,,no,-1,,,clarification_requested,,,,,,,,,,,,0.05054473876953125,12077.495813369751,,0,[],False,negation_detected,,,,,,,,6,loaded,0fd61f9e82e8fe6991f0311014384e0c,2026-04-23T10:19:36.377832Z,True,460,,,,,
day1_20260820,20260820_151743,day1_20260820/logs/audit_20260820_151743.jsonl,xplorer-b,1,2026-08-20T12:18:10.262+00:00,E2,,X03,1,,,1,"du-ma altundeva, nu la toaleta",ro,escalated,,yes,,,,vlm_failed,,,,,,,,,,,,0.05650520324707031,,,0,[],False,negation_detected,,,,,,,,6,loaded,0fd61f9e82e8fe6991f0311014384e0c,2026-04-23T10:19:36.377832Z,True,460,,,,,
day1_20260820,20260820_151916,day1_20260820/logs/audit_20260820_151916.jsonl,xplorer-b,1,2026-08-20T12:19:56.222+00:00,E2,,X04,1,1,,1,go anywhere but cb204,en,L3b_vlm,,no,9,radiator,,mission_complete,True,0.188,4.506,2.2592,1.6756,-1.7164,4.6431,-0.6788,-1.4362,True,0.02392,0.0762939453125,8289.350986480713,26.86,0,[],True,ALLOW: all checks passed,vlm_landmark,landmark,True,HIGH,ok,e089c782ec4bc1b920c344141b688498,False,6,loaded,0fd61f9e82e8fe6991f0311014384e0c,2026-04-23T10:19:36.377832Z,True,460,134.53,day1_20260820/logs/20260820_151916/mission_1_radiator/start.jpg,f48ff8d82bad03d2cc0a883b591904f9,day1_20260820/logs/20260820_151916/mission_1_radiator/finish.jpg,fb6e06753301d6ba2079739e96383d33
day1_20260820,20260820_152059,day1_20260820/logs/audit_20260820_152059.jsonl,xplorer-b,1,2026-08-20T12:21:16.398+00:00,E2,,X01,2,,,1,take me anywhere except the restroom,en,L3b_vlm_negation_blocked,,no,-1,,,clarification_requested,,,,,,,,,,,,0.04744529724121094,11798.026084899902,,0,[],False,negation_detected,,,,,,,,6,loaded,0fd61f9e82e8fe6991f0311014384e0c,2026-04-23T10:19:36.377832Z,True,460,,,,,
day1_20260820,20260820_152130,day1_20260820/logs/audit_20260820_152130.jsonl,xplorer-b,1,2026-08-20T12:22:13.397+00:00,E2,,X02,2,1,,1,take me somewhere other than the restroom,en,L3b_vlm,,no,9,radiator,,mission_complete,True,0.133,4.623,2.1747,1.8002,-1.4844,4.5576,-0.6799,-1.4564,True,0.030198,0.04029273986816406,7197.081565856934,29.97,0,[],True,ALLOW: all checks passed,vlm_landmark,landmark,True,HIGH,ok,e089c782ec4bc1b920c344141b688498,False,6,loaded,0fd61f9e82e8fe6991f0311014384e0c,2026-04-23T10:19:36.377832Z,True,460,141.9,day1_20260820/logs/20260820_152130/mission_1_radiator/start.jpg,9a0f97108c8dd12c0c99b8b640fe64b6,day1_20260820/logs/20260820_152130/mission_1_radiator/finish.jpg,40ad11c60dc662f4da5d0f9a9cfb5721
day1_20260820,20260820_152237,day1_20260820/logs/audit_20260820_152237.jsonl,xplorer-b,1,2026-08-20T12:23:27.154+00:00,E2,,X03,2,1,,1,"du-ma altundeva, nu la toaleta",ro,L3b_vlm,,no,9,radiator,,mission_complete,True,0.194,4.58,2.1889,1.6152,-1.3806,4.5541,-0.6142,-1.4568,True,0.028333,0.10848045349121094,14560.445547103882,30.09,0,[],True,ALLOW: all checks passed,vlm_landmark,landmark,True,HIGH,ok,e089c782ec4bc1b920c344141b688498,False,6,loaded,0fd61f9e82e8fe6991f0311014384e0c,2026-04-23T10:19:36.377832Z,True,460,135.85,day1_20260820/logs/20260820_152237/mission_1_radiator/start.jpg,b87c42f6926d0a924d66905eef2ef5c3,day1_20260820/logs/20260820_152237/mission_1_radiator/finish.jpg,aae78b8fa6ae75cc7b510e236b949ad5
day1_20260820,20260820_152411,day1_20260820/logs/audit_20260820_152411.jsonl,xplorer-b,1,2026-08-20T12:24:30.050+00:00,E2,,X04,2,,,1,go anywhere but cb204,en,L3b_vlm_negation_blocked,,no,-1,,,clarification_requested,,,,,,,,,,,,0.03910064697265625,12268.333196640015,,0,[],False,negation_detected,,,,,,,,6,loaded,0fd61f9e82e8fe6991f0311014384e0c,2026-04-23T10:19:36.377832Z,True,460,,,,,
day1_20260820,20260820_152450,day1_20260820/logs/audit_20260820_152450.jsonl,xplorer-b,1,2026-08-20T12:25:23.118+00:00,E2,,C01,1,1,,1,"lab cb203 got on fire, help me find something to stop the fire",en,L3b_vlm,,no,8,cb202,23,mission_complete,True,0.186,1.704,2.1393,1.6946,-1.7207,2.2387,0.1822,-1.5623,True,0.057029,0.5788803100585938,7089.633464813232,19.19,0,[],True,ALLOW: all checks passed,vlm_landmark,landmark,True,HIGH,ok,1e750e376384b9018b536a1728d123ae,False,6,loaded,0fd61f9e82e8fe6991f0311014384e0c,2026-04-23T10:19:36.377832Z,True,460,134.03,day1_20260820/logs/20260820_152450/mission_1_cb202/start.jpg,2bb0c3061bb81d0a1f638ac0703fd60a,day1_20260820/logs/20260820_152450/mission_1_cb202/finish.jpg,df02da3450794c62bfc6fe10768f83bb
day1_20260820,20260820_152555,day1_20260820/logs/audit_20260820_152555.jsonl,xplorer-b,1,2026-08-20T12:26:25.707+00:00,E2,,C02,1,1,,1,"lab cb204 got on fire, help me find something to stop the fire",en,L3a_deterministic,2,no,5,cb204,5,mission_complete,True,0.223,3.479,2.2041,1.481,-1.5474,2.1925,4.5768,1.5864,True,0.060462,0.42510032653808594,0.0,24.02,0,[],True,ALLOW: all checks passed,vlm_contextual,contextual,True,HIGH,ok,f594f968a1a3fef04c3095d9df17baa9,False,6,loaded,0fd61f9e82e8fe6991f0311014384e0c,2026-04-23T10:19:36.377832Z,True,460,144.65,day1_20260820/logs/20260820_152555/mission_1_cb204/start.jpg,c48ff92802d60961c1e3c9eeff886619,day1_20260820/logs/20260820_152555/mission_1_cb204/finish.jpg,d3d9233d6f910bdcd1d965f498137d50
day1_20260820,20260820_152656,day1_20260820/logs/audit_20260820_152656.jsonl,xplorer-b,1,2026-08-20T12:27:16.205+00:00,E2,,A01,1,1,,1,go to a place to take a short break for personal needs,en,L3a_m3_preference,0,no,0,toilet_m,0,mission_complete,True,0.254,3.361,2.3042,1.7213,-1.5073,0.754,0.0087,3.1232,True,0.063141,0.1285076141357422,0.0,13.08,0,[],True,ALLOW: all checks passed,pose_based,none,True,HIGH,,,True,6,loaded,0fd61f9e82e8fe6991f0311014384e0c,2026-04-23T10:19:36.377832Z,True,460,136.15,day1_20260820/logs/20260820_152656/mission_1_toilet_m/start.jpg,9cd3889b6ad32484fcc68fda43efaa87,day1_20260820/logs/20260820_152656/mission_1_toilet_m/finish.jpg,1d69844b061bb4f98078fd515666d96b
day1_20260820,20260820_152803,day1_20260820/logs/audit_20260820_152803.jsonl,xplorer-b,1,2026-08-20T12:28:31.315+00:00,E2,,A02,1,1,,1,"the washroom got on fire, help me find something to stop the fire",en,L3a_m3_preference,0,no,8,cb202,8,mission_complete,True,0.147,2.063,2.0515,1.6469,-1.7208,2.3465,-0.0004,-1.5143,True,0.031006,0.13589859008789062,0.0,21.05,0,[],True,ALLOW: all checks passed,vlm_landmark,landmark,True,HIGH,ok,1e750e376384b9018b536a1728d123ae,True,6,loaded,0fd61f9e82e8fe6991f0311014384e0c,2026-04-23T10:19:36.377832Z,True,460,144.01,day1_20260820/logs/20260820_152803/mission_1_cb202/start.jpg,dbbc971d4d0023e1bcf281cf375955a7,day1_20260820/logs/20260820_152803/mission_1_cb202/finish.jpg,cce6674d23ddcffb0c9ea595f12ebdda
day1_20260820,20260820_153008,day1_20260820/logs/audit_20260820_153008.jsonl,xplorer-b,1,2026-08-20T12:30:41.649+00:00,E2,,A03,1,1,,1,go to cb204,en,L3a_deterministic,2,no,5,cb204,5,mission_complete,True,0.134,3.323,2.2936,1.7202,-1.4738,2.1992,4.6657,1.5777,True,0.058989,0.7803440093994141,0.0,23.29,0,[],True,ALLOW: all checks passed,vlm_contextual,contextual,True,HIGH,ok,f594f968a1a3fef04c3095d9df17baa9,False,6,loaded,0fd61f9e82e8fe6991f0311014384e0c,2026-04-23T10:19:36.377832Z,True,460,141.73,day1_20260820/logs/20260820_153008/mission_1_cb204/start.jpg,36d8a6937aedab7c89a9e093b4958a30,day1_20260820/logs/20260820_153008/mission_1_cb204/finish.jpg,1289c22f8cc3528203fbe24c71d508e7
day1_20260820,20260820_153622,day1_20260820/logs/audit_20260820_153622.jsonl,xplorer-c,1,2026-08-20T12:36:38.201+00:00,E2,,N01,1,,,1,do not go to a place to take a short break for personal needs,en,L3b_vlm_negation_blocked,,no,-1,,,clarification_requested,,,,,,,,,,,,0.06437301635742188,10326.3258934021,,0,[],False,negation_detected,,,,,,,,6,loaded,0fd61f9e82e8fe6991f0311014384e0c,2026-04-23T10:19:36.377832Z,True,460,,,,,
day1_20260820,20260820_153654,day1_20260820/logs/audit_20260820_153654.jsonl,xplorer-c,1,2026-08-20T12:37:06.144+00:00,E2,,N02,1,,,1,never go to a place to take a short break for personal needs,en,L3b_vlm_negation_blocked,,no,-1,,,clarification_requested,,,,,,,,,,,,0.05936622619628906,7104.589223861694,,0,[],False,negation_detected,,,,,,,,6,loaded,0fd61f9e82e8fe6991f0311014384e0c,2026-04-23T10:19:36.377832Z,True,460,,,,,
day1_20260820,20260820_153723,day1_20260820/logs/audit_20260820_153723.jsonl,xplorer-c,1,2026-08-20T12:38:33.761+00:00,E2,,N03,1,1,,1,"no, go to a place to take a short break for personal needs",en,L3b_vlm,,no,9,radiator,,mission_complete,True,0.17,4.909,2.2168,2.0583,-1.6264,4.3522,-0.7156,-1.6352,True,0.035336,0.057220458984375,11388.79108428955,53.1,0,[],True,ALLOW: all checks passed,vlm_landmark,landmark,True,HIGH,ok,e089c782ec4bc1b920c344141b688498,False,6,loaded,0fd61f9e82e8fe6991f0311014384e0c,2026-04-23T10:19:36.377832Z,True,460,138.95,day1_20260820/logs/20260820_153723/mission_1_radiator/start.jpg,318e85124aa80d231e70e158e0bd299b,day1_20260820/logs/20260820_153723/mission_1_radiator/finish.jpg,f6f421f219d977fb82a8369d329c6a8d
day1_20260820,20260820_153859,day1_20260820/logs/audit_20260820_153859.jsonl,xplorer-c,1,2026-08-20T12:39:15.491+00:00,E2,,N04,1,,,1,I would not go to a place to take a short break for personal needs,en,L3b_vlm_negation_blocked,,no,-1,,,clarification_requested,,,,,,,,,,,,0.050067901611328125,11537.660360336304,,0,[],False,negation_detected,,,,,,,,6,loaded,0fd61f9e82e8fe6991f0311014384e0c,2026-04-23T10:19:36.377832Z,True,460,,,,,
day1_20260820,20260820_153927,day1_20260820/logs/audit_20260820_153927.jsonl,xplorer-c,1,2026-08-20T12:39:40.822+00:00,E2,,N05,1,,,1,we should not go to a place to take a short break for personal needs,en,L3b_vlm_negation_blocked,,no,-1,,,clarification_requested,,,,,,,,,,,,0.12993812561035156,7308.5479736328125,,0,[],False,negation_detected,,,,,,,,6,loaded,0fd61f9e82e8fe6991f0311014384e0c,2026-04-23T10:19:36.377832Z,True,460,,,,,
day1_20260820,20260820_153951,day1_20260820/logs/audit_20260820_153951.jsonl,xplorer-c,1,2026-08-20T12:40:03.645+00:00,E2,,N06,1,,,1,you may not go to a place to take a short break for personal needs,en,L3b_vlm_negation_blocked,,no,-1,,,clarification_requested,,,,,,,,,,,,0.05602836608886719,7218.548536300659,,0,[],False,negation_detected,,,,,,,,6,loaded,0fd61f9e82e8fe6991f0311014384e0c,2026-04-23T10:19:36.377832Z,True,460,,,,,
day1_20260820,20260820_154012,day1_20260820/logs/audit_20260820_154012.jsonl,xplorer-c,1,2026-08-20T12:40:24.401+00:00,E2,,N07,1,,,1,it is not a place to take a short break for personal needs,en,L3b_vlm_negation_blocked,,no,-1,,,clarification_requested,,,,,,,,,,,,0.09703636169433594,7568.3605670928955,,0,[],False,negation_detected,,,,,,,,6,loaded,0fd61f9e82e8fe6991f0311014384e0c,2026-04-23T10:19:36.377832Z,True,460,,,,,
day1_20260820,20260820_154029,day1_20260820/logs/audit_20260820_154029.jsonl,xplorer-c,1,2026-08-20T12:41:00.869+00:00,E2,,N08,1,1,,1,don't go to a place to take a short break for personal needs,en,L3b_vlm,,no,1,hall_entry,,mission_complete,True,0.153,1.918,2.3281,1.6553,-1.7044,0.6513,1.6745,-3.1208,True,0.076183,0.04744529724121094,8404.711961746216,10.36,0,[],True,ALLOW: all checks passed,,,,,,,False,6,loaded,0fd61f9e82e8fe6991f0311014384e0c,2026-04-23T10:19:36.377832Z,True,460,140.41,day1_20260820/logs/20260820_154029/mission_1_hall_entry/start.jpg,1cb47ee03a45acdf9dc67e5aa713a14c,,
day1_20260820,20260820_154142,day1_20260820/logs/audit_20260820_154142.jsonl,xplorer-c,1,2026-08-20T12:41:56.611+00:00,E2,,N09,1,,,1,Do not take me to the restroom,en,L3b_vlm_negation_blocked,,no,-1,,,clarification_requested,,,,,,,,,,,,0.056743621826171875,6992.594242095947,,0,[],False,negation_detected,,,,,,,,6,loaded,0fd61f9e82e8fe6991f0311014384e0c,2026-04-23T10:19:36.377832Z,True,460,,,,,
day1_20260820,20260820_154206,day1_20260820/logs/audit_20260820_154206.jsonl,xplorer-c,1,2026-08-20T12:42:19.094+00:00,E2,,N10,1,,,1,nu ma duce la toaleta,ro,L3b_vlm_negation_blocked,,no,-1,,,clarification_requested,,,,,,,,,,,,0.042438507080078125,7154.951572418213,,0,[],False,negation_detected,,,,,,,,6,loaded,0fd61f9e82e8fe6991f0311014384e0c,2026-04-23T10:19:36.377832Z,True,460,,,,,
day1_20260820,20260820_154234,day1_20260820/logs/audit_20260820_154234.jsonl,xplorer-c,1,2026-08-20T12:42:53.763+00:00,E2,,X01,1,,,1,take me anywhere except the restroom,en,escalated,,yes,,,,vlm_failed,,,,,,,,,,,,0.04076957702636719,,,0,[],False,negation_detected,,,,,,,,6,loaded,0fd61f9e82e8fe6991f0311014384e0c,2026-04-23T10:19:36.377832Z,True,460,,,,,
day1_20260820,20260820_154348,day1_20260820/logs/audit_20260820_154348.jsonl,xplorer-c,1,2026-08-20T12:44:02.620+00:00,E2,,X02,1,,,1,take me somewhere other than the restroom,en,L3b_vlm_negation_blocked,,no,-1,,,clarification_requested,,,,,,,,,,,,0.1049041748046875,7499.355316162109,,0,[],False,negation_detected,,,,,,,,6,loaded,0fd61f9e82e8fe6991f0311014384e0c,2026-04-23T10:19:36.377832Z,True,460,,,,,
day1_20260820,20260820_154422,day1_20260820/logs/audit_20260820_154422.jsonl,xplorer-c,1,2026-08-20T12:44:34.517+00:00,E2,,X03,1,,,1,"du-ma altundeva, nu la toaleta",ro,escalated,,yes,,,,vlm_failed,,,,,,,,,,,,0.10180473327636719,,,0,[],False,negation_detected,,,,,,,,6,loaded,0fd61f9e82e8fe6991f0311014384e0c,2026-04-23T10:19:36.377832Z,True,460,,,,,
day1_20260820,20260820_154520,day1_20260820/logs/audit_20260820_154520.jsonl,xplorer-c,1,2026-08-20T12:46:05.998+00:00,E2,,X04,1,1,,1,go anywhere but cb204,en,L3b_vlm,,no,15,junction_e1,,missed,False,4.906,1.43,2.0555,1.7249,-1.6504,2.364,2.2416,1.6004,True,0.04262,0.03600120544433594,7307.174921035767,33.6,0,[],True,ALLOW: all checks passed,,,,,,,False,6,loaded,0fd61f9e82e8fe6991f0311014384e0c,2026-04-23T10:19:36.377832Z,True,460,129.05,day1_20260820/logs/20260820_154520/mission_1_junction_e1/start.jpg,d9b1d7133e5effb0f24c850089a64978,,
day1_20260820,20260820_154520,day1_20260820/logs/audit_20260820_154520.jsonl,xplorer-c,2,2026-08-20T12:46:30.082+00:00,E2,,X04,1,2,,1,go anywhere but cb204,en,L3b_vlm,,no,9,radiator,,missed,False,6.485,3.772,2.364,2.2416,1.6004,0.1006,3.9642,-2.7439,True,0.053727,0.029325485229492188,7386.904239654541,16.63,0,[],True,ALLOW: all checks passed,,,,,,,False,6,loaded,0fd61f9e82e8fe6991f0311014384e0c,2026-04-23T10:19:36.377832Z,True,460,140.59,day1_20260820/logs/20260820_154520/mission_2_radiator/start.jpg,ff83a4820623d7b93f39aed1e6567c3c,,
day1_20260820,20260820_154745,day1_20260820/logs/audit_20260820_154745.jsonl,xplorer-c,1,2026-08-20T12:47:56.227+00:00,E2,,X04,1,,,1,go anywhere but cb204,en,L3b_vlm_negation_blocked,,no,-1,,,clarification_requested,,,,,,,,,,,,0.03361701965332031,7702.455043792725,,0,[],False,negation_detected,,,,,,,,6,loaded,0fd61f9e82e8fe6991f0311014384e0c,2026-04-23T10:19:36.377832Z,True,460,,,,,
day1_20260820,20260820_154819,day1_20260820/logs/audit_20260820_154819.jsonl,xplorer-c,1,2026-08-20T12:48:32.564+00:00,E2,,X01,2,,,1,take me anywhere except the restroom,en,L3b_vlm_negation_blocked,,no,-1,,,clarification_requested,,,,,,,,,,,,0.038623809814453125,7549.240827560425,,0,[],False,negation_detected,,,,,,,,6,loaded,0fd61f9e82e8fe6991f0311014384e0c,2026-04-23T10:19:36.377832Z,True,460,,,,,
day1_20260820,20260820_154847,day1_20260820/logs/audit_20260820_154847.jsonl,xplorer-c,1,2026-08-20T12:49:00.524+00:00,E2,,X02,2,,,1,take me somewhere other than the restroom,en,L3b_vlm_negation_blocked,,no,-1,,,clarification_requested,,,,,,,,,,,,0.09131431579589844,8003.237247467041,,0,[],False,negation_detected,,,,,,,,6,loaded,0fd61f9e82e8fe6991f0311014384e0c,2026-04-23T10:19:36.377832Z,True,460,,,,,
day1_20260820,20260820_154912,day1_20260820/logs/audit_20260820_154912.jsonl,xplorer-c,1,2026-08-20T12:49:31.425+00:00,E2,,X03,2,,,1,"du-ma altundeva, nu la toaleta",ro,escalated,,yes,,,,vlm_failed,,,,,,,,,,,,0.04458427429199219,,,0,[],False,negation_detected,,,,,,,,6,loaded,0fd61f9e82e8fe6991f0311014384e0c,2026-04-23T10:19:36.377832Z,True,460,,,,,
day1_20260820,20260820_155021,day1_20260820/logs/audit_20260820_155021.jsonl,xplorer-c,1,2026-08-20T12:50:33.589+00:00,E2,,X04,2,,,1,go anywhere but cb204,en,L3b_vlm_negation_blocked,,no,-1,,,clarification_requested,,,,,,,,,,,,0.04100799560546875,7812.605381011963,,0,[],False,negation_detected,,,,,,,,6,loaded,0fd61f9e82e8fe6991f0311014384e0c,2026-04-23T10:19:36.377832Z,True,460,,,,,
day1_20260820,20260820_155048,day1_20260820/logs/audit_20260820_155048.jsonl,xplorer-c,1,2026-08-20T12:51:22.198+00:00,E2,,C01,1,1,,1,"lab cb203 got on fire, help me find something to stop the fire",en,L3b_vlm,,no,8,cb202,23,mission_complete,True,0.208,1.95,2.1298,1.9641,-1.58,2.1565,0.2031,-1.4804,True,0.044941,0.4737377166748047,6898.979425430298,21.31,0,[],True,ALLOW: all checks passed,vlm_landmark,landmark,True,HIGH,ok,1e750e376384b9018b536a1728d123ae,False,6,loaded,0fd61f9e82e8fe6991f0311014384e0c,2026-04-23T10:19:36.377832Z,True,460,139.37,day1_20260820/logs/20260820_155048/mission_1_cb202/start.jpg,745bf102d4f10fcd72aaf6711ef1cd1b,day1_20260820/logs/20260820_155048/mission_1_cb202/finish.jpg,42931d47db788f85196cba866dd851b5
day1_20260820,20260820_155138,day1_20260820/logs/audit_20260820_155138.jsonl,xplorer-c,1,2026-08-20T12:52:12.204+00:00,E2,,C02,1,1,,1,"lab cb204 got on fire, help me find something to stop the fire",en,L3a_deterministic,2,no,5,cb204,5,mission_complete,True,0.165,3.872,2.2329,1.5252,-1.3356,2.2156,4.6362,1.663,True,0.055714,0.4165172576904297,0.0,26.51,0,[],True,ALLOW: all checks passed,vlm_contextual,contextual,True,HIGH,ok,f594f968a1a3fef04c3095d9df17baa9,False,6,loaded,0fd61f9e82e8fe6991f0311014384e0c,2026-04-23T10:19:36.377832Z,True,460,132.67,day1_20260820/logs/20260820_155138/mission_1_cb204/start.jpg,586e0a7b71b8c9fe374f199ecd674a0a,day1_20260820/logs/20260820_155138/mission_1_cb204/finish.jpg,469f79d87a50cc7c593b3e05430099b9
day1_20260820,20260820_155310,day1_20260820/logs/audit_20260820_155310.jsonl,xplorer-c,1,2026-08-20T12:53:38.365+00:00,E2,,A01,1,1,,1,go to a place to take a short break for personal needs,en,L3a_m3_preference,0,no,0,toilet_m,0,mission_complete,True,0.1,3.303,2.3087,1.5698,-1.4993,0.5973,0.0227,-3.0285,True,0.06713,0.14901161193847656,0.0,12.21,0,[],True,ALLOW: all checks passed,pose_based,none,True,HIGH,,,True,6,loaded,0fd61f9e82e8fe6991f0311014384e0c,2026-04-23T10:19:36.377832Z,True,460,130.99,day1_20260820/logs/20260820_155310/mission_1_toilet_m/start.jpg,33a0d32192d1d6056eb7ec3ff4bb81a2,day1_20260820/logs/20260820_155310/mission_1_toilet_m/finish.jpg,ece6a22352d036815e817389177d15a5
day1_20260820,20260820_155407,day1_20260820/logs/audit_20260820_155407.jsonl,xplorer-c,1,2026-08-20T12:54:27.936+00:00,E2,,A02,1,1,,1,"the washroom got on fire, help me find something to stop the fire",en,L3a_m3_preference,0,no,8,cb202,8,mission_complete,True,0.21,1.757,2.4033,1.7486,-1.5142,2.1917,0.2098,-1.5872,True,0.044916,0.13709068298339844,0.0,15.74,0,[],True,ALLOW: all checks passed,vlm_landmark,landmark,True,HIGH,ok,1e750e376384b9018b536a1728d123ae,True,6,loaded,0fd61f9e82e8fe6991f0311014384e0c,2026-04-23T10:19:36.377832Z,True,460,133.99,day1_20260820/logs/20260820_155407/mission_1_cb202/start.jpg,1232ef6bb1ee7d04706b6dc474354c02,day1_20260820/logs/20260820_155407/mission_1_cb202/finish.jpg,af3c479601eaf88ab6381d51c1e003fc
day1_20260820,20260820_155439,day1_20260820/logs/audit_20260820_155439.jsonl,xplorer-c,1,2026-08-20T12:55:14.462+00:00,E2,,A03,1,1,,1,go to cb204,en,L3a_deterministic,2,no,5,cb204,5,mission_complete,True,0.163,3.771,2.1208,1.5396,-1.538,2.2059,4.6374,1.5935,True,0.056325,0.29540061950683594,0.0,25.17,0,[],True,ALLOW: all checks passed,vlm_contextual,contextual,True,HIGH,ok,f594f968a1a3fef04c3095d9df17baa9,False,6,loaded,0fd61f9e82e8fe6991f0311014384e0c,2026-04-23T10:19:36.377832Z,True,460,144.06,day1_20260820/logs/20260820_155439/mission_1_cb204/start.jpg,e1da77471064aafd0b67a3748acb7330,day1_20260820/logs/20260820_155439/mission_1_cb204/finish.jpg,6cca8e4e3dea4f90bb283301f92398d3
day1_20260820,20260820_155612,day1_20260820/logs/audit_20260820_155612.jsonl,xplorer-c,1,2026-08-20T12:56:42.158+00:00,E0,,AS,1,1,,1,take me to the main entrance,en,L3b_vlm,,no,1,hall_entry,0,mission_complete,True,0.221,1.91,2.3117,1.7503,-1.6344,0.7131,1.7076,3.0893,True,0.057229,0.4470348358154297,11582.255125045776,12.38,0,[],True,ALLOW: all checks passed,,,,,,,False,6,loaded,0fd61f9e82e8fe6991f0311014384e0c,2026-04-23T10:19:36.377832Z,True,460,140.84,day1_20260820/logs/20260820_155612/mission_1_hall_entry/start.jpg,8efc3a23b78c77515bd408e5c6bdd66f,,
day1_20260820,20260820_155830,day1_20260820/logs/audit_20260820_155830.jsonl,xplorer-c,1,2026-08-20T12:58:55.514+00:00,E0,,AS,2,1,,1,"the washroom got on fire, help me find something to stop the fire",en,L3a_m3_preference,0,no,8,cb202,8,mission_complete,True,0.132,1.708,2.3418,1.7024,-1.5418,2.2181,0.1312,-1.5612,True,0.047642,0.11277198791503906,0.0,20.69,0,[],True,ALLOW: all checks passed,vlm_landmark,landmark,True,HIGH,ok,1e750e376384b9018b536a1728d123ae,True,6,loaded,0fd61f9e82e8fe6991f0311014384e0c,2026-04-23T10:19:36.377832Z,True,460,129.54,day1_20260820/logs/20260820_155830/mission_1_cb202/start.jpg,ad7035634450dc8578d1ab1fefacba45,day1_20260820/logs/20260820_155830/mission_1_cb202/finish.jpg,ca59c332090ad48ef0d96eed8e403d26
day1_20260820,20260820_160313,day1_20260820/logs/audit_20260820_160313.jsonl,xplorer-b,1,2026-08-20T13:03:42.485+00:00,E0,,AD,1,1,,1,"the washroom got on fire, help me find something to stop the fire",en,L3a_m3_preference,0,no,8,cb202,8,mission_complete,True,0.207,1.718,2.2452,1.6669,-1.5587,2.1891,0.2069,-1.5775,True,0.052055,0.15091896057128906,0.0,15.57,0,[],True,ALLOW: all checks passed,vlm_landmark,landmark,True,HIGH,ok,1e750e376384b9018b536a1728d123ae,True,6,loaded,0fd61f9e82e8fe6991f0311014384e0c,2026-04-23T10:19:36.377832Z,True,460,137.84,day1_20260820/logs/20260820_160313/mission_1_cb202/start.jpg,e1fce606517cb6b9f1668e73e10d5933,day1_20260820/logs/20260820_160313/mission_1_cb202/finish.jpg,c31956a17a1d103802d9700e1ce286e3
day2_20260821,20260821_103929,day2_20260821/logs/audit_20260821_103929.jsonl,xplorer-c,1,2026-08-21T07:39:57.472+00:00,E0,,AD,1,1,,1,take me to cb202,en,L3a_deterministic,2,no,8,cb202,8,mission_complete,True,0.02,1.9,,,,2.2188,-0.007,-1.4168,True,0.02399,0.3974437713623047,0.0,24.33,0,[],True,ALLOW: all checks passed,vlm_landmark,landmark,True,HIGH,ok,1e750e376384b9018b536a1728d123ae,False,8,loaded,2805d6a0705ddec9d629b643242e5b1d,2026-08-17T12:50:40.460217Z,True,481,142.35,day2_20260821/logs/20260821_103929/mission_1_cb202/start.jpg,87d13ca164cba0a4346180d9759da18d,day2_20260821/logs/20260821_103929/mission_1_cb202/finish.jpg,e3d4726db8281b8ce3939795e3e40983
day2_20260821,20260821_104534,day2_20260821/logs/audit_20260821_104534.jsonl,xplorer-b,1,2026-08-21T07:45:58.059+00:00,E0,,AD,1,1,,1,take me to cb202,en,L3a_deterministic,2,no,8,cb202,8,mission_complete,True,0.233,1.842,2.3367,1.7938,-1.579,2.2626,0.2249,-1.492,True,0.045012,0.3807544708251953,0.0,19.48,0,[],True,ALLOW: all checks passed,vlm_landmark,landmark,False,LOW,ok,1e750e376384b9018b536a1728d123ae,False,8,loaded,2805d6a0705ddec9d629b643242e5b1d,2026-08-17T12:50:40.460217Z,True,481,135.04,day2_20260821/logs/20260821_104534/mission_1_cb202/start.jpg,a411a766d8f24422b6bd1393f0d32883,day2_20260821/logs/20260821_104534/mission_1_cb202/finish.jpg,509ac76d595d9b4df854320420fb9c36
day2_20260821,20260821_105438,day2_20260821/logs/audit_20260821_105438.jsonl,xplorer-b,1,2026-08-21T07:55:07.945+00:00,E0,,AD,1,1,,1,take me to cb202,en,L3a_deterministic,2,no,8,cb202,8,mission_complete,True,0.14,1.874,2.3151,1.6135,-1.6104,2.2611,0.1261,-1.4354,True,0.028037,0.36597251892089844,0.0,24.53,0,[],True,ALLOW: all checks passed,vlm_landmark,landmark,True,HIGH,ok,1e750e376384b9018b536a1728d123ae,False,8,loaded,2805d6a0705ddec9d629b643242e5b1d,2026-08-17T12:50:40.460217Z,True,481,133.13,day2_20260821/logs/20260821_105438/mission_1_cb202/start.jpg,aab5965037ee9858e1e39b93876d7580,day2_20260821/logs/20260821_105438/mission_1_cb202/finish.jpg,68e222267e68012624745fae259db222
day2_20260821,20260821_110624,day2_20260821/logs/audit_20260821_110624.jsonl,xplorer-b,1,2026-08-21T08:07:02.701+00:00,E3,,S1,1,1,,1,go to a place to take a short break for personal needs,en,L3a_m3_preference,0,no,0,toilet_m,0,missed,False,1.647,3.555,2.3039,1.6301,-1.5177,2.1292,0.2446,-2.7581,True,0.023419,0.13685226440429688,0.0,31.8,0,[],True,ALLOW: all checks passed,,,,,,,True,6,loaded,0fd61f9e82e8fe6991f0311014384e0c,2026-04-23T10:19:36.377832Z,True,460,134.69,day2_20260821/logs/20260821_110624/mission_1_toilet_m/start.jpg,079b7b531a1818ddfb24ba5ec863d16b,,
day2_20260821,20260821_110624,day2_20260821/logs/audit_20260821_110624.jsonl,xplorer-b,2,2026-08-21T08:07:25.072+00:00,E3,,S1,1,2,,1,go to a place to take a short break for personal needs,en,L3a_m3_preference,0,no,0,toilet_m,0,mission_complete,True,0.133,2.189,2.1292,0.2446,-2.7581,0.4522,0.1241,-2.8786,True,0.033904,0.110626220703125,0.0,22.28,0,[],True,ALLOW: all checks passed,pose_based,none,True,HIGH,,,True,6,loaded,0fd61f9e82e8fe6991f0311014384e0c,2026-04-23T10:19:36.377832Z,True,460,137.18,day2_20260821/logs/20260821_110624/mission_2_toilet_m/start.jpg,7ce16ae5a9cc1654bdb2c12d20e4a14b,day2_20260821/logs/20260821_110624/mission_2_toilet_m/finish.jpg,86a2d5a55675bb2e32eb4105ae4ef5ee
day2_20260821,20260821_110814,day2_20260821/logs/audit_20260821_110814.jsonl,xplorer-b,1,2026-08-21T08:09:02.733+00:00,E3,,S2,1,1,,1,"the washroom got on fire, help me find something to stop the fire",en,L3a_m3_preference,0,no,8,cb202,8,mission_complete,True,0.051,1.919,1.995,1.5324,-1.2732,2.1527,0.0181,-1.5365,True,0.027595,0.10347366333007812,0.0,42.88,0,[],True,ALLOW: all checks passed,vlm_landmark,landmark,True,HIGH,ok,1e750e376384b9018b536a1728d123ae,True,6,loaded,0fd61f9e82e8fe6991f0311014384e0c,2026-04-23T10:19:36.377832Z,True,460,135.55,day2_20260821/logs/20260821_110814/mission_1_cb202/start.jpg,18e05110f7d8c60cbbfe45c9eba39d2f,day2_20260821/logs/20260821_110814/mission_1_cb202/finish.jpg,82b49fd76dd0ef8245bb7e9c993c25d6
day2_20260821,20260821_110936,day2_20260821/logs/audit_20260821_110936.jsonl,xplorer-b,1,2026-08-21T08:09:47.090+00:00,E3,,S3,1,1,,1,Take me somewhere I can sit and relax,en,L3a_m3_preference,0,no,9,radiator,9,missed,False,2.865,0.674,2.4228,1.6315,-1.8989,2.3357,1.0767,-1.6937,True,0.1202,0.11014938354492188,0.0,5.94,0,[],True,ALLOW: all checks passed,,,,,,,True,6,loaded,0fd61f9e82e8fe6991f0311014384e0c,2026-04-23T10:19:36.377832Z,True,460,134.74,day2_20260821/logs/20260821_110936/mission_1_radiator/start.jpg,4176ee6772c483e48e9e7e91e55ba230,,
day2_20260821,20260821_110936,day2_20260821/logs/audit_20260821_110936.jsonl,xplorer-b,2,2026-08-21T08:10:15.635+00:00,E3,,S3,1,2,,1,Take me somewhere I can sit and relax,en,L3a_m3_preference,0,no,9,radiator,9,mission_complete,True,0.17,4.049,2.3357,1.0767,-1.6937,4.623,-0.6833,-1.5304,True,0.020063,0.20647048950195312,0.0,28.45,0,[],True,ALLOW: all checks passed,vlm_landmark,landmark,True,HIGH,ok,e089c782ec4bc1b920c344141b688498,True,6,loaded,0fd61f9e82e8fe6991f0311014384e0c,2026-04-23T10:19:36.377832Z,True,460,139.75,day2_20260821/logs/20260821_110936/mission_2_radiator/start.jpg,8120936a96e25165c284957136b5ca1c,day2_20260821/logs/20260821_110936/mission_2_radiator/finish.jpg,9005145aa4d84e94c982cfeeba3a3089
day2_20260821,20260821_111058,day2_20260821/logs/audit_20260821_111058.jsonl,xplorer-b,1,2026-08-21T08:11:39.230+00:00,E3,,S3o,1,1,,1,"It is too hot in here, take me somewhere I can get some fresh air",en,L3a_m3_preference,0,no,14,plant_5,14,mission_complete,True,0.159,8.169,2.1809,1.6749,-1.7132,6.6218,5.2584,1.5212,True,0.109299,0.1595020294189453,0.0,34.94,0,[],True,ALLOW: all checks passed,vlm_landmark,landmark,True,HIGH,ok,ace89171863277f13e882160d6034536,True,6,loaded,0fd61f9e82e8fe6991f0311014384e0c,2026-04-23T10:19:36.377832Z,True,460,135.38,day2_20260821/logs/20260821_111058/mission_1_plant_5/start.jpg,883da42925267f3c92d28aaa1651897f,day2_20260821/logs/20260821_111058/mission_1_plant_5/finish.jpg,6dfa7fb7aea799ec7fdece5239678797
day2_20260821,20260821_111235,day2_20260821/logs/audit_20260821_111235.jsonl,xplorer-b,1,2026-08-21T08:13:06.123+00:00,E3,,S4,1,1,,1,take me to cb204,en,L3a_deterministic,2,no,5,cb204,5,mission_complete,True,0.15,3.604,2.4187,1.5679,-1.6586,2.2076,4.6505,1.6391,True,0.06289,0.3104209899902344,0.0,24.15,0,[],True,ALLOW: all checks passed,vlm_contextual,contextual,True,HIGH,ok,f594f968a1a3fef04c3095d9df17baa9,False,6,loaded,0fd61f9e82e8fe6991f0311014384e0c,2026-04-23T10:19:36.377832Z,True,460,143.11,day2_20260821/logs/20260821_111235/mission_1_cb204/start.jpg,e9b5502debaca110da09d3e97c7a4d73,day2_20260821/logs/20260821_111235/mission_1_cb204/finish.jpg,718deec165ff2e999d0620fdfac16080
day2_20260821,20260821_111411,day2_20260821/logs/audit_20260821_111411.jsonl,xplorer-b,1,2026-08-21T08:14:25.982+00:00,E3,,S5,1,1,,1,take me to the nearest plant,en,L3a_deterministic,6,no,19,plant_3,,missed,False,4.439,0.818,2.4414,1.7593,-1.6411,3.0228,1.7944,0.0028,True,0.137624,0.37670135498046875,0.0,9.42,0,[],True,ALLOW: all checks passed,,,,,,,False,6,loaded,0fd61f9e82e8fe6991f0311014384e0c,2026-04-23T10:19:36.377832Z,True,460,139.78,day2_20260821/logs/20260821_111411/mission_1_plant_3/start.jpg,737b189c8d633f80eb410cbb6bd4166e,,
day2_20260821,20260821_111411,day2_20260821/logs/audit_20260821_111411.jsonl,xplorer-b,2,2026-08-21T08:14:33.750+00:00,E3,,S5,1,2,,1,take me to the nearest plant,en,L3a_deterministic,6,no,19,plant_3,,missed,False,3.666,1.097,3.0228,1.7944,0.0028,4.0114,1.7442,-0.1436,True,0.110895,0.3108978271484375,0.0,7.68,0,[],True,ALLOW: all checks passed,,,,,,,False,6,loaded,0fd61f9e82e8fe6991f0311014384e0c,2026-04-23T10:19:36.377832Z,True,460,140.47,day2_20260821/logs/20260821_111411/mission_2_plant_3/start.jpg,0d900dd392a96ea3dba1247aa735bb66,,
day2_20260821,20260821_111411,day2_20260821/logs/audit_20260821_111411.jsonl,xplorer-b,3,2026-08-21T08:14:40.890+00:00,E3,,S5,1,3,,1,take me to the nearest plant,en,L3a_deterministic,6,no,19,plant_3,,missed,False,3.224,0.811,4.0114,1.7442,-0.1436,4.6728,1.7214,0.0454,True,0.114148,0.26297569274902344,0.0,7.03,0,[],True,ALLOW: all checks passed,,,,,,,False,6,loaded,0fd61f9e82e8fe6991f0311014384e0c,2026-04-23T10:19:36.377832Z,True,460,132.06,day2_20260821/logs/20260821_111411/mission_3_plant_3/start.jpg,98b6805f5067989dc4aca022e79a9acf,,
day2_20260821,20260821_111411,day2_20260821/logs/audit_20260821_111411.jsonl,xplorer-b,4,2026-08-21T08:14:48.215+00:00,E3,,S5,1,4,,1,take me to the nearest plant,en,L3a_deterministic,6,no,19,plant_3,,missed,False,2.94,0.795,4.6728,1.7214,0.0454,5.3068,1.7642,-0.0591,True,0.101643,0.31065940856933594,0.0,7.23,0,[],True,ALLOW: all checks passed,,,,,,,False,6,loaded,0fd61f9e82e8fe6991f0311014384e0c,2026-04-23T10:19:36.377832Z,True,460,147.28,day2_20260821/logs/20260821_111411/mission_4_plant_3/start.jpg,94f122b2529d64dcb3b5dd54e91249d5,,
day2_20260821,20260821_111411,day2_20260821/logs/audit_20260821_111411.jsonl,xplorer-b,5,2026-08-21T08:14:57.999+00:00,E3,,S5,1,5,,1,take me to the nearest plant,en,L3a_deterministic,6,no,19,plant_3,,missed,False,2.182,1.452,5.3068,1.7642,-0.0591,6.4952,1.2817,-0.9914,True,0.050205,0.2963542938232422,0.0,9.69,0,[],True,ALLOW: all checks passed,,,,,,,False,6,loaded,0fd61f9e82e8fe6991f0311014384e0c,2026-04-23T10:19:36.377832Z,True,460,137.17,day2_20260821/logs/20260821_111411/mission_5_plant_3/start.jpg,43944e4e7361761b68633f559731f4e4,,
day2_20260821,20260821_111411,day2_20260821/logs/audit_20260821_111411.jsonl,xplorer-b,6,2026-08-21T08:15:16.212+00:00,E3,,S5,1,6,,1,take me to the nearest plant,en,L3a_deterministic,6,no,19,plant_3,,mission_complete,True,0.172,2.271,6.4952,1.2817,-0.9914,6.4743,-0.745,-1.5427,True,0.069052,0.3254413604736328,0.0,18.13,0,[],True,ALLOW: all checks passed,vlm_landmark,landmark,True,HIGH,ok,35a4edab17bfe1c82d8bc853388d482d,False,6,loaded,0fd61f9e82e8fe6991f0311014384e0c,2026-04-23T10:19:36.377832Z,True,460,146.09,day2_20260821/logs/20260821_111411/mission_6_plant_3/start.jpg,d2cb169dbd83966c5490cd177f0f7c92,day2_20260821/logs/20260821_111411/mission_6_plant_3/finish.jpg,90ad689cd9d41ba1330c71b9ae957d0f
day2_20260821,20260821_111601,day2_20260821/logs/audit_20260821_111601.jsonl,xplorer-b,1,2026-08-21T08:16:39.646+00:00,E3,,S6,1,1,,1,go to lab_chair,en,L3a_deterministic,3,no,15,junction_e1,15,mission_complete,True,0.216,7.501,2.1466,1.702,-1.7045,6.5593,4.5842,1.5867,True,0.082753,0.28204917907714844,0.0,33.18,0,[],True,ALLOW: all checks passed,vlm_landmark,landmark,True,HIGH,ok,de180d6fd3375e3f85159f2b90d031ab,False,6,loaded,0fd61f9e82e8fe6991f0311014384e0c,2026-04-23T10:19:36.377832Z,True,460,138.02,day2_20260821/logs/20260821_111601/mission_1_junction_e1/start.jpg,756e2da59079812cc057763ee72c5c85,day2_20260821/logs/20260821_111601/mission_1_junction_e1/finish.jpg,27e71993fc03a68238832190ae4d1076
day2_20260821,20260821_111727,day2_20260821/logs/audit_20260821_111727.jsonl,xplorer-b,1,2026-08-21T08:18:20.831+00:00,E3,,S7,1,1,,1,navigate to window_north,en,L3a_deterministic,3,no,14,plant_5,14,mission_complete,True,0.21,8.156,2.3,1.486,-1.622,6.5481,5.1901,1.5879,True,0.082021,0.3495216369628906,0.0,48.42,0,[],True,ALLOW: all checks passed,vlm_landmark,landmark,True,HIGH,ok,ace89171863277f13e882160d6034536,False,6,loaded,0fd61f9e82e8fe6991f0311014384e0c,2026-04-23T10:19:36.377832Z,True,460,140.43,day2_20260821/logs/20260821_111727/mission_1_plant_5/start.jpg,832aee5e8e09ca2dacc3676cfdf90a30,day2_20260821/logs/20260821_111727/mission_1_plant_5/finish.jpg,cc737c2ab080261018e242d4ad447815
day2_20260821,20260821_111905,day2_20260821/logs/audit_20260821_111905.jsonl,xplorer-b,1,2026-08-21T08:19:35.243+00:00,E3,,S8,1,1,,1,take me to the women restroom,en,L3a_deterministic,4,no,4,toilet_f,4,mission_complete,True,0.092,6.615,2.2574,1.5291,-1.6707,0.507,6.3082,-3.0154,True,0.032333,0.40340423583984375,0.0,27.84,0,[],True,ALLOW: all checks passed,pose_based,none,True,HIGH,,,False,6,loaded,0fd61f9e82e8fe6991f0311014384e0c,2026-04-23T10:19:36.377832Z,True,460,137.87,day2_20260821/logs/20260821_111905/mission_1_toilet_f/start.jpg,5ae2230a7dd7a0d32af17ad1e29f7b25,day2_20260821/logs/20260821_111905/mission_1_toilet_f/finish.jpg,57b98292ab65ad471b217e796ecd1d76
day2_20260821,20260821_112007,day2_20260821/logs/audit_20260821_112007.jsonl,xplorer-b,1,2026-08-21T08:20:37.397+00:00,E3,,S9,1,1,,1,take me to the main entrance of lab CB203,en,L3a_deterministic,4,no,22,cb203_entrance,22,mission_complete,True,0.253,6.769,2.1793,1.6136,-1.5172,7.9559,1.5836,-0.0319,False,0.503756,0.5605220794677734,0.0,26.84,0,[],True,ALLOW: all checks passed,vlm_contextual,contextual,True,HIGH,ok,28736d6ebde0fc703cd8a746947d3db2,False,6,loaded,0fd61f9e82e8fe6991f0311014384e0c,2026-04-23T10:19:36.377832Z,True,460,137.71,day2_20260821/logs/20260821_112007/mission_1_cb203_entrance/start.jpg,595df5022f809e2a397765b69c1e6e65,day2_20260821/logs/20260821_112007/mission_1_cb203_entrance/finish.jpg,8a728745aebf1ab260a0d826d57ccaf7
day2_20260821,20260821_112108,day2_20260821/logs/audit_20260821_112108.jsonl,xplorer-b,1,2026-08-21T08:21:51.769+00:00,E3,,S10,1,1,,1,take me to the exit of lab CB203,en,L3a_deterministic,4,no,23,cb203_exit,23,mission_complete,True,0.376,7.989,2.2553,1.5949,-1.7007,7.9197,3.9207,3.1387,True,0.161502,0.5278587341308594,0.0,40.62,0,[],True,ALLOW: all checks passed,vlm_contextual,contextual,True,HIGH,ok,9efebdf987690cc50e83bedb3d2d5bc2,False,6,loaded,0fd61f9e82e8fe6991f0311014384e0c,2026-04-23T10:19:36.377832Z,True,460,134.7,day2_20260821/logs/20260821_112108/mission_1_cb203_exit/start.jpg,8c3347af0913a45a6461ba474701b8ea,day2_20260821/logs/20260821_112108/mission_1_cb203_exit/finish.jpg,e5e28777330a208c80b7ebf7bd637964
day2_20260821,20260821_112225,day2_20260821/logs/audit_20260821_112225.jsonl,xplorer-b,1,2026-08-21T08:22:41.776+00:00,E3,,S1,3,1,,1,go to a place to take a short break for personal needs,en,L3a_m3_preference,0,no,0,toilet_m,0,mission_complete,True,0.249,3.067,2.3016,1.555,-1.7121,0.7474,0.0291,-3.0904,True,0.043732,0.1304149627685547,0.0,14.0,0,[],True,ALLOW: all checks passed,pose_based,none,True,HIGH,,,True,6,loaded,0fd61f9e82e8fe6991f0311014384e0c,2026-04-23T10:19:36.377832Z,True,460,137.19,day2_20260821/logs/20260821_112225/mission_1_toilet_m/start.jpg,dc7cccd6a96032246f09b8bb383ba431,day2_20260821/logs/20260821_112225/mission_1_toilet_m/finish.jpg,dcb4a0f023f467b3f3fcd639ec42fc1b
day2_20260821,20260821_112314,day2_20260821/logs/audit_20260821_112314.jsonl,xplorer-b,1,2026-08-21T08:24:01.556+00:00,E3,,S10,2,1,,1,take me to the exit of lab CB203,en,L3a_deterministic,4,no,23,cb203_exit,23,mission_complete,True,2.164,7.873,1.964,1.5731,-1.4131,7.2664,5.6228,-1.735,True,0.031338,0.4184246063232422,0.0,40.45,0,[],True,ALLOW: all checks passed,vlm_contextual,contextual,True,HIGH,ok,9efebdf987690cc50e83bedb3d2d5bc2,False,6,loaded,0fd61f9e82e8fe6991f0311014384e0c,2026-04-23T10:19:36.377832Z,True,460,134.71,day2_20260821/logs/20260821_112314/mission_1_cb203_exit/start.jpg,be18b4c52c45cd378419e166bde76dcd,day2_20260821/logs/20260821_112314/mission_1_cb203_exit/finish.jpg,4a4e4caa4b6d634f89204cff1b33fa88
day2_20260821,20260821_112534,day2_20260821/logs/audit_20260821_112534.jsonl,xplorer-b,1,2026-08-21T08:26:14.641+00:00,E3,,S9,2,1,,1,take me to the main entrance of lab CB203,en,L3a_deterministic,4,no,22,cb203_entrance,22,mission_complete,True,0.216,9.092,2.3024,1.6786,-1.7672,8.0042,1.7423,0.1378,True,0.117512,0.5383491516113281,0.0,34.82,0,[],True,ALLOW: all checks passed,vlm_contextual,contextual,True,HIGH,ok,28736d6ebde0fc703cd8a746947d3db2,False,6,loaded,0fd61f9e82e8fe6991f0311014384e0c,2026-04-23T10:19:36.377832Z,True,460,131.55,day2_20260821/logs/20260821_112534/mission_1_cb203_entrance/start.jpg,d6a95dbf04f6a1cf16ef348be56bf4a8,day2_20260821/logs/20260821_112534/mission_1_cb203_entrance/finish.jpg,3d64a642c391045ba9fb02ca5343e28d
day2_20260821,20260821_112657,day2_20260821/logs/audit_20260821_112657.jsonl,xplorer-b,1,2026-08-21T08:27:32.180+00:00,E3,,S8,2,1,,1,take me to the women restroom,en,L3a_deterministic,4,no,4,toilet_f,4,mission_complete,True,0.135,7.005,2.604,1.5666,-1.8225,0.599,6.3081,3.0887,True,0.028058,0.9603500366210938,0.0,28.9,0,[],True,ALLOW: all checks passed,pose_based,none,True,HIGH,,,False,6,loaded,0fd61f9e82e8fe6991f0311014384e0c,2026-04-23T10:19:36.377832Z,True,460,131.52,day2_20260821/logs/20260821_112657/mission_1_toilet_f/start.jpg,d4f5abb35bed1acbc7468a56a510a0a6,day2_20260821/logs/20260821_112657/mission_1_toilet_f/finish.jpg,d44d452c7be8d098395ec22f1e38ffa8
day2_20260821,20260821_112757,day2_20260821/logs/audit_20260821_112757.jsonl,xplorer-b,1,2026-08-21T08:28:46.958+00:00,E3,,S7,2,1,,1,navigate to window_north,en,L3a_deterministic,3,no,14,plant_5,14,mission_complete,True,0.279,11.256,,,,6.7203,5.179,1.6007,True,0.200751,0.7281303405761719,0.0,46.62,0,[],True,ALLOW: all checks passed,vlm_landmark,landmark,True,HIGH,ok,ace89171863277f13e882160d6034536,False,6,loaded,0fd61f9e82e8fe6991f0311014384e0c,2026-04-23T10:19:36.377832Z,True,460,139.8,day2_20260821/logs/20260821_112757/mission_1_plant_5/start.jpg,b0635093b4883541be04fd9a662b347d,day2_20260821/logs/20260821_112757/mission_1_plant_5/finish.jpg,4142ac3895426c9c96e3cac04d6f12c5
day2_20260821,20260821_112926,day2_20260821/logs/audit_20260821_112926.jsonl,xplorer-b,1,2026-08-21T08:30:25.861+00:00,E3,,S6,2,1,,1,go to lab_chair,en,L3a_deterministic,3,no,15,junction_e1,15,mission_complete,True,0.423,10.921,,,,6.172,4.9906,1.5901,True,0.111157,0.3552436828613281,0.0,56.96,0,[],True,ALLOW: all checks passed,vlm_landmark,landmark,False,MEDIUM,ok,de180d6fd3375e3f85159f2b90d031ab,False,6,loaded,0fd61f9e82e8fe6991f0311014384e0c,2026-04-23T10:19:36.377832Z,True,460,140.08,day2_20260821/logs/20260821_112926/mission_1_junction_e1/start.jpg,106b03c58612dc60a8881953d7f94207,day2_20260821/logs/20260821_112926/mission_1_junction_e1/finish.jpg,d81eefd5b762bc7d7834e4ea4dffb9c5
day2_20260821,20260821_113110,day2_20260821/logs/audit_20260821_113110.jsonl,xplorer-b,1,2026-08-21T08:32:23.133+00:00,E3,,S5,2,1,,1,take me to the nearest plant,en,L3a_deterministic,6,no,19,plant_3,,mission_complete,True,0.175,7.972,2.4026,1.5309,-1.5784,6.6547,-0.7596,-1.5295,True,0.05958,0.5192756652832031,0.0,69.85,0,[],True,ALLOW: all checks passed,vlm_landmark,landmark,True,HIGH,ok,35a4edab17bfe1c82d8bc853388d482d,False,6,loaded,0fd61f9e82e8fe6991f0311014384e0c,2026-04-23T10:19:36.377832Z,True,460,145.04,day2_20260821/logs/20260821_113110/mission_1_plant_3/start.jpg,5d800c6e2005dec73ab9e899e8b2a012,day2_20260821/logs/20260821_113110/mission_1_plant_3/finish.jpg,2b187ed6a123c6c37ac0a996dfc84c03
day2_20260821,20260821_113258,day2_20260821/logs/audit_20260821_113258.jsonl,xplorer-b,1,2026-08-21T08:33:26.584+00:00,E3,,S4,2,1,,1,take me to cb204,en,L3a_deterministic,2,no,5,cb204,5,mission_complete,True,0.217,3.405,2.218,1.6597,-1.6866,2.316,4.6167,1.4627,True,0.07936,0.38909912109375,0.0,24.57,0,[],True,ALLOW: all checks passed,vlm_contextual,contextual,True,HIGH,ok,f594f968a1a3fef04c3095d9df17baa9,False,6,loaded,0fd61f9e82e8fe6991f0311014384e0c,2026-04-23T10:19:36.377832Z,True,460,139.08,day2_20260821/logs/20260821_113258/mission_1_cb204/start.jpg,9962eb5fe26a8b0816ee5e07006e3ef9,day2_20260821/logs/20260821_113258/mission_1_cb204/finish.jpg,38785aa6803bf756b526b78700e0d886
day2_20260821,20260821_113407,day2_20260821/logs/audit_20260821_113407.jsonl,xplorer-b,1,2026-08-21T08:34:55.656+00:00,E3,,S3o,2,1,,1,"It is too hot in here, take me somewhere I can get some fresh air",en,L3a_m3_preference,0,no,14,plant_5,14,mission_complete,True,0.241,11.825,,,,6.6998,5.2106,1.5069,True,0.120791,0.14734268188476562,0.0,44.97,0,[],True,ALLOW: all checks passed,vlm_landmark,landmark,True,HIGH,ok,ace89171863277f13e882160d6034536,True,6,loaded,0fd61f9e82e8fe6991f0311014384e0c,2026-04-23T10:19:36.377832Z,True,460,140.97,day2_20260821/logs/20260821_113407/mission_1_plant_5/start.jpg,bc0d7c5452e7bbbd8fc808374a76bf58,day2_20260821/logs/20260821_113407/mission_1_plant_5/finish.jpg,5429c3f7849cbf736f9b5989206a7435
day2_20260821,20260821_113529,day2_20260821/logs/audit_20260821_113529.jsonl,xplorer-b,1,2026-08-21T08:35:56.856+00:00,E3,,S3,2,1,,1,Take me somewhere I can sit and relax,en,L3a_m3_preference,0,no,9,radiator,9,mission_complete,True,0.177,4.789,2.3066,1.5644,-1.6696,4.6683,-0.7456,-1.4833,True,0.036284,0.13184547424316406,0.0,24.41,0,[],True,ALLOW: all checks passed,vlm_landmark,landmark,True,HIGH,ok,e089c782ec4bc1b920c344141b688498,True,6,loaded,0fd61f9e82e8fe6991f0311014384e0c,2026-04-23T10:19:36.377832Z,True,460,139.31,day2_20260821/logs/20260821_113529/mission_1_radiator/start.jpg,8a922ae9dddbc930b4af5422dafed6d1,day2_20260821/logs/20260821_113529/mission_1_radiator/finish.jpg,d214f537166c2e4ac889743925b802e3
day2_20260821,20260821_113623,day2_20260821/logs/audit_20260821_113623.jsonl,xplorer-b,1,2026-08-21T08:36:40.817+00:00,E3,,S2,2,1,,1,"the washroom got on fire, help me find something to stop the fire",en,L3a_m3_preference,0,no,8,cb202,8,mission_complete,True,0.253,1.723,2.1955,1.6352,-1.7044,2.2449,0.2486,-1.4997,True,0.056894,0.13065338134765625,0.0,14.3,0,[],True,ALLOW: all checks passed,vlm_landmark,landmark,True,HIGH,ok,1e750e376384b9018b536a1728d123ae,True,6,loaded,0fd61f9e82e8fe6991f0311014384e0c,2026-04-23T10:19:36.377832Z,True,460,137.28,day2_20260821/logs/20260821_113623/mission_1_cb202/start.jpg,747aba563fe239b1b3332c937331c5f2,day2_20260821/logs/20260821_113623/mission_1_cb202/finish.jpg,b695a3a228e8277e7145fb160f915d95
day2_20260821,20260821_113656,day2_20260821/logs/audit_20260821_113656.jsonl,xplorer-b,1,2026-08-21T08:37:15.144+00:00,E3,,S1,2,1,,1,go to a place to take a short break for personal needs,en,L3a_m3_preference,0,no,0,toilet_m,0,mission_complete,True,0.22,3.406,2.1976,1.5539,-1.606,0.6052,0.1934,3.0761,True,0.057356,0.12254714965820312,0.0,14.45,0,[],True,ALLOW: all checks passed,pose_based,none,True,HIGH,,,True,6,loaded,0fd61f9e82e8fe6991f0311014384e0c,2026-04-23T10:19:36.377832Z,True,460,143.62,day2_20260821/logs/20260821_113656/mission_1_toilet_m/start.jpg,b139db7b1a25368238693ba32aa8b406,day2_20260821/logs/20260821_113656/mission_1_toilet_m/finish.jpg,745cb834ac31e380f209ad23d8070832
day2_20260821,20260821_113738,day2_20260821/logs/audit_20260821_113738.jsonl,xplorer-b,1,2026-08-21T08:37:52.414+00:00,E3,,S1,4,1,,1,go to a place to take a short break for personal needs,en,L3a_m3_preference,0,no,0,toilet_m,0,mission_complete,True,0.228,3.392,,,,0.7281,0.0015,3.0657,True,0.048681,0.13780593872070312,0.0,11.68,0,[],True,ALLOW: all checks passed,pose_based,none,True,HIGH,,,True,6,loaded,0fd61f9e82e8fe6991f0311014384e0c,2026-04-23T10:19:36.377832Z,True,460,140.31,day2_20260821/logs/20260821_113738/mission_1_toilet_m/start.jpg,e79e445e298113e2b7f2fde011938f2b,day2_20260821/logs/20260821_113738/mission_1_toilet_m/finish.jpg,37da0aa74585a050ea537a553c30c906
day2_20260821,20260821_115152,day2_20260821/logs/audit_20260821_115152.jsonl,xplorer-c,1,2026-08-21T08:52:33.976+00:00,E3,,S1,1,1,,1,go to a place to take a short break for personal needs,en,L3a_m3_preference,0,no,0,toilet_m,0,mission_complete,True,0.192,3.636,2.2341,2.0138,-1.6126,0.5674,0.1796,-3.1263,True,0.053824,0.2570152282714844,0.0,37.82,0,[],True,ALLOW: all checks passed,pose_based,none,True,HIGH,,,True,6,loaded,0fd61f9e82e8fe6991f0311014384e0c,2026-04-23T10:19:36.377832Z,True,460,139.07,day2_20260821/logs/20260821_115152/mission_1_toilet_m/start.jpg,2de324b7cf9b02e08f17eed4d2f7b8c7,day2_20260821/logs/20260821_115152/mission_1_toilet_m/finish.jpg,18c4811c53abca8824bc16436eb6d2b3
day2_20260821,20260821_115254,day2_20260821/logs/audit_20260821_115254.jsonl,xplorer-c,1,2026-08-21T08:53:18.055+00:00,E3,,S2,1,1,,1,"the washroom got on fire, help me find something to stop the fire",en,L3a_m3_preference,0,no,8,cb202,8,mission_complete,True,0.207,1.766,2.315,1.7508,-1.5901,2.1886,0.2071,-1.6081,True,0.041049,0.12826919555664062,0.0,18.54,0,[],True,ALLOW: all checks passed,vlm_landmark,landmark,True,HIGH,ok,1e750e376384b9018b536a1728d123ae,True,6,loaded,0fd61f9e82e8fe6991f0311014384e0c,2026-04-23T10:19:36.377832Z,True,460,134.25,day2_20260821/logs/20260821_115254/mission_1_cb202/start.jpg,4c741ca84c10dea210fc6ec8305ef715,day2_20260821/logs/20260821_115254/mission_1_cb202/finish.jpg,8db2c3a3be3d7d2c02031e06b5bdec96
day2_20260821,20260821_115341,day2_20260821/logs/audit_20260821_115341.jsonl,xplorer-c,1,2026-08-21T08:54:09.231+00:00,E3,,S3,1,1,,1,Take me somewhere I can sit and relax,en,L3a_m3_preference,0,no,9,radiator,9,mission_complete,True,0.188,4.497,2.2063,1.631,-1.4934,4.3963,-0.6426,-1.497,True,0.030358,0.12969970703125,0.0,25.3,0,[],True,ALLOW: all checks passed,vlm_landmark,landmark,True,HIGH,ok,e089c782ec4bc1b920c344141b688498,True,6,loaded,0fd61f9e82e8fe6991f0311014384e0c,2026-04-23T10:19:36.377832Z,True,460,132.91,day2_20260821/logs/20260821_115341/mission_1_radiator/start.jpg,8c2ca1cfacfaa22401a503d780d70ca2,day2_20260821/logs/20260821_115341/mission_1_radiator/finish.jpg,c50f5ac127a94435beb606eee762bd08
day2_20260821,20260821_115538,day2_20260821/logs/audit_20260821_115538.jsonl,xplorer-c,1,2026-08-21T08:56:24.681+00:00,E3,,S3o,1,1,,1,"It is too hot in here, take me somewhere I can get some fresh air",en,L3a_m3_preference,0,no,14,plant_5,14,mission_complete,True,0.186,8.506,2.2333,1.6755,-1.6667,6.5605,5.2143,1.4307,True,0.135194,0.13399124145507812,0.0,40.33,0,[],True,ALLOW: all checks passed,vlm_landmark,landmark,True,HIGH,ok,ace89171863277f13e882160d6034536,True,6,loaded,0fd61f9e82e8fe6991f0311014384e0c,2026-04-23T10:19:36.377832Z,True,460,141.6,day2_20260821/logs/20260821_115538/mission_1_plant_5/start.jpg,93419fd6e2d55e380fb91613da475ed5,day2_20260821/logs/20260821_115538/mission_1_plant_5/finish.jpg,b3f053c8f31417463f13af123924d4b0
day2_20260821,20260821_115711,day2_20260821/logs/audit_20260821_115711.jsonl,xplorer-c,1,2026-08-21T08:57:39.015+00:00,E3,,S4,1,1,,1,take me to cb204,en,L3a_deterministic,2,no,5,cb204,5,mission_complete,True,0.217,3.642,,,,2.2234,4.5844,1.5551,True,0.057784,0.4322528839111328,0.0,25.12,0,[],True,ALLOW: all checks passed,vlm_contextual,contextual,True,HIGH,ok,f594f968a1a3fef04c3095d9df17baa9,False,6,loaded,0fd61f9e82e8fe6991f0311014384e0c,2026-04-23T10:19:36.377832Z,True,460,128.55,day2_20260821/logs/20260821_115711/mission_1_cb204/start.jpg,af503a4decf5962b3e639cdb190fcb92,day2_20260821/logs/20260821_115711/mission_1_cb204/finish.jpg,db0120370772d84d3d4ab0fbe8d7f387
day2_20260821,20260821_115814,day2_20260821/logs/audit_20260821_115814.jsonl,xplorer-c,1,2026-08-21T08:58:52.819+00:00,E3,,S5,1,1,,1,take me to the nearest plant,en,L3a_deterministic,6,no,19,plant_3,,mission_complete,True,0.161,6.485,2.2917,1.6944,-1.6298,6.4931,-0.7499,-1.4598,True,0.043581,0.3886222839355469,0.0,33.16,0,[],True,ALLOW: all checks passed,vlm_landmark,landmark,False,MEDIUM,ok,35a4edab17bfe1c82d8bc853388d482d,False,6,loaded,0fd61f9e82e8fe6991f0311014384e0c,2026-04-23T10:19:36.377832Z,True,460,139.06,day2_20260821/logs/20260821_115814/mission_1_plant_3/start.jpg,3ce7d68d15719cb99f93908efd9cbf2f,day2_20260821/logs/20260821_115814/mission_1_plant_3/finish.jpg,ac9fd453ecf57b7547e7799a143f8f8b
day2_20260821,20260821_115924,day2_20260821/logs/audit_20260821_115924.jsonl,xplorer-c,1,2026-08-21T09:00:24.637+00:00,E3,,S6,1,1,,1,go to lab_chair,en,L3a_deterministic,3,no,15,junction_e1,15,mission_complete,True,0.206,8.023,2.3123,1.592,-1.583,6.3488,4.8455,1.5591,True,0.115234,0.30541419982910156,0.0,55.11,0,[],True,ALLOW: all checks passed,vlm_landmark,landmark,True,HIGH,ok,de180d6fd3375e3f85159f2b90d031ab,False,6,loaded,0fd61f9e82e8fe6991f0311014384e0c,2026-04-23T10:19:36.377832Z,True,460,143.62,day2_20260821/logs/20260821_115924/mission_1_junction_e1/start.jpg,3f7312eed7ca65314eab889c64e4b947,day2_20260821/logs/20260821_115924/mission_1_junction_e1/finish.jpg,0d1a04a07e17613d1a5f9902ecb472d4
day2_20260821,20260821_120124,day2_20260821/logs/audit_20260821_120124.jsonl,xplorer-c,1,2026-08-21T09:02:20.871+00:00,E3,,S7,1,1,,1,navigate to window_north,en,L3a_deterministic,3,no,14,plant_5,14,mission_complete,True,0.194,8.461,2.4603,1.6457,-1.5817,6.5823,5.2085,1.5178,True,0.12021,0.34546852111816406,0.0,53.79,0,[],True,ALLOW: all checks passed,vlm_landmark,landmark,True,HIGH,ok,ace89171863277f13e882160d6034536,False,6,loaded,0fd61f9e82e8fe6991f0311014384e0c,2026-04-23T10:19:36.377832Z,True,460,135.05,day2_20260821/logs/20260821_120124/mission_1_plant_5/start.jpg,f6d052bb134097ace646cc69bd3a00e3,day2_20260821/logs/20260821_120124/mission_1_plant_5/finish.jpg,0fc7ce2639a35df448b9d3442e0d5873
day2_20260821,20260821_120305,day2_20260821/logs/audit_20260821_120305.jsonl,xplorer-c,1,2026-08-21T09:03:40.479+00:00,E3,,S8,1,1,,1,take me to the women restroom,en,L3a_deterministic,4,no,4,toilet_f,4,mission_complete,True,0.111,6.605,2.6548,1.6819,-1.5011,0.5894,6.3344,-3.0508,True,0.030516,0.4646778106689453,0.0,30.17,0,[],True,ALLOW: all checks passed,pose_based,none,True,HIGH,,,False,6,loaded,0fd61f9e82e8fe6991f0311014384e0c,2026-04-23T10:19:36.377832Z,True,460,133.21,day2_20260821/logs/20260821_120305/mission_1_toilet_f/start.jpg,ecaa6c96d5ac7fc0bc84d9f579957955,day2_20260821/logs/20260821_120305/mission_1_toilet_f/finish.jpg,46a653476b43e9e12579d41c7a255116
day2_20260821,20260821_120446,day2_20260821/logs/audit_20260821_120446.jsonl,xplorer-c,1,2026-08-21T09:05:40.315+00:00,E3,,S9,1,1,,1,take me to the main entrance of lab CB203,en,L3a_deterministic,4,no,22,cb203_entrance,22,mission_complete,True,0.293,7.123,2.1349,1.7278,-1.3406,8.0415,1.4041,-0.0321,True,0.182645,0.4966259002685547,0.0,51.62,0,[],True,ALLOW: all checks passed,vlm_contextual,contextual,True,HIGH,ok,28736d6ebde0fc703cd8a746947d3db2,False,6,loaded,0fd61f9e82e8fe6991f0311014384e0c,2026-04-23T10:19:36.377832Z,True,460,135.3,day2_20260821/logs/20260821_120446/mission_1_cb203_entrance/start.jpg,7d59b0e9f9f05f40d21ec018dfaa8b31,day2_20260821/logs/20260821_120446/mission_1_cb203_entrance/finish.jpg,fa18cb6397d9f9bfb8a1d34e50c39c9d
day2_20260821,20260821_120634,day2_20260821/logs/audit_20260821_120634.jsonl,xplorer-c,1,2026-08-21T09:07:18.002+00:00,E3,,S10,1,1,,1,take me to the exit of lab CB203,en,L3a_deterministic,4,no,23,cb203_exit,23,mission_complete,True,0.332,7.864,2.5913,1.7726,-1.412,7.8833,3.5701,-2.9519,True,0.071963,0.4267692565917969,0.0,39.5,0,[],True,ALLOW: all checks passed,vlm_contextual,contextual,True,HIGH,ok,9efebdf987690cc50e83bedb3d2d5bc2,False,6,loaded,0fd61f9e82e8fe6991f0311014384e0c,2026-04-23T10:19:36.377832Z,True,460,130.81,day2_20260821/logs/20260821_120634/mission_1_cb203_exit/start.jpg,3542a3cca9837663cb2db0232d77cdd7,day2_20260821/logs/20260821_120634/mission_1_cb203_exit/finish.jpg,48d17cae7f43b2e11d519efde07487c6
day2_20260821,20260821_120808,day2_20260821/logs/audit_20260821_120808.jsonl,xplorer-c,1,2026-08-21T09:08:34.970+00:00,E3,,S1,3,1,,1,go to a place to take a short break for personal needs,en,L3a_m3_preference,0,no,0,toilet_m,0,mission_complete,True,0.142,3.921,2.6975,1.5443,-1.5201,0.5275,0.1395,3.1058,True,0.035154,0.16117095947265625,0.0,23.31,0,[],True,ALLOW: all checks passed,pose_based,none,True,HIGH,,,True,6,loaded,0fd61f9e82e8fe6991f0311014384e0c,2026-04-23T10:19:36.377832Z,True,460,135.17,day2_20260821/logs/20260821_120808/mission_1_toilet_m/start.jpg,66fbfd78a117526a646f03496ba04e9b,day2_20260821/logs/20260821_120808/mission_1_toilet_m/finish.jpg,7d0c653b1da9922e08c95035d14ca773
day2_20260821,20260821_120902,day2_20260821/logs/audit_20260821_120902.jsonl,xplorer-c,1,2026-08-21T09:09:48.859+00:00,E3,,S10,2,1,,1,take me to the exit of lab CB203,en,L3a_deterministic,4,no,23,cb203_exit,23,mission_complete,True,0.271,8.06,2.2329,1.6379,-1.4195,7.954,3.5573,-2.9325,True,0.047354,0.4634857177734375,0.0,40.78,0,[],True,ALLOW: all checks passed,vlm_contextual,contextual,True,HIGH,ok,9efebdf987690cc50e83bedb3d2d5bc2,False,6,loaded,0fd61f9e82e8fe6991f0311014384e0c,2026-04-23T10:19:36.377832Z,True,460,139.87,day2_20260821/logs/20260821_120902/mission_1_cb203_exit/start.jpg,051ac06a104903d940a95268288263a3,day2_20260821/logs/20260821_120902/mission_1_cb203_exit/finish.jpg,7f3b894f5d14641524894a8ac8eb12d3
day2_20260821,20260821_121016,day2_20260821/logs/audit_20260821_121016.jsonl,xplorer-c,1,2026-08-21T09:10:48.785+00:00,E3,,S9,2,1,,1,take me to the main entrance of lab CB203,en,L3a_deterministic,4,no,22,cb203_entrance,22,mission_complete,True,0.16,6.488,,,,8.0422,1.622,-0.0003,True,0.136317,0.4794597625732422,0.0,28.63,0,[],True,ALLOW: all checks passed,vlm_contextual,contextual,True,HIGH,ok,28736d6ebde0fc703cd8a746947d3db2,False,6,loaded,0fd61f9e82e8fe6991f0311014384e0c,2026-04-23T10:19:36.377832Z,True,460,137.66,day2_20260821/logs/20260821_121016/mission_1_cb203_entrance/start.jpg,e8aa35204982b43965e5cde850761e84,day2_20260821/logs/20260821_121016/mission_1_cb203_entrance/finish.jpg,2fcd8e86ab47c96da802cfaaccbbe734
day2_20260821,20260821_121153,day2_20260821/logs/audit_20260821_121153.jsonl,xplorer-c,1,2026-08-21T09:12:26.180+00:00,E3,,S8,2,1,,1,take me to the women restroom,en,L3a_deterministic,4,no,4,toilet_f,4,mission_complete,True,0.1,6.535,2.5785,1.6973,-1.5323,0.5833,6.3442,-2.992,True,0.036179,0.3540515899658203,0.0,28.76,0,[],True,ALLOW: all checks passed,pose_based,none,True,HIGH,,,False,6,loaded,0fd61f9e82e8fe6991f0311014384e0c,2026-04-23T10:19:36.377832Z,True,460,136.03,day2_20260821/logs/20260821_121153/mission_1_toilet_f/start.jpg,7e9fa25368676d259448b8a429887183,day2_20260821/logs/20260821_121153/mission_1_toilet_f/finish.jpg,68e0355670304acc1d9d10de7888090a
day2_20260821,20260821_121300,day2_20260821/logs/audit_20260821_121300.jsonl,xplorer-c,1,2026-08-21T09:13:41.405+00:00,E3,,S7,2,1,,1,navigate to window_north,en,L3a_deterministic,3,no,14,plant_5,14,mission_complete,True,0.098,8.457,2.2876,1.6949,-1.4522,6.5611,5.3031,1.4203,True,0.138305,0.354766845703125,0.0,37.93,0,[],True,ALLOW: all checks passed,vlm_landmark,landmark,True,HIGH,ok,ace89171863277f13e882160d6034536,False,6,loaded,0fd61f9e82e8fe6991f0311014384e0c,2026-04-23T10:19:36.377832Z,True,460,138.03,day2_20260821/logs/20260821_121300/mission_1_plant_5/start.jpg,fa216e0ad60bc476ec5229c55add00a3,day2_20260821/logs/20260821_121300/mission_1_plant_5/finish.jpg,f28d017ae892e14a925b21339ad6dcdb
day2_20260821,20260821_121432,day2_20260821/logs/audit_20260821_121432.jsonl,xplorer-c,1,2026-08-21T09:15:31.353+00:00,E3,,S6,2,1,,1,go to lab_chair,en,L3a_deterministic,3,no,15,junction_e1,15,mission_complete,True,0.153,7.666,2.4885,1.6853,-1.6001,6.4019,4.7626,1.5351,True,0.119122,0.2791881561279297,0.0,36.11,0,[],True,ALLOW: all checks passed,vlm_landmark,landmark,True,HIGH,ok,de180d6fd3375e3f85159f2b90d031ab,False,6,loaded,0fd61f9e82e8fe6991f0311014384e0c,2026-04-23T10:19:36.377832Z,True,460,130.04,day2_20260821/logs/20260821_121432/mission_1_junction_e1/start.jpg,1a8ff6e49874364fa9e90a061adbd7a2,day2_20260821/logs/20260821_121432/mission_1_junction_e1/finish.jpg,6d7b5242e762d814f0a81a70ca3cb2a3
day2_20260821,20260821_121718,day2_20260821/logs/audit_20260821_121718.jsonl,xplorer-c,1,2026-08-21T09:17:54.394+00:00,E3,,S5,2,1,,1,take me to the nearest plant,en,L3a_deterministic,6,no,19,plant_3,,mission_complete,True,0.136,7.159,2.3168,1.6117,-1.6209,6.4811,-0.7826,-1.4947,True,0.075494,0.49042701721191406,0.0,33.57,0,[],True,ALLOW: all checks passed,vlm_landmark,landmark,True,HIGH,ok,35a4edab17bfe1c82d8bc853388d482d,False,6,loaded,0fd61f9e82e8fe6991f0311014384e0c,2026-04-23T10:19:36.377832Z,True,460,140.71,day2_20260821/logs/20260821_121718/mission_1_plant_3/start.jpg,497ec611b705287dbb1b59307a913394,day2_20260821/logs/20260821_121718/mission_1_plant_3/finish.jpg,2d5e30b41a4f5c5062933efe3d055c2c
day2_20260821,20260821_121837,day2_20260821/logs/audit_20260821_121837.jsonl,xplorer-c,1,2026-08-21T09:19:20.914+00:00,E3,,S4,2,1,,1,take me to cb204,en,L3a_deterministic,2,no,5,cb204,5,mission_complete,True,0.219,6.548,2.444,1.6374,-1.719,2.0925,4.6097,1.7091,True,0.026287,0.38933753967285156,0.0,37.57,0,[],True,ALLOW: all checks passed,vlm_contextual,contextual,True,HIGH,ok,f594f968a1a3fef04c3095d9df17baa9,False,6,loaded,0fd61f9e82e8fe6991f0311014384e0c,2026-04-23T10:19:36.377832Z,True,460,144.14,day2_20260821/logs/20260821_121837/mission_1_cb204/start.jpg,0e524a4eb5d9fa8cc66c1eb5463ddbc2,day2_20260821/logs/20260821_121837/mission_1_cb204/finish.jpg,e82ee7c230863f7029c25a7dd38668b2
day2_20260821,20260821_122052,day2_20260821/logs/audit_20260821_122052.jsonl,xplorer-c,1,2026-08-21T09:21:40.415+00:00,E3,,S3o,2,1,,1,"It is too hot in here, take me somewhere I can get some fresh air",en,L3a_m3_preference,0,no,14,plant_5,14,mission_complete,True,0.132,9.054,2.3278,1.5739,-1.2984,6.5965,5.276,1.4225,True,0.142343,0.1289844512939453,0.0,42.77,0,[],True,ALLOW: all checks passed,vlm_landmark,landmark,True,HIGH,ok,ace89171863277f13e882160d6034536,True,6,loaded,0fd61f9e82e8fe6991f0311014384e0c,2026-04-23T10:19:36.377832Z,True,460,137.34,day2_20260821/logs/20260821_122052/mission_1_plant_5/start.jpg,e02c1e3daa8237a40b1f6944c1f53b6d,day2_20260821/logs/20260821_122052/mission_1_plant_5/finish.jpg,1a1024fd58b8f9abfc2c4edf9dbae067
day2_20260821,20260821_122227,day2_20260821/logs/audit_20260821_122227.jsonl,xplorer-c,1,2026-08-21T09:22:55.798+00:00,E3,,S3,2,1,,1,Take me somewhere I can sit and relax,en,L3a_m3_preference,0,no,9,radiator,9,mission_complete,True,0.145,4.702,,,,4.502,-0.6549,-1.4821,True,0.068052,0.10371208190917969,0.0,25.23,0,[],True,ALLOW: all checks passed,vlm_landmark,landmark,True,HIGH,ok,e089c782ec4bc1b920c344141b688498,True,6,loaded,0fd61f9e82e8fe6991f0311014384e0c,2026-04-23T10:19:36.377832Z,True,460,138.3,day2_20260821/logs/20260821_122227/mission_1_radiator/start.jpg,63c65dcb950ea1328b7c27b1cda10f6d,day2_20260821/logs/20260821_122227/mission_1_radiator/finish.jpg,a99474a584fb661cfc487b4a0eb1ec0e
day2_20260821,20260821_122328,day2_20260821/logs/audit_20260821_122328.jsonl,xplorer-c,1,2026-08-21T09:23:51.510+00:00,E3,,S2,2,1,,1,"the washroom got on fire, help me find something to stop the fire",en,L3a_m3_preference,0,no,8,cb202,8,mission_complete,True,0.085,1.883,2.3685,1.61,-1.5876,2.2825,0.0222,-1.4465,True,0.027152,0.1442432403564453,0.0,19.14,0,[],True,ALLOW: all checks passed,vlm_landmark,landmark,True,HIGH,ok,1e750e376384b9018b536a1728d123ae,True,6,loaded,0fd61f9e82e8fe6991f0311014384e0c,2026-04-23T10:19:36.377832Z,True,460,140.95,day2_20260821/logs/20260821_122328/mission_1_cb202/start.jpg,5eb0a39639d0c8db51191d0badb6ff48,day2_20260821/logs/20260821_122328/mission_1_cb202/finish.jpg,dcbad38d6ed2485659dd8331d826cc25
day2_20260821,20260821_122430,day2_20260821/logs/audit_20260821_122430.jsonl,xplorer-c,1,2026-08-21T09:24:57.265+00:00,E3,,S1,2,1,,1,go to a place to take a short break for personal needs,en,L3a_m3_preference,0,no,0,toilet_m,0,mission_complete,True,0.11,3.662,2.2306,1.5396,-1.476,0.5781,0.0774,3.0324,True,0.038841,0.13446807861328125,0.0,21.11,0,[],True,ALLOW: all checks passed,pose_based,none,True,HIGH,,,True,6,loaded,0fd61f9e82e8fe6991f0311014384e0c,2026-04-23T10:19:36.377832Z,True,460,136.65,day2_20260821/logs/20260821_122430/mission_1_toilet_m/start.jpg,b0aa6a66de7bff0ab6851fc1f1ea9bf3,day2_20260821/logs/20260821_122430/mission_1_toilet_m/finish.jpg,985020cf46664eebad73223ad85c60a6
day2_20260821,20260821_122544,day2_20260821/logs/audit_20260821_122544.jsonl,xplorer-c,1,2026-08-21T09:26:07.513+00:00,E3,,S1,4,1,,1,go to a place to take a short break for personal needs,en,L3a_m3_preference,0,no,0,toilet_m,0,mission_complete,True,0.147,3.646,,,,0.5902,0.1159,3.0271,True,0.024713,0.13589859008789062,0.0,19.43,0,[],True,ALLOW: all checks passed,pose_based,none,True,HIGH,,,True,6,loaded,0fd61f9e82e8fe6991f0311014384e0c,2026-04-23T10:19:36.377832Z,True,460,140.67,day2_20260821/logs/20260821_122544/mission_1_toilet_m/start.jpg,c5e82a479586b9ab7a721fbeba4ca692,day2_20260821/logs/20260821_122544/mission_1_toilet_m/finish.jpg,6d56a118de90521572e7a297ddde3485
day2_20260821,20260821_122656,day2_20260821/logs/audit_20260821_122656.jsonl,xplorer-c,1,2026-08-21T09:27:17.923+00:00,E3,,S1,5,1,,1,go to a place to take a short break for personal needs,en,L3a_m3_preference,0,no,0,toilet_m,0,mission_complete,True,0.044,3.551,2.2832,1.7879,-1.5295,0.525,0.0362,-3.117,True,0.033595,0.1361370086669922,0.0,17.82,0,[],True,ALLOW: all checks passed,pose_based,none,True,HIGH,,,True,6,loaded,0fd61f9e82e8fe6991f0311014384e0c,2026-04-23T10:19:36.377832Z,True,460,134.47,day2_20260821/logs/20260821_122656/mission_1_toilet_m/start.jpg,cb59c6c91d905693f0dc961119319ef5,day2_20260821/logs/20260821_122656/mission_1_toilet_m/finish.jpg,25f72fe2fb30b06e1cd323b9563d4b66
day2_20260821,20260821_131951,day2_20260821/logs/audit_20260821_131951.jsonl,xplorer-b,1,2026-08-21T10:21:05.847+00:00,E7,,L-P1,1,1,,1,Where is CB203?,en,L3b_vlm,,no,23,cb203_exit,22,mission_complete,True,0.341,8.044,2.3691,1.5165,-1.6779,7.8652,3.7332,3.0526,True,0.077592,0.4417896270751953,10510.176181793213,46.09,0,[],True,ALLOW: all checks passed,vlm_contextual,contextual,True,HIGH,ok,9efebdf987690cc50e83bedb3d2d5bc2,False,6,loaded,0fd61f9e82e8fe6991f0311014384e0c,2026-04-23T10:19:36.377832Z,True,460,141.7,day2_20260821/logs/20260821_131951/mission_1_cb203_exit/start.jpg,76bc982767a97db9241cbf5c9993cd43,day2_20260821/logs/20260821_131951/mission_1_cb203_exit/finish.jpg,b3f292f286a18fb99180cd705e562bb2
day2_20260821,20260821_132139,day2_20260821/logs/audit_20260821_132139.jsonl,xplorer-b,1,2026-08-21T10:22:36.746+00:00,E7,,L-P2,1,1,,1,I need to work on a computer.,en,L3b_vlm,,no,15,junction_e1,5,mission_complete,True,0.192,7.504,2.3411,1.5847,-1.7392,6.4819,4.6201,1.6638,True,0.057124,0.4668235778808594,11321.180820465088,41.44,0,[],True,ALLOW: all checks passed,vlm_landmark,landmark,True,HIGH,ok,de180d6fd3375e3f85159f2b90d031ab,False,6,loaded,0fd61f9e82e8fe6991f0311014384e0c,2026-04-23T10:19:36.377832Z,True,460,132.77,day2_20260821/logs/20260821_132139/mission_1_junction_e1/start.jpg,d60bb36ba06d1b1ba2d7f6a7935ad21c,day2_20260821/logs/20260821_132139/mission_1_junction_e1/finish.jpg,68202903dda5df249426773a9a1582b6
day2_20260821,20260821_132326,day2_20260821/logs/audit_20260821_132326.jsonl,xplorer-b,1,2026-08-21T10:24:16.532+00:00,E7,,L-P3,1,1,,1,I have to attend a lab.,en,L3b_vlm,,no,5,cb204,5,mission_complete,True,0.248,3.383,2.2892,1.6574,-1.5944,2.171,4.5534,1.5521,True,0.05888,0.45299530029296875,18340.953588485718,29.13,0,[],True,ALLOW: all checks passed,vlm_contextual,contextual,True,HIGH,ok,f594f968a1a3fef04c3095d9df17baa9,False,6,loaded,0fd61f9e82e8fe6991f0311014384e0c,2026-04-23T10:19:36.377832Z,True,460,139.84,day2_20260821/logs/20260821_132326/mission_1_cb204/start.jpg,933f423cf162b91bdc68273b71d22d20,day2_20260821/logs/20260821_132326/mission_1_cb204/finish.jpg,e258498915905bf2f935cad97a051231
day2_20260821,20260821_132452,day2_20260821/logs/audit_20260821_132452.jsonl,xplorer-b,1,2026-08-21T10:25:51.842+00:00,E7,,L-P4,1,1,,1,I'm late to class.,en,L3b_vlm,,no,9,radiator,5,mission_complete,True,0.263,5.833,2.2881,1.725,-1.2746,4.5527,-0.5428,-1.4399,True,0.0786,0.42724609375,11646.45767211914,42.1,0,[],True,ALLOW: all checks passed,vlm_landmark,landmark,True,HIGH,ok,e089c782ec4bc1b920c344141b688498,False,6,loaded,0fd61f9e82e8fe6991f0311014384e0c,2026-04-23T10:19:36.377832Z,True,460,132.72,day2_20260821/logs/20260821_132452/mission_1_radiator/start.jpg,8a7722f688f03790059a15fdd6d80a34,day2_20260821/logs/20260821_132452/mission_1_radiator/finish.jpg,b9ec77e49f89bcdfb8ea0bb2618c7f46
day2_20260821,20260821_132616,day2_20260821/logs/audit_20260821_132616.jsonl,xplorer-b,1,2026-08-21T10:26:32.011+00:00,E7,,T-P1,1,1,,1,Where is the men toilet?,en,L3a_deterministic,4,no,0,toilet_m,0,mission_complete,True,0.226,3.331,2.2553,1.6793,-1.6906,0.7212,0.045,3.0824,True,0.065796,0.3948211669921875,0.0,13.47,0,[],True,ALLOW: all checks passed,pose_based,none,True,HIGH,,,False,6,loaded,0fd61f9e82e8fe6991f0311014384e0c,2026-04-23T10:19:36.377832Z,True,460,136.63,day2_20260821/logs/20260821_132616/mission_1_toilet_m/start.jpg,396a0a36e8abc6a216f35947031879a7,day2_20260821/logs/20260821_132616/mission_1_toilet_m/finish.jpg,da3fa30fef70f2036a6ce89ca0483bdf
day2_20260821,20260821_132710,day2_20260821/logs/audit_20260821_132710.jsonl,xplorer-b,1,2026-08-21T10:27:38.985+00:00,E7,,T-P2,1,1,,1,How can I get some water?,en,L3b_vlm,,no,0,toilet_m,0,mission_complete,True,0.16,3.332,2.2281,1.5807,-1.5889,0.6354,-0.0857,-3.0729,True,0.077637,0.37288665771484375,11246.927499771118,11.81,0,[],True,ALLOW: all checks passed,pose_based,none,True,HIGH,,,False,6,loaded,0fd61f9e82e8fe6991f0311014384e0c,2026-04-23T10:19:36.377832Z,True,460,136.12,day2_20260821/logs/20260821_132710/mission_1_toilet_m/start.jpg,c666c1a17ec11efb05cdbbde882de21c,day2_20260821/logs/20260821_132710/mission_1_toilet_m/finish.jpg,81cae56371ce131489f60afc8a8aa66b
day2_20260821,20260821_132810,day2_20260821/logs/audit_20260821_132810.jsonl,xplorer-b,1,2026-08-21T10:28:34.234+00:00,E7,,T-P3,1,1,,1,Where can I wash my hands?,en,L3b_vlm,,no,0,toilet_m,0,mission_complete,True,0.168,3.311,2.3738,1.7503,-1.4311,0.6581,0.0577,3.0152,True,0.064301,0.46944618225097656,6961.867332458496,12.45,0,[],True,ALLOW: all checks passed,pose_based,none,True,HIGH,,,False,6,loaded,0fd61f9e82e8fe6991f0311014384e0c,2026-04-23T10:19:36.377832Z,True,460,135.1,day2_20260821/logs/20260821_132810/mission_1_toilet_m/start.jpg,4f91b31b0191d246aede7016002b9644,day2_20260821/logs/20260821_132810/mission_1_toilet_m/finish.jpg,6b96df3f52c4c0298e775504111c931d
day2_20260821,20260821_132911,day2_20260821/logs/audit_20260821_132911.jsonl,xplorer-b,1,2026-08-21T10:29:54.835+00:00,E7,,T-P4,1,1,,1,My hands are dirty.,en,L3b_vlm,,no,9,radiator,0,mission_complete,True,0.183,4.434,2.3169,1.7246,-1.3099,4.3835,-0.6592,-1.6021,True,0.053677,0.46443939208984375,7355.430603027344,30.31,0,[],True,ALLOW: all checks passed,vlm_landmark,landmark,True,HIGH,ok,e089c782ec4bc1b920c344141b688498,False,6,loaded,0fd61f9e82e8fe6991f0311014384e0c,2026-04-23T10:19:36.377832Z,True,460,135.13,day2_20260821/logs/20260821_132911/mission_1_radiator/start.jpg,c1b68acd633455a360dcab1e8b6c8cf3,day2_20260821/logs/20260821_132911/mission_1_radiator/finish.jpg,33f827c29d09f8eecdd18756971043f3
day2_20260821,20260821_133032,day2_20260821/logs/audit_20260821_133032.jsonl,xplorer-b,1,2026-08-21T10:31:13.683+00:00,E7,,S-P1,1,1,,1,Take me to stay on a chair.,en,L3a_deterministic,5,no,15,junction_e1,15,mission_complete,True,0.168,7.484,2.1535,1.6895,-1.6497,6.55,4.6319,1.5697,True,0.086334,0.4570484161376953,0.0,36.87,0,[],True,ALLOW: all checks passed,vlm_landmark,landmark,True,HIGH,ok,de180d6fd3375e3f85159f2b90d031ab,False,6,loaded,0fd61f9e82e8fe6991f0311014384e0c,2026-04-23T10:19:36.377832Z,True,460,138.31,day2_20260821/logs/20260821_133032/mission_1_junction_e1/start.jpg,51fbf07e5dfb3053ff490ffa86247056,day2_20260821/logs/20260821_133032/mission_1_junction_e1/finish.jpg,cea77acd1a3fcecbb6cd29e116c1e65f
day2_20260821,20260821_133151,day2_20260821/logs/audit_20260821_133151.jsonl,xplorer-b,1,2026-08-21T10:32:13.409+00:00,E7,,S-P2,1,,,1,I'm waiting for someone.,en,escalated,,yes,,,9,vlm_failed,,,,,,,,,,,,0.4642009735107422,,,0,[],False,no_deterministic_match,,,,,,,,6,loaded,0fd61f9e82e8fe6991f0311014384e0c,2026-04-23T10:19:36.377832Z,True,460,,,,,
day2_20260821,20260821_133316,day2_20260821/logs/audit_20260821_133316.jsonl,xplorer-b,1,2026-08-21T10:33:59.385+00:00,E7,,S-P3,1,1,,1,I need to rest a bit.,en,L3b_vlm,,no,9,radiator,9,mission_complete,True,0.184,4.482,2.2525,1.6055,-1.7847,4.4592,-0.6209,-1.5282,True,0.070672,0.35881996154785156,7032.489538192749,31.72,0,[],True,ALLOW: all checks passed,vlm_landmark,landmark,True,HIGH,ok,e089c782ec4bc1b920c344141b688498,False,6,loaded,0fd61f9e82e8fe6991f0311014384e0c,2026-04-23T10:19:36.377832Z,True,460,132.21,day2_20260821/logs/20260821_133316/mission_1_radiator/start.jpg,748d03b725c2e99970efa4310d1599f8,day2_20260821/logs/20260821_133316/mission_1_radiator/finish.jpg,52b11a4c0eb77deb3d0889227d6e00bf
day2_20260821,20260821_133431,day2_20260821/logs/audit_20260821_133431.jsonl,xplorer-b,1,2026-08-21T10:35:19.465+00:00,E7,,S-P4,1,1,,1,I'm tired.,en,L3b_vlm,,no,9,radiator,9,mission_complete,True,0.201,4.861,2.2042,1.671,-1.6966,4.5619,-0.6083,-1.5862,True,0.07053,0.4611015319824219,11315.798282623291,33.53,0,[],True,ALLOW: all checks passed,vlm_landmark,landmark,True,HIGH,ok,e089c782ec4bc1b920c344141b688498,False,6,loaded,0fd61f9e82e8fe6991f0311014384e0c,2026-04-23T10:19:36.377832Z,True,460,137.14,day2_20260821/logs/20260821_133431/mission_1_radiator/start.jpg,cb54eecc08a4f1903e48140f7dc58579,day2_20260821/logs/20260821_133431/mission_1_radiator/finish.jpg,c2b0b4a83549f610c83f80595c6c824b
day2_20260821,20260821_133600,day2_20260821/logs/audit_20260821_133600.jsonl,xplorer-b,1,2026-08-21T10:36:56.800+00:00,E7,,W-P1,1,1,,1,"Take me to a window, please.",en,L3b_vlm,,no,14,plant_5,14,mission_complete,True,0.166,8.018,2.1581,1.6859,-1.6689,6.5489,5.2342,1.4675,True,0.07385,0.47659873962402344,11378.281354904175,40.71,0,[],True,ALLOW: all checks passed,vlm_landmark,landmark,True,HIGH,ok,ace89171863277f13e882160d6034536,False,6,loaded,0fd61f9e82e8fe6991f0311014384e0c,2026-04-23T10:19:36.377832Z,True,460,138.79,day2_20260821/logs/20260821_133600/mission_1_plant_5/start.jpg,e197c1239ba71bd15ddcb743e3ed1876,day2_20260821/logs/20260821_133600/mission_1_plant_5/finish.jpg,6a8673c550e60cadf608016e39c17b30
day2_20260821,20260821_133732,day2_20260821/logs/audit_20260821_133732.jsonl,xplorer-b,1,2026-08-21T10:38:24.823+00:00,E7,,W-P2,1,1,,1,I'm looking for a plant or sunlight.,en,L3b_vlm,,no,14,plant_5,13,mission_complete,True,0.157,8.054,2.2735,1.6283,-1.7392,6.5819,5.2463,1.4964,True,0.078184,0.5085468292236328,11717.191934585571,38.52,0,[],True,ALLOW: all checks passed,vlm_landmark,landmark,True,HIGH,ok,ace89171863277f13e882160d6034536,False,6,loaded,0fd61f9e82e8fe6991f0311014384e0c,2026-04-23T10:19:36.377832Z,True,460,136.52,day2_20260821/logs/20260821_133732/mission_1_plant_5/start.jpg,0a1440c10ff3879297ce13f5f21b3bd4,day2_20260821/logs/20260821_133732/mission_1_plant_5/finish.jpg,fde4cc7582d8d2c03fede5e6558e1f4f
day2_20260821,20260821_133902,day2_20260821/logs/audit_20260821_133902.jsonl,xplorer-b,1,2026-08-21T10:39:54.833+00:00,E7,,W-P3,1,1,,1,Where can I get some fresh air?,en,L3b_vlm,,no,14,plant_5,14,mission_complete,True,0.149,8.118,2.2285,1.6317,-1.7115,6.5542,5.2513,1.5485,True,0.092041,0.4944801330566406,11066.946029663086,38.8,0,[],True,ALLOW: all checks passed,vlm_landmark,landmark,True,HIGH,ok,ace89171863277f13e882160d6034536,False,6,loaded,0fd61f9e82e8fe6991f0311014384e0c,2026-04-23T10:19:36.377832Z,True,460,138.11,day2_20260821/logs/20260821_133902/mission_1_plant_5/start.jpg,c30be94431c8c376a0bef61db1422104,day2_20260821/logs/20260821_133902/mission_1_plant_5/finish.jpg,1969975c7898331eaed699d20c06fa1d
day2_20260821,20260821_134044,day2_20260821/logs/audit_20260821_134044.jsonl,xplorer-b,1,2026-08-21T10:41:34.433+00:00,E7,,W-P4,1,1,,1,Where can I relax a bit?,en,L3b_vlm,,no,9,radiator,9,mission_complete,True,0.209,4.8,2.4406,1.5156,-1.7039,4.5217,-0.5923,-1.457,True,0.073082,0.9682178497314453,11599.400043487549,31.55,0,[],True,ALLOW: all checks passed,vlm_landmark,landmark,True,HIGH,ok,e089c782ec4bc1b920c344141b688498,False,6,loaded,0fd61f9e82e8fe6991f0311014384e0c,2026-04-23T10:19:36.377832Z,True,460,139.45,day2_20260821/logs/20260821_134044/mission_1_radiator/start.jpg,d37b3c078f045194454064cecdc2bb61,day2_20260821/logs/20260821_134044/mission_1_radiator/finish.jpg,4926980869dc99ecfe923297b686c829
day2_20260821,20260821_134202,day2_20260821/logs/audit_20260821_134202.jsonl,xplorer-b,1,2026-08-21T10:43:20.321+00:00,E7,,P-P1,1,1,,1,Show me a flower.,en,L3b_vlm,,no,13,plant_4,13,mission_complete,True,0.174,9.414,2.3466,1.6137,-1.6589,7.7557,5.5648,1.5467,True,0.120762,0.47135353088378906,11556.919813156128,63.62,0,[],True,ALLOW: all checks passed,vlm_landmark,landmark,True,HIGH,ok,5bdc909e4adef6bae4c10646ed3ca1e0,False,6,loaded,0fd61f9e82e8fe6991f0311014384e0c,2026-04-23T10:19:36.377832Z,True,460,138.59,day2_20260821/logs/20260821_134202/mission_1_plant_4/start.jpg,e6e302d352abb27572666a491101f220,day2_20260821/logs/20260821_134202/mission_1_plant_4/finish.jpg,698f14c12d3d4b1e6e3c6ae75bbe4926
day2_20260821,20260821_134402,day2_20260821/logs/audit_20260821_134402.jsonl,xplorer-b,1,2026-08-21T10:45:03.103+00:00,E7,,P-P2,1,1,,1,Take me to a green zone.,en,L3b_vlm,,no,20,plant_2,13,mission_complete,True,0.57,7.285,2.2953,1.5655,-1.7323,6.4407,-1.0084,-1.6231,True,0.143218,0.3886222839355469,15172.039031982422,41.67,0,[],True,ALLOW: all checks passed,vlm_landmark,landmark,True,HIGH,ok,893a544b18b857fc0932f50d348d0465,False,6,loaded,0fd61f9e82e8fe6991f0311014384e0c,2026-04-23T10:19:36.377832Z,True,460,136.5,day2_20260821/logs/20260821_134402/mission_1_plant_2/start.jpg,409e8a6c178ceaa514789565cac4fa54,day2_20260821/logs/20260821_134402/mission_1_plant_2/finish.jpg,8e1f53ad168db71b1482f6b4cc53f31f
day2_20260821,20260821_134532,day2_20260821/logs/audit_20260821_134532.jsonl,xplorer-b,1,2026-08-21T10:46:18.838+00:00,E7,,P-P3,1,1,,1,Where can I refresh?,en,L3b_vlm,,no,9,radiator,14,mission_complete,True,0.2,4.682,2.2303,1.6051,-1.7332,4.3776,-0.6418,-1.5818,True,0.058303,0.4436969757080078,11410.037279129028,32.02,0,[],True,ALLOW: all checks passed,vlm_landmark,landmark,True,HIGH,ok,e089c782ec4bc1b920c344141b688498,False,6,loaded,0fd61f9e82e8fe6991f0311014384e0c,2026-04-23T10:19:36.377832Z,True,460,129.91,day2_20260821/logs/20260821_134532/mission_1_radiator/start.jpg,b8311eacf481dcf308c6d36128dc0d22,day2_20260821/logs/20260821_134532/mission_1_radiator/finish.jpg,6642f8598eed500f55cae76e6d3df86b
day2_20260821,20260821_134645,day2_20260821/logs/audit_20260821_134645.jsonl,xplorer-b,1,2026-08-21T10:46:58.697+00:00,E7,,P-P4,1,,,1,I'm looking for a green spot.,en,escalated,,yes,,,13,vlm_failed,,,,,,,,,,,,1.0256767272949219,,,0,[],False,no_deterministic_match,,,,,,,,6,loaded,0fd61f9e82e8fe6991f0311014384e0c,2026-04-23T10:19:36.377832Z,True,460,,,,,
day2_20260821,20260821_134743,day2_20260821/logs/audit_20260821_134743.jsonl,xplorer-b,1,2026-08-21T10:48:05.403+00:00,E7,,H-P1,1,1,,1,Where is the hall exit?,en,L3a_deterministic,2,no,2,hall_exit,2,mission_complete,True,0.187,3.067,2.1767,1.647,-1.6523,0.6861,3.1793,3.1007,True,0.056223,0.28634071350097656,0.0,16.69,0,[],True,ALLOW: all checks passed,,,,,,,False,6,loaded,0fd61f9e82e8fe6991f0311014384e0c,2026-04-23T10:19:36.377832Z,True,460,141.85,day2_20260821/logs/20260821_134743/mission_1_hall_exit/start.jpg,b32661980e8af36faea781e4b39f3811,,
day2_20260821,20260821_134844,day2_20260821/logs/audit_20260821_134844.jsonl,xplorer-b,1,2026-08-21T10:49:25.544+00:00,E7,,H-P2,1,1,,1,I need to go to the other location.,en,L3b_vlm,,no,9,radiator,,mission_complete,True,0.162,5.127,2.1308,1.7215,-1.4316,4.5526,-0.6472,-1.3999,True,0.043169,0.49185752868652344,7375.98991394043,30.22,0,[],True,ALLOW: all checks passed,vlm_landmark,landmark,True,HIGH,ok,e089c782ec4bc1b920c344141b688498,False,6,loaded,0fd61f9e82e8fe6991f0311014384e0c,2026-04-23T10:19:36.377832Z,True,460,136.08,day2_20260821/logs/20260821_134844/mission_1_radiator/start.jpg,839c52defb684145d5d68e4b675f6a99,day2_20260821/logs/20260821_134844/mission_1_radiator/finish.jpg,1807beb436f675f32ab25e53c2de2e67
day2_20260821,20260821_135001,day2_20260821/logs/audit_20260821_135001.jsonl,xplorer-b,1,2026-08-21T10:50:16.325+00:00,E7,,H-P3,1,,,1,I need to go out.,en,escalated,,yes,,,1,vlm_failed,,,,,,,,,,,,0.4792213439941406,,,0,[],False,no_deterministic_match,,,,,,,,6,loaded,0fd61f9e82e8fe6991f0311014384e0c,2026-04-23T10:19:36.377832Z,True,460,,,,,
day2_20260821,20260821_135113,day2_20260821/logs/audit_20260821_135113.jsonl,xplorer-b,1,2026-08-21T10:51:40.870+00:00,E7,,H-P4,1,1,,1,I'm ready to move away.,en,L3b_vlm,,no,9,radiator,1,missed,False,1.967,3.042,2.1522,1.7198,-1.6851,4.4998,1.1671,-1.4582,True,0.021851,0.4906654357910156,6813.066482543945,14.04,0,[],True,ALLOW: all checks passed,,,,,,,False,6,loaded,0fd61f9e82e8fe6991f0311014384e0c,2026-04-23T10:19:36.377832Z,True,460,140.3,day2_20260821/logs/20260821_135113/mission_1_radiator/start.jpg,262edb4fbb3e6a6593d0a8940874db86,,
day2_20260821,20260821_135113,day2_20260821/logs/audit_20260821_135113.jsonl,xplorer-b,2,2026-08-21T10:52:12.838+00:00,E7,,H-P4,1,2,,1,I'm ready to move away.,en,L3b_vlm,,no,9,radiator,1,mission_complete,True,0.183,1.927,4.4998,1.1671,-1.4582,4.3263,-0.7418,-1.4181,True,0.025602,0.3104209899902344,7575.667858123779,24.29,0,[],True,ALLOW: all checks passed,vlm_landmark,landmark,True,HIGH,ok,e089c782ec4bc1b920c344141b688498,False,6,loaded,0fd61f9e82e8fe6991f0311014384e0c,2026-04-23T10:19:36.377832Z,True,460,146.52,day2_20260821/logs/20260821_135113/mission_2_radiator/start.jpg,4e21dd5ff0f224fa538f7b9f0ddde5a1,day2_20260821/logs/20260821_135113/mission_2_radiator/finish.jpg,626dccbb6eddeb9a712f588dc264919d
day2_20260821,20260821_135311,day2_20260821/logs/audit_20260821_135311.jsonl,xplorer-b,1,2026-08-21T10:53:57.689+00:00,E7,,G-1,1,1,,1,Where is the class lab?,en,L3b_vlm,,no,5,cb204,5,mission_complete,True,0.175,3.288,2.2602,1.7225,-1.3826,2.1537,4.6309,1.5562,True,0.05038,0.4565715789794922,11687.854528427124,31.65,0,[],True,ALLOW: all checks passed,vlm_contextual,contextual,True,HIGH,ok,f594f968a1a3fef04c3095d9df17baa9,False,6,loaded,0fd61f9e82e8fe6991f0311014384e0c,2026-04-23T10:19:36.377832Z,True,460,134.7,day2_20260821/logs/20260821_135311/mission_1_cb204/start.jpg,b4ce12258b664fdaad64ed79de862a0f,day2_20260821/logs/20260821_135311/mission_1_cb204/finish.jpg,86a21ea967cf62c59e05d93c4aaf651c
day2_20260821,20260821_135419,day2_20260821/logs/audit_20260821_135419.jsonl,xplorer-b,1,2026-08-21T10:55:18.256+00:00,E7,,G-2,1,1,,1,I want to wait for someone who is finishing the lab in CB203.,en,L3b_vlm,,no,23,cb203_exit,23,mission_complete,True,0.285,7.924,2.2645,1.6394,-1.53,7.9386,3.557,3.0948,True,0.073685,1.287221908569336,11584.326028823853,42.32,0,[],True,ALLOW: all checks passed,vlm_contextual,contextual,True,HIGH,ok,9efebdf987690cc50e83bedb3d2d5bc2,False,6,loaded,0fd61f9e82e8fe6991f0311014384e0c,2026-04-23T10:19:36.377832Z,True,460,128.82,day2_20260821/logs/20260821_135419/mission_1_cb203_exit/start.jpg,66d5b01d267f7a985a306edc9f3a0c21,day2_20260821/logs/20260821_135419/mission_1_cb203_exit/finish.jpg,f1b67477dc36ae42d5b2924dcd8559b2
day2_20260821,20260821_135551,day2_20260821/logs/audit_20260821_135551.jsonl,xplorer-b,1,2026-08-21T10:56:33.948+00:00,E7,,G-3,1,1,,1,Where is the H sign?,en,L3a_deterministic,5,no,23,cb203_exit,,mission_complete,True,0.431,7.999,2.3729,1.4418,-1.7332,7.7695,3.6512,3.1028,True,0.067551,0.5004405975341797,0.0,39.07,0,[],True,ALLOW: all checks passed,vlm_contextual,contextual,True,HIGH,ok,9efebdf987690cc50e83bedb3d2d5bc2,False,6,loaded,0fd61f9e82e8fe6991f0311014384e0c,2026-04-23T10:19:36.377832Z,True,460,140.46,day2_20260821/logs/20260821_135551/mission_1_cb203_exit/start.jpg,95e858fa0876dc47942c64cc73bf6a36,day2_20260821/logs/20260821_135551/mission_1_cb203_exit/finish.jpg,e959dd3ab040b3133e9d0cdb1f4d018f
day2_20260821,20260821_135704,day2_20260821/logs/audit_20260821_135704.jsonl,xplorer-b,1,2026-08-21T10:57:43.318+00:00,E7,,G-4,1,1,,1,Where is the closest chair?,en,L3a_deterministic,5,no,15,junction_e1,15,mission_complete,True,0.093,7.389,2.5383,1.588,-1.6662,6.6051,4.725,1.6683,True,0.063896,0.3750324249267578,0.0,34.29,0,[],True,ALLOW: all checks passed,vlm_landmark,landmark,True,HIGH,ok,de180d6fd3375e3f85159f2b90d031ab,False,6,loaded,0fd61f9e82e8fe6991f0311014384e0c,2026-04-23T10:19:36.377832Z,True,460,136.51,day2_20260821/logs/20260821_135704/mission_1_junction_e1/start.jpg,2f8205aaa715096a1f3b26a880c08938,day2_20260821/logs/20260821_135704/mission_1_junction_e1/finish.jpg,9fdee8dc57e92ab9dedad86ca90df6aa
day2_20260821,20260821_140457,day2_20260821/logs/audit_20260821_140457.jsonl,xplorer-b,1,2026-08-21T11:05:47.050+00:00,E6,,AB-S1,1,1,,1,go to a place to take a short break for personal needs,en,L3b_vlm,,no,9,radiator,,mission_complete,True,0.213,4.417,2.3772,1.474,-1.6932,4.652,-0.6507,-1.5375,True,0.020947,1.3914108276367188,10126.092195510864,33.53,0,[],True,ALLOW: all checks passed,vlm_landmark,landmark,True,HIGH,ok,e089c782ec4bc1b920c344141b688498,False,0,empty,,,False,0,142.4,day2_20260821/logs/20260821_140457/mission_1_radiator/start.jpg,cfbced195714c7ed76fbeca09a5808dd,day2_20260821/logs/20260821_140457/mission_1_radiator/finish.jpg,6dcf3b9434e808dc679511febf386e2a
day2_20260821,20260821_140856,day2_20260821/logs/audit_20260821_140856.jsonl,xplorer-b,1,2026-08-21T11:09:48.034+00:00,E6,,AB-S3o,1,1,,1,"It is too hot in here, take me somewhere I can get some fresh air",en,L3b_vlm,,no,15,junction_e1,,mission_complete,True,0.196,7.558,2.2393,1.6465,-1.7224,6.4789,4.6175,1.6702,True,0.075542,0.6821155548095703,11164.108991622925,36.24,0,[],True,ALLOW: all checks passed,vlm_landmark,landmark,True,HIGH,ok,de180d6fd3375e3f85159f2b90d031ab,False,0,empty,,,False,0,138.51,day2_20260821/logs/20260821_140856/mission_1_junction_e1/start.jpg,5aaaa3af68d7b6d367b9eba7da07476f,day2_20260821/logs/20260821_140856/mission_1_junction_e1/finish.jpg,3a51e5dcc1f062d8e2fde7e2d26e47cb
day2_20260821,20260821_142326,day2_20260821/logs/audit_20260821_142326.jsonl,xplorer-c,1,2026-08-21T11:24:19.363+00:00,E6,,AB-S1,1,1,,1,go to a place to take a short break for personal needs,en,L3b_vlm,,no,9,radiator,,mission_complete,True,0.137,7.14,2.1767,4.062,-1.741,4.4753,-0.6652,-1.5246,True,0.046822,0.5309581756591797,10270.368576049805,36.74,0,[],True,ALLOW: all checks passed,vlm_landmark,landmark,True,HIGH,ok,e089c782ec4bc1b920c344141b688498,False,0,empty,,,False,0,136.78,day2_20260821/logs/20260821_142326/mission_1_radiator/start.jpg,3d35e523fbd64ed116af5938b7f9ac94,day2_20260821/logs/20260821_142326/mission_1_radiator/finish.jpg,88b976640a3d9e8d760c306d89c71bf2
day2_20260821,20260821_142441,day2_20260821/logs/audit_20260821_142441.jsonl,xplorer-c,1,2026-08-21T11:25:35.934+00:00,E6,,AB-S3o,1,1,,1,"It is too hot in here, take me somewhere I can get some fresh air",en,L3b_vlm,,no,15,junction_e1,,mission_complete,True,0.16,7.727,2.2926,1.6723,-1.6853,6.4305,4.694,1.4756,True,0.144351,0.701904296875,11605.572938919067,40.84,0,[],True,ALLOW: all checks passed,vlm_landmark,landmark,False,MEDIUM,ok,de180d6fd3375e3f85159f2b90d031ab,False,0,empty,,,False,0,133.35,day2_20260821/logs/20260821_142441/mission_1_junction_e1/start.jpg,97db3b57003366bd1239a97f1ae1ef44,day2_20260821/logs/20260821_142441/mission_1_junction_e1/finish.jpg,2a67944d15e0ba75ae0b974dfb65fa0a
day2_20260821,20260821_143549,day2_20260821/logs/audit_20260821_143549.jsonl,xplorer-c,1,2026-08-21T11:36:23.040+00:00,E4,E4.0,P1,0,1,,1,take me to the place where deliveries arrive,en,L3b_vlm,,no,8,cb202,,mission_complete,True,0.144,1.712,2.2369,1.6608,-1.5298,2.1984,0.1441,-1.5923,True,0.051982,0.408172607421875,10365.18144607544,20.11,0,[],True,ALLOW: all checks passed,vlm_landmark,landmark,True,HIGH,ok,1e750e376384b9018b536a1728d123ae,False,6,loaded,0fd61f9e82e8fe6991f0311014384e0c,2026-04-23T10:19:36.377832Z,True,460,138.54,day2_20260821/logs/20260821_143549/mission_1_cb202/start.jpg,812b98c5a1e1ac4acc845cca1f59cf6e,day2_20260821/logs/20260821_143549/mission_1_cb202/finish.jpg,774abe3f077941b9fea1b3f883d1ae11
day2_20260821,20260821_143713,day2_20260821/logs/audit_20260821_143713.jsonl,xplorer-c,1,2026-08-21T11:38:15.913+00:00,E4,E4.0,P2,0,1,,1,find me a quiet corner to read,en,L3b_vlm,,no,9,radiator,,mission_complete,True,0.168,4.699,2.1946,1.7265,-1.5729,4.3435,-0.7393,-1.5603,True,0.042681,0.400543212890625,11222.458124160767,48.32,0,[],True,ALLOW: all checks passed,vlm_landmark,landmark,True,HIGH,ok,e089c782ec4bc1b920c344141b688498,False,6,loaded,0fd61f9e82e8fe6991f0311014384e0c,2026-04-23T10:19:36.377832Z,True,460,143.71,day2_20260821/logs/20260821_143713/mission_1_radiator/start.jpg,b627614540db31062e38eee7998ea677,day2_20260821/logs/20260821_143713/mission_1_radiator/finish.jpg,2eddb2010139afd4d3465b593af24006
day2_20260821,20260821_143913,day2_20260821/logs/audit_20260821_143913.jsonl,xplorer-c,1,2026-08-21T11:39:46.522+00:00,E4,E4.1,P1,1,1,,1,take me to the place where deliveries arrive,en,L3b_vlm,,no,10,junction_s1,,mission_complete,True,0.164,4.02,2.1657,1.4566,-1.4275,4.3977,0.1286,-1.5348,True,0.040762,0.4749298095703125,10986.968755722046,19.29,0,[],True,ALLOW: all checks passed,,,,,,,False,6,loaded,0fd61f9e82e8fe6991f0311014384e0c,2026-04-23T10:19:36.377832Z,True,460,137.68,day2_20260821/logs/20260821_143913/mission_1_junction_s1/start.jpg,5a9686f8fa79baccbdd02207e74b1e35,,
day2_20260821,20260821_144018,day2_20260821/logs/audit_20260821_144018.jsonl,xplorer-c,1,2026-08-21T11:41:01.757+00:00,E4,E4.1,P2,1,1,,1,find me a quiet corner to read,en,L3b_vlm,,no,9,radiator,,mission_complete,True,0.176,4.437,2.3737,1.5088,-1.6107,4.3757,-0.6754,-1.5431,True,0.054459,0.46181678771972656,6899.555683135986,32.6,0,[],True,ALLOW: all checks passed,vlm_landmark,landmark,True,HIGH,ok,e089c782ec4bc1b920c344141b688498,False,6,loaded,0fd61f9e82e8fe6991f0311014384e0c,2026-04-23T10:19:36.377832Z,True,460,140.85,day2_20260821/logs/20260821_144018/mission_1_radiator/start.jpg,bc36d24a0cd2f860df3768a2ec5a040a,day2_20260821/logs/20260821_144018/mission_1_radiator/finish.jpg,762ffebb327594fabeceb89e8ae88b03
day2_20260821,20260821_144154,day2_20260821/logs/audit_20260821_144154.jsonl,xplorer-c,1,2026-08-21T11:42:16.589+00:00,E4,E4.1,P1,2,,,1,take me to the place where deliveries arrive,en,escalated,,yes,,,,vlm_failed,,,,,,,,,,,,0.4582405090332031,,,0,[],False,no_deterministic_match,,,,,,,,6,loaded,0fd61f9e82e8fe6991f0311014384e0c,2026-04-23T10:19:36.377832Z,True,460,,,,,
day2_20260821,20260821_144333,day2_20260821/logs/audit_20260821_144333.jsonl,xplorer-c,1,2026-08-21T11:44:25.218+00:00,E4,E4.1,P2,2,1,,1,find me a quiet corner to read,en,L3b_vlm,,no,15,junction_e1,,mission_complete,True,0.201,7.838,2.2573,1.635,-1.6701,6.4107,4.6555,1.5719,True,0.135177,0.5049705505371094,6853.448152542114,39.44,0,[],True,ALLOW: all checks passed,vlm_landmark,landmark,True,HIGH,ok,de180d6fd3375e3f85159f2b90d031ab,False,6,loaded,0fd61f9e82e8fe6991f0311014384e0c,2026-04-23T10:19:36.377832Z,True,460,137.67,day2_20260821/logs/20260821_144333/mission_1_junction_e1/start.jpg,ee9e6fa7e1ee8a3e7d99e7afcaeeb8b2,day2_20260821/logs/20260821_144333/mission_1_junction_e1/finish.jpg,23e3e8e2f4e29dac4bfd8c4c161c9c2d
day2_20260821,20260821_144452,day2_20260821/logs/audit_20260821_144452.jsonl,xplorer-c,1,2026-08-21T11:45:28.532+00:00,E4,E4.1,P1,3,1,,1,take me to the place where deliveries arrive,en,L3b_vlm,,no,10,junction_s1,,mission_complete,True,0.133,3.682,2.5095,1.562,-1.5401,4.3898,0.0748,-1.4746,True,0.054702,0.3902912139892578,11304.104566574097,19.08,0,[],True,ALLOW: all checks passed,,,,,,,False,6,loaded,0fd61f9e82e8fe6991f0311014384e0c,2026-04-23T10:19:36.377832Z,True,460,135.45,day2_20260821/logs/20260821_144452/mission_1_junction_s1/start.jpg,dbbdc3a592eef93d2b31e1e71b83ba8e,,
day2_20260821,20260821_144613,day2_20260821/logs/audit_20260821_144613.jsonl,xplorer-c,1,2026-08-21T11:46:53.601+00:00,E4,E4.1,P2,3,1,,1,find me a quiet corner to read,en,L3b_vlm,,no,9,radiator,,mission_complete,True,0.136,4.444,2.3138,1.6548,-1.4048,4.4719,-0.6669,-1.4671,True,0.064236,0.46324729919433594,6926.346778869629,30.53,0,[],True,ALLOW: all checks passed,vlm_landmark,landmark,True,HIGH,ok,e089c782ec4bc1b920c344141b688498,False,6,loaded,0fd61f9e82e8fe6991f0311014384e0c,2026-04-23T10:19:36.377832Z,True,460,124.03,day2_20260821/logs/20260821_144613/mission_1_radiator/start.jpg,8ac9d51eb3cc4d1e568f599557a69aab,day2_20260821/logs/20260821_144613/mission_1_radiator/finish.jpg,591390c881c0aaeb0e416dfed795c5fb
day2_20260821,20260821_144722,day2_20260821/logs/audit_20260821_144722.jsonl,xplorer-c,1,2026-08-21T11:48:08.113+00:00,E4,E4.1,P1,4,1,,1,take me to the place where deliveries arrive,en,L3b_vlm,,no,5,cb204,,mission_complete,True,0.128,3.793,2.4595,1.6057,-1.3148,2.211,4.6728,1.6461,True,0.038255,0.47516822814941406,11099.4713306427,29.31,0,[],True,ALLOW: all checks passed,vlm_contextual,contextual,True,HIGH,ok,f594f968a1a3fef04c3095d9df17baa9,False,6,loaded,0fd61f9e82e8fe6991f0311014384e0c,2026-04-23T10:19:36.377832Z,True,460,134.2,day2_20260821/logs/20260821_144722/mission_1_cb204/start.jpg,b206c7cbe7ac6e6690f5ab018d916bb7,day2_20260821/logs/20260821_144722/mission_1_cb204/finish.jpg,825b9f44a512c9b0705b3cdcd1db6da0
day2_20260821,20260821_144850,day2_20260821/logs/audit_20260821_144850.jsonl,xplorer-c,1,2026-08-21T11:49:40.531+00:00,E4,E4.1,P2,4,1,,1,find me a quiet corner to read,en,L3b_vlm,,no,9,radiator,,mission_complete,True,0.181,4.867,2.2344,1.5963,-1.603,4.4036,-0.6465,-1.5944,True,0.071802,0.4405975341796875,11269.80996131897,35.08,0,[],True,ALLOW: all checks passed,vlm_landmark,landmark,True,HIGH,ok,e089c782ec4bc1b920c344141b688498,False,6,loaded,0fd61f9e82e8fe6991f0311014384e0c,2026-04-23T10:19:36.377832Z,True,460,141.66,day2_20260821/logs/20260821_144850/mission_1_radiator/start.jpg,cc32a0059e6e3e26765c972653c42cc9,day2_20260821/logs/20260821_144850/mission_1_radiator/finish.jpg,3d4006c5aca2b760c5c9155e068937d3
day2_20260821,20260821_151342,day2_20260821/logs/audit_20260821_151342.jsonl,xplorer-b,1,2026-08-21T12:14:07.282+00:00,E4,E4.0,P1,0,,,1,take me to the place where deliveries arrive,en,escalated,,yes,,,,vlm_failed,,,,,,,,,,,,0.5476474761962891,,,0,[],False,no_deterministic_match,,,,,,,,6,loaded,0fd61f9e82e8fe6991f0311014384e0c,2026-04-23T10:19:36.377832Z,True,460,,,,,
day2_20260821,20260821_151517,day2_20260821/logs/audit_20260821_151517.jsonl,xplorer-b,1,2026-08-21T12:15:27.459+00:00,E4,E4.0,P2,0,,,1,find me a quiet corner to read,en,escalated,,yes,,,,vlm_failed,,,,,,,,,,,,0.4355907440185547,,,0,[],False,no_deterministic_match,,,,,,,,6,loaded,0fd61f9e82e8fe6991f0311014384e0c,2026-04-23T10:19:36.377832Z,True,460,,,,,
day2_20260821,20260821_151846,day2_20260821/logs/audit_20260821_151846.jsonl,xplorer-b,1,2026-08-21T12:18:57.363+00:00,E4,E4.3,P1,1,,,1,take me to the place where deliveries arrive,en,escalated,,yes,,,,vlm_failed,,,,,,,,,,,,0.3440380096435547,,,0,[],False,no_deterministic_match,,,,,,,,6,loaded,0fd61f9e82e8fe6991f0311014384e0c,2026-04-23T10:19:36.377832Z,True,460,,,,,
day2_20260821,20260821_152359,day2_20260821/logs/audit_20260821_152359.jsonl,xplorer-b,1,2026-08-21T12:24:45.908+00:00,E4,E4.3,P2,1,1,,1,find me a quiet corner to read,en,L3b_vlm,,no,9,radiator,,mission_complete,True,0.177,5.128,2.1705,1.9148,-1.5594,4.6374,-0.6878,-1.5022,True,0.025993,0.45609474182128906,11392.818689346313,30.72,0,[],True,ALLOW: all checks passed,vlm_landmark,landmark,True,HIGH,ok,e089c782ec4bc1b920c344141b688498,False,6,loaded,0fd61f9e82e8fe6991f0311014384e0c,2026-04-23T10:19:36.377832Z,True,460,138.71,day2_20260821/logs/20260821_152359/mission_1_radiator/start.jpg,46c0425f109fdf005c88bf90c4238faf,day2_20260821/logs/20260821_152359/mission_1_radiator/finish.jpg,87496e1fcbe86451e143f0c3ba2c2fd8
day2_20260821,20260821_152524,day2_20260821/logs/audit_20260821_152524.jsonl,xplorer-b,1,2026-08-21T12:25:59.745+00:00,E4,E4.3,P1,2,1,,1,take me to the place where deliveries arrive,en,L3b_vlm,,no,8,cb202,,mission_complete,True,0.201,1.726,2.1878,1.6441,-1.7048,2.2456,0.1959,-1.572,True,0.053157,0.45228004455566406,11600.677490234375,20.7,0,[],True,ALLOW: all checks passed,vlm_landmark,landmark,True,HIGH,ok,1e750e376384b9018b536a1728d123ae,False,6,loaded,0fd61f9e82e8fe6991f0311014384e0c,2026-04-23T10:19:36.377832Z,True,460,138.99,day2_20260821/logs/20260821_152524/mission_1_cb202/start.jpg,171d46ce41da2902523b6c205704d586,day2_20260821/logs/20260821_152524/mission_1_cb202/finish.jpg,d897e247ede31b0f434b88e8b8e01f41
day2_20260821,20260821_152624,day2_20260821/logs/audit_20260821_152624.jsonl,xplorer-b,1,2026-08-21T12:27:08.438+00:00,E4,E4.3,P2,2,1,,1,find me a quiet corner to read,en,L3b_vlm,,no,9,radiator,,missed,False,2.6,1.287,2.1146,1.4303,-1.5148,2.1688,0.3519,-1.0801,True,0.023345,0.5433559417724609,11580.33561706543,27.31,0,[],True,ALLOW: all checks passed,,,,,,,False,6,loaded,0fd61f9e82e8fe6991f0311014384e0c,2026-04-23T10:19:36.377832Z,True,460,145.9,day2_20260821/logs/20260821_152624/mission_1_radiator/start.jpg,d720217944baf07bb773984bb6d92448,,
day2_20260821,20260821_152624,day2_20260821/logs/audit_20260821_152624.jsonl,xplorer-b,2,2026-08-21T12:27:15.537+00:00,E4,E4.3,P2,2,,,1,find me a quiet corner to read,en,escalated,,yes,,,,vlm_failed,,,,,,,,,,,,0.28705596923828125,,,0,[],False,no_deterministic_match,,,,,,,,6,loaded,0fd61f9e82e8fe6991f0311014384e0c,2026-04-23T10:19:36.377832Z,True,460,,,,,
day2_20260821,20260821_153019,day2_20260821/logs/audit_20260821_153019.jsonl,xplorer-b,1,2026-08-21T12:30:32.778+00:00,E4,E4.3,P1,3,,,1,take me to the place where deliveries arrive,en,escalated,,yes,,,,vlm_failed,,,,,,,,,,,,0.457763671875,,,0,[],False,no_deterministic_match,,,,,,,,6,loaded,0fd61f9e82e8fe6991f0311014384e0c,2026-04-23T10:19:36.377832Z,True,460,,,,,
day2_20260821,20260821_153221,day2_20260821/logs/audit_20260821_153221.jsonl,xplorer-b,1,2026-08-21T12:32:34.518+00:00,E4,E4.3,P2,3,,,1,find me a quiet corner to read,en,escalated,,yes,,,,vlm_failed,,,,,,,,,,,,0.43129920959472656,,,0,[],False,no_deterministic_match,,,,,,,,6,loaded,0fd61f9e82e8fe6991f0311014384e0c,2026-04-23T10:19:36.377832Z,True,460,,,,,
day2_20260821,20260821_153343,day2_20260821/logs/audit_20260821_153343.jsonl,xplorer-b,1,2026-08-21T12:34:01.990+00:00,E4,E4.3,NEG1,1,1,,1,I need to warm up,en,L3b_vlm,,no,9,radiator,,missed,False,2.544,1.444,2.28,1.6608,-1.7178,2.2714,0.4274,-1.2801,True,0.089517,0.3476142883300781,7118.171215057373,7.15,0,[],True,ALLOW: all checks passed,,,,,,,False,6,loaded,0fd61f9e82e8fe6991f0311014384e0c,2026-04-23T10:19:36.377832Z,True,460,132.24,day2_20260821/logs/20260821_153343/mission_1_radiator/start.jpg,c795fc74ef68bbafde91b738090ef1be,,
day2_20260821,20260821_153343,day2_20260821/logs/audit_20260821_153343.jsonl,xplorer-b,2,2026-08-21T12:34:38.609+00:00,E4,E4.3,NEG1,1,2,,1,I need to warm up,en,L3b_vlm,,no,9,radiator,,mission_complete,True,0.199,3.028,2.2714,0.4274,-1.2801,4.5453,-0.6062,-1.5294,True,0.020041,0.2846717834472656,6836.3096714019775,29.71,0,[],True,ALLOW: all checks passed,vlm_landmark,landmark,True,HIGH,ok,e089c782ec4bc1b920c344141b688498,False,6,loaded,0fd61f9e82e8fe6991f0311014384e0c,2026-04-23T10:19:36.377832Z,True,460,131.98,day2_20260821/logs/20260821_153343/mission_2_radiator/start.jpg,4535e336e832b51e1e17230df1f1d402,day2_20260821/logs/20260821_153343/mission_2_radiator/finish.jpg,f3d03e9093f5ea08b6caab8d333d1603
day2_20260821,20260821_153503,day2_20260821/logs/audit_20260821_153503.jsonl,xplorer-b,1,2026-08-21T12:36:06.372+00:00,E4,E4.3,NEG2,1,1,,1,take me to the greenest corner of the building,en,L3b_vlm,,no,14,plant_5,,missed,False,2.462,5.606,2.3732,1.6449,-1.4929,5.7438,3.0742,1.2684,True,0.015722,0.41294097900390625,11782.205820083618,44.18,0,[],True,ALLOW: all checks passed,,,,,,,False,6,loaded,0fd61f9e82e8fe6991f0311014384e0c,2026-04-23T10:19:36.377832Z,True,460,138.53,day2_20260821/logs/20260821_153503/mission_1_plant_5/start.jpg,651bd7cff0ca225ba0c437717bf1184a,,
day2_20260821,20260821_153503,day2_20260821/logs/audit_20260821_153503.jsonl,xplorer-b,2,2026-08-21T12:36:57.370+00:00,E4,E4.3,NEG2,1,2,,1,take me to the greenest corner of the building,en,L3b_vlm,,no,15,junction_e1,,mission_complete,True,0.091,2.012,5.7438,3.0742,1.2684,6.4607,4.8187,1.4254,True,0.036065,0.3075599670410156,8073.799133300781,42.79,0,[],True,ALLOW: all checks passed,vlm_landmark,landmark,True,HIGH,ok,de180d6fd3375e3f85159f2b90d031ab,False,6,loaded,0fd61f9e82e8fe6991f0311014384e0c,2026-04-23T10:19:36.377832Z,True,460,112.35,day2_20260821/logs/20260821_153503/mission_2_junction_e1/start.jpg,93c198ffaf7f6e2bbec0b7f81acad259,day2_20260821/logs/20260821_153503/mission_2_junction_e1/finish.jpg,7057cf96fa546094a6e3a960c0289f49
day2_20260821,20260821_164323,day2_20260821/logs/audit_20260821_164323.jsonl,xplorer-b,1,2026-08-21T13:44:27.703+00:00,E5,,pair1,1,1,E5-pair1,2,I need to use the restroom,en,L3b_vlm,,no,0,toilet_m,,mission_complete,True,0.162,3.704,0.4345,3.4518,-0.209,0.4974,0.1623,-3.0569,True,0.034182,0.4200935363769531,10072.315454483032,18.52,0,[],True,ALLOW: all checks passed,pose_based,none,True,HIGH,,,False,6,loaded,0fd61f9e82e8fe6991f0311014384e0c,2026-04-23T10:19:36.377832Z,True,460,133.13,day2_20260821/logs/20260821_164323/mission_1_toilet_m/start.jpg,a5a66d262ac20f2bafdacd4ad8ef83b8,day2_20260821/logs/20260821_164323/mission_1_toilet_m/finish.jpg,59ceddeb356767f8e42e134d6dc66357
day2_20260821,20260821_164326,day2_20260821/logs/audit_20260821_164326.jsonl,xplorer-c,1,2026-08-21T13:44:41.683+00:00,E5,,pair1,1,1,E5-pair1,2,I would like to be near the plants,en,L3b_vlm,,no,15,junction_e1,,mission_complete,True,0.175,3.425,6.6595,1.6887,3.0233,6.5745,4.6269,1.5043,True,0.087414,0.4646778106689453,16873.939990997314,25.43,0,[],True,ALLOW: all checks passed,vlm_landmark,landmark,True,HIGH,ok,de180d6fd3375e3f85159f2b90d031ab,False,6,loaded,0fd61f9e82e8fe6991f0311014384e0c,2026-04-23T10:19:36.377832Z,True,460,133.64,day2_20260821/logs/20260821_164326/mission_1_junction_e1/start.jpg,ef7227a21f8a7fe62840cba031bec750,day2_20260821/logs/20260821_164326/mission_1_junction_e1/finish.jpg,637ebd69a007c37ef5eaa1c6c6b096c4
day2_20260821,20260821_164941,day2_20260821/logs/audit_20260821_164941.jsonl,xplorer-b,1,2026-08-21T13:50:55.750+00:00,E5,,pair2,1,1,E5-pair2,2,point me to a restroom please,en,L3b_vlm,,no,0,toilet_m,,mission_complete,True,0.206,3.441,0.4869,3.1911,0.0455,0.367,0.1573,-2.9584,True,0.046599,0.48828125,17163.214445114136,17.94,0,[],True,ALLOW: all checks passed,pose_based,none,True,HIGH,,,False,6,loaded,0fd61f9e82e8fe6991f0311014384e0c,2026-04-23T10:19:36.377832Z,True,460,141.29,day2_20260821/logs/20260821_164941/mission_1_toilet_m/start.jpg,343861b4e850774f4e8c738daa762b13,day2_20260821/logs/20260821_164941/mission_1_toilet_m/finish.jpg,68690b0555e4217a513a583eda99f29f
day2_20260821,20260821_164945,day2_20260821/logs/audit_20260821_164945.jsonl,xplorer-c,1,2026-08-21T13:51:03.786+00:00,E5,,pair2,1,1,E5-pair2,2,take me next to a potted plant,en,L3b_vlm,,no,13,plant_4,,mission_complete,True,0.18,4.906,6.4256,1.7065,3.0453,7.5635,5.2819,1.5146,True,0.038399,0.4010200500488281,9032.225608825684,32.81,0,[],True,ALLOW: all checks passed,vlm_landmark,landmark,True,HIGH,ok,5bdc909e4adef6bae4c10646ed3ca1e0,False,6,loaded,0fd61f9e82e8fe6991f0311014384e0c,2026-04-23T10:19:36.377832Z,True,460,131.33,day2_20260821/logs/20260821_164945/mission_1_plant_4/start.jpg,b530f1d60313d948bb8b01185cd64a68,day2_20260821/logs/20260821_164945/mission_1_plant_4/finish.jpg,a672b29a4cc1fa6ca8a0077ec5d7aec8
day2_20260821,20260821_165317,day2_20260821/logs/audit_20260821_165317.jsonl,xplorer-b,1,2026-08-21T13:54:30.265+00:00,E5,,pair3,1,1,E5-pair3,2,I am looking for a restroom,en,L3b_vlm,,no,0,toilet_m,,mission_complete,True,0.172,3.846,0.3142,3.1426,0.0689,0.4432,0.1628,-3.0419,True,0.040803,0.3743171691894531,18920.483827590942,16.49,0,[],True,ALLOW: all checks passed,pose_based,none,True,HIGH,,,False,6,loaded,0fd61f9e82e8fe6991f0311014384e0c,2026-04-23T10:19:36.377832Z,True,460,136.93,day2_20260821/logs/20260821_165317/mission_1_toilet_m/start.jpg,9245b6f44ac98d217c0652884ca4b98f,day2_20260821/logs/20260821_165317/mission_1_toilet_m/finish.jpg,5ca479e42d75ae741fd02e9052b583dd
day2_20260821,20260821_165320,day2_20260821/logs/audit_20260821_165320.jsonl,xplorer-c,1,2026-08-21T13:54:40.421+00:00,E5,,pair3,1,1,E5-pair3,2,show me where the potted plants are,en,L3b_vlm,,no,14,plant_5,,mission_complete,True,0.119,4.116,6.4765,1.6903,-3.0502,6.5866,5.2863,1.4791,True,0.106651,0.3857612609863281,10792.560815811157,33.46,0,[],True,ALLOW: all checks passed,vlm_landmark,landmark,True,HIGH,ok,ace89171863277f13e882160d6034536,False,6,loaded,0fd61f9e82e8fe6991f0311014384e0c,2026-04-23T10:19:36.377832Z,True,460,129.43,day2_20260821/logs/20260821_165320/mission_1_plant_5/start.jpg,2cf63b0fa5967a571448c7d229680a87,day2_20260821/logs/20260821_165320/mission_1_plant_5/finish.jpg,e39ed9961381c9a953be0cefc38d551e
day2_20260821,20260821_170007,day2_20260821/logs/audit_20260821_170007.jsonl,xplorer-b,1,2026-08-21T14:00:36.960+00:00,E0,,AS,1,1,,1,take me to cb202,en,L3a_deterministic,2,no,8,cb202,8,mission_complete,True,0.226,1.859,2.0257,1.8042,-1.4668,2.354,0.1651,-1.4344,True,0.062774,0.3592967987060547,0.0,18.91,0,[],True,ALLOW: all checks passed,vlm_landmark,landmark,False,LOW,ok,1e750e376384b9018b536a1728d123ae,False,6,loaded,0fd61f9e82e8fe6991f0311014384e0c,2026-04-23T10:19:36.377832Z,True,460,136.25,day2_20260821/logs/20260821_170007/mission_1_cb202/start.jpg,69fd32a502d45457c0af2411df68bb2e,day2_20260821/logs/20260821_170007/mission_1_cb202/finish.jpg,3e3ab7cd12fe1090ee4bea981fbde9ad
day2_20260821,20260821_170226,day2_20260821/logs/audit_20260821_170226.jsonl,xplorer-c,1,2026-08-21T14:03:19.579+00:00,E0,,AS,1,1,,1,take me to cb202,en,L3a_deterministic,2,no,8,cb202,8,mission_complete,True,0.182,1.754,2.4482,1.662,-1.5863,2.164,0.1787,-1.5225,True,0.051898,0.385284423828125,0.0,16.56,0,[],True,ALLOW: all checks passed,vlm_landmark,landmark,True,HIGH,ok,1e750e376384b9018b536a1728d123ae,False,6,loaded,0fd61f9e82e8fe6991f0311014384e0c,2026-04-23T10:19:36.377832Z,True,460,131.56,day2_20260821/logs/20260821_170226/mission_1_cb202/start.jpg,3b3aa4e13bdfe36b3cda0f89d1fd57ed,day2_20260821/logs/20260821_170226/mission_1_cb202/finish.jpg,e59c10c083b5ab1a204467666e8e0176
day2_20260821,20260821_172025,day2_20260821/logs/audit_20260821_172025.jsonl,xplorer-b,1,2026-08-21T14:21:12.569+00:00,E4b,E4b.0,E4b-G,0,1,,1,"my gloves are wet, where can I dry them",en,L3b_vlm,,no,9,radiator,,mission_complete,True,0.212,5.234,2.2435,2.2351,-1.6664,4.5539,-0.5949,-1.5363,True,0.020569,0.408172607421875,10062.046527862549,32.49,0,[],True,ALLOW: all checks passed,vlm_landmark,landmark,True,HIGH,ok,e089c782ec4bc1b920c344141b688498,False,6,loaded,0fd61f9e82e8fe6991f0311014384e0c,2026-04-23T10:19:36.377832Z,True,460,129.4,day2_20260821/logs/20260821_172025/mission_1_radiator/start.jpg,68f46c837f8d3eb7c7a00c0ba06b899d,day2_20260821/logs/20260821_172025/mission_1_radiator/finish.jpg,721fcb065114a861a0938701fdf5f8aa
day2_20260821,20260821_172417,day2_20260821/logs/audit_20260821_172417.jsonl,xplorer-c,1,2026-08-21T14:25:06.012+00:00,E4b,E4b.1,E4b-G,1,1,,1,"my gloves are wet, where can I dry them",en,L3b_vlm,,no,9,radiator,,mission_complete,True,0.119,4.99,2.2395,1.8,-1.5891,4.4949,-0.681,-1.4707,True,0.056179,0.4725456237792969,11265.657901763916,29.78,0,[],True,ALLOW: all checks passed,vlm_landmark,landmark,True,HIGH,ok,e089c782ec4bc1b920c344141b688498,False,6,loaded,0fd61f9e82e8fe6991f0311014384e0c,2026-04-23T10:19:36.377832Z,True,460,136.13,day2_20260821/logs/20260821_172417/mission_1_radiator/start.jpg,dfd941ff6b3abf98d9163db2951ea268,day2_20260821/logs/20260821_172417/mission_1_radiator/finish.jpg,328cd852191ce5e42e59e6572ed5d31d
day2_20260821,20260821_172547,day2_20260821/logs/audit_20260821_172547.jsonl,xplorer-c,1,2026-08-21T14:26:39.800+00:00,E4b,E4b.1,E4b-G,2,1,,1,"my gloves are wet, where can I dry them",en,L3b_vlm,,no,9,radiator,,mission_complete,True,0.176,4.785,2.2462,1.6967,-1.4241,4.416,-0.6453,-1.5893,True,0.04989,0.4239082336425781,11379.67562675476,33.85,0,[],True,ALLOW: all checks passed,vlm_landmark,landmark,True,HIGH,ok,e089c782ec4bc1b920c344141b688498,False,6,loaded,0fd61f9e82e8fe6991f0311014384e0c,2026-04-23T10:19:36.377832Z,True,460,138.07,day2_20260821/logs/20260821_172547/mission_1_radiator/start.jpg,d2a3a57f846eaf850b3c5257c2fb818b,day2_20260821/logs/20260821_172547/mission_1_radiator/finish.jpg,96026de8a1031b3a2124a6d8cf36edf6
day2_20260821,20260821_172706,day2_20260821/logs/audit_20260821_172706.jsonl,xplorer-c,1,2026-08-21T14:28:01.474+00:00,E4b,E4b.1,E4b-G,3,1,,1,"my gloves are wet, where can I dry them",en,L3b_vlm,,no,9,radiator,,mission_complete,True,0.203,4.928,2.1243,1.5752,-1.3806,4.5159,-0.5981,-1.5386,True,0.053034,0.47278404235839844,11328.167915344238,33.22,0,[],True,ALLOW: all checks passed,vlm_landmark,landmark,True,HIGH,ok,e089c782ec4bc1b920c344141b688498,False,6,loaded,0fd61f9e82e8fe6991f0311014384e0c,2026-04-23T10:19:36.377832Z,True,460,135.41,day2_20260821/logs/20260821_172706/mission_1_radiator/start.jpg,38eef0ca5fb59a9237b9d0d1379d04d1,day2_20260821/logs/20260821_172706/mission_1_radiator/finish.jpg,9d1d3265dfa7c856114b3d3c445ab597
day2_20260821,20260821_172836,day2_20260821/logs/audit_20260821_172836.jsonl,xplorer-c,1,2026-08-21T14:29:23.400+00:00,E4b,E4b.1,E4b-G,4,1,,1,"my gloves are wet, where can I dry them",en,L3b_vlm,,no,9,radiator,,mission_complete,True,0.163,4.937,2.1696,1.6707,-1.3506,4.4483,-0.6449,-1.5512,True,0.05762,0.4525184631347656,11222.026586532593,32.08,0,[],True,ALLOW: all checks passed,vlm_landmark,landmark,True,HIGH,ok,e089c782ec4bc1b920c344141b688498,False,6,loaded,0fd61f9e82e8fe6991f0311014384e0c,2026-04-23T10:19:36.377832Z,True,460,138.0,day2_20260821/logs/20260821_172836/mission_1_radiator/start.jpg,a67d2046f0738944b74ae588da6f6bc6,day2_20260821/logs/20260821_172836/mission_1_radiator/finish.jpg,39d9a03a8fc9723f323fb8d45302841b
day2_20260821,20260821_173339,day2_20260821/logs/audit_20260821_173339.jsonl,xplorer-b,1,2026-08-21T14:34:38.435+00:00,E4b,E4b.3,E4b-G,1,1,,1,"my gloves are wet, where can I dry them",en,L3a_m3_preference,0,no,9,radiator,,mission_complete,True,0.186,7.314,2.2666,1.55,-1.4463,4.6566,-0.6994,-1.4241,True,0.023053,0.1010894775390625,0.0,46.12,0,[],True,ALLOW: all checks passed,vlm_landmark,landmark,True,HIGH,ok,e089c782ec4bc1b920c344141b688498,True,1,loaded,5b3f14bc71a1896da5b29a4e655479fa,2026-08-21T14:30:32.033816Z,True,183,134.06,day2_20260821/logs/20260821_173339/mission_1_radiator/start.jpg,c9bc8141d3f35bd17709349ec1062aa8,day2_20260821/logs/20260821_173339/mission_1_radiator/finish.jpg,fae7911afbfdcb2b3c8a4302e2dd9438
day2_20260821,20260821_173514,day2_20260821/logs/audit_20260821_173514.jsonl,xplorer-b,1,2026-08-21T14:35:50.346+00:00,E4b,E4b.3,E4b-G,2,1,,1,"my gloves are wet, where can I dry them",en,L3a_m3_preference,0,no,9,radiator,,mission_complete,True,0.179,4.067,2.3297,1.5806,-1.3912,4.5719,-0.6361,-1.5494,True,0.027536,0.08535385131835938,0.0,27.22,0,[],True,ALLOW: all checks passed,vlm_landmark,landmark,True,HIGH,ok,e089c782ec4bc1b920c344141b688498,True,1,loaded,5b3f14bc71a1896da5b29a4e655479fa,2026-08-21T14:30:32.033816Z,True,183,134.84,day2_20260821/logs/20260821_173514/mission_1_radiator/start.jpg,0bc6e1aa95f566384b6df86108a71a66,day2_20260821/logs/20260821_173514/mission_1_radiator/finish.jpg,6dd060a5b662bf2d093c6d999b25dad8
day2_20260821,20260821_173618,day2_20260821/logs/audit_20260821_173618.jsonl,xplorer-b,1,2026-08-21T14:36:54.947+00:00,E4b,E4b.3,E4b-G,3,1,,1,"my gloves are wet, where can I dry them",en,L3a_m3_preference,0,no,9,radiator,,mission_complete,True,0.176,5.27,2.3264,1.5886,-1.5851,4.642,-0.6952,-1.5917,True,0.021516,0.09632110595703125,0.0,32.6,0,[],True,ALLOW: all checks passed,vlm_landmark,landmark,True,HIGH,ok,e089c782ec4bc1b920c344141b688498,True,1,loaded,5b3f14bc71a1896da5b29a4e655479fa,2026-08-21T14:30:32.033816Z,True,183,143.52,day2_20260821/logs/20260821_173618/mission_1_radiator/start.jpg,6b03c59ccb53c24e8a90108ebc3a4d16,day2_20260821/logs/20260821_173618/mission_1_radiator/finish.jpg,d652bbb212727918025451b1e5827e46
day2_20260821,20260821_173717,day2_20260821/logs/audit_20260821_173717.jsonl,xplorer-b,1,2026-08-21T14:37:47.601+00:00,E4b,E4b.3,E4b-G,4,1,,1,"my gloves are wet, where can I dry them",en,L3a_m3_preference,0,no,9,radiator,,mission_complete,True,0.186,4.589,2.1622,1.6381,-1.3868,4.6353,-0.6723,-1.5393,True,0.022662,0.12254714965820312,0.0,23.66,0,[],True,ALLOW: all checks passed,vlm_landmark,landmark,True,HIGH,ok,e089c782ec4bc1b920c344141b688498,True,1,loaded,5b3f14bc71a1896da5b29a4e655479fa,2026-08-21T14:30:32.033816Z,True,183,145.99,day2_20260821/logs/20260821_173717/mission_1_radiator/start.jpg,dca7bfa3d78f307e2aab874e30b3dd96,day2_20260821/logs/20260821_173717/mission_1_radiator/finish.jpg,dc08616ca7db4001e83cff899010ceb6
day2_20260821,20260821_173949,day2_20260821/logs/audit_20260821_173949.jsonl,xplorer-b,1,2026-08-21T14:41:27.515+00:00,E4b,E4b.N,E4b-NEG,1,1,,1,I need to warm up,en,L3b_vlm,,no,9,radiator,,mission_complete,True,0.186,6.242,2.2818,3.2236,-1.5572,4.5435,-0.6187,-1.4667,True,0.02447,0.3745555877685547,11530.44581413269,34.49,0,[],True,ALLOW: all checks passed,vlm_landmark,landmark,True,HIGH,ok,e089c782ec4bc1b920c344141b688498,False,1,loaded,5b3f14bc71a1896da5b29a4e655479fa,2026-08-21T14:30:32.033816Z,True,183,146.07,day2_20260821/logs/20260821_173949/mission_1_radiator/start.jpg,010234c1bd3f3307ec140c82037e9ddc,day2_20260821/logs/20260821_173949/mission_1_radiator/finish.jpg,927bbe19e98ec9e32a65a78bee86533a
